{
  "type": "FeatureCollection",
  "bbox": [
    -1.6613,
    48.1112,
    -1.6582,
    48.1141
  ],
  "metadata": {
    "schema_version": 1,
    "publisher": "Rennes Métropole",
    "dataset": "arbre",
    "source_url": "https://data.rennesmetropole.fr/explore/dataset/arbre/",
    "license": "Licence ODbL 1.0",
    "license_url": "https://opendatacommons.org/licenses/odbl/",
    "imported_at": "2026-09-10T18:27:58.979Z",
    "source_processed_at": "2026-09-10T07:37:27+00:00",
    "selection": "Points GPS situés dans l’emprise officielle du Parc Hamelin Oberthür ; abattu=1 exclu.",
    "query_url": "https://data.rennesmetropole.fr/api/explore/v2.1/catalog/datasets/arbre/records?where=within%28geo_shape%2C+geom%27POLYGON%28%28-1.6613+48.1112%2C-1.6582+48.1112%2C-1.6582+48.1141%2C-1.6613+48.1141%2C-1.6613+48.1112%29%29%27%29&order_by=id&limit=100",
    "bbox_records": 299,
    "excluded_felled": 0,
    "excluded_outside_park": 20,
    "boundary_source_url": "https://data.rennesmetropole.fr/explore/dataset/espaces_verts/",
    "boundary_source_id": "v_evert_rm.fid--75dfcf00_1a08a2bb262_-74e6",
    "imported_records": 279
  },
  "features": [
    {
      "type": "Feature",
      "id": "rennes-arbre-135311",
      "geometry": {
        "type": "Point",
        "coordinates": [
          -1.65936675107847,
          48.11333461850449
        ]
      },
      "properties": {
        "source_id": 135311,
        "id_gestion": "0473AORN55703",
        "nom": "Erable du Japon",
        "nom_source": "Erable du Japon",
        "nom_scientifique": "Acer japonicum",
        "espece": "japonicum",
        "hauteur_m": 4,
        "circonference_cm": 60,
        "houppier_m": 3,
        "hauteur_1_ere_feuille_m": 1,
        "remarquable": null,
        "description": null,
        "photo_url": null,
        "model_3d_url": null,
        "date_plantation": null,
        "date_maj": null,
        "localisation": "Parc Hamelin Oberthür, Rennes",
        "type_taille": "Cépée",
        "fonction": "Ornement",
        "source_properties": {
          "id": 135311,
          "localisation": "Parc Hamelin Oberthür, Rennes",
          "abattu": 0,
          "nom_commun": "Erable du Japon",
          "genre": "Acer",
          "espece": "japonicum",
          "variete": null,
          "hauteur": 4,
          "circonference": 60,
          "houppier": 3,
          "hauteur_1_ere_feuille": 1,
          "date_plantation": null,
          "date_maj": null,
          "id_gestion": "0473AORN55703",
          "complement": null,
          "type_taille": "Cépée",
          "fonction": "Ornement",
          "gml_id": "arbre.135311",
          "code_insee": "35238",
          "secteur": null,
          "id_regroupement": null,
          "classe_biodiv": null,
          "date_entretien": null,
          "frequence_entretien": null,
          "date_proch_entretien": null
        }
      }
    },
    {
      "type": "Feature",
      "id": "rennes-arbre-135313",
      "geometry": {
        "type": "Point",
        "coordinates": [
          -1.660242234936641,
          48.112441957951745
        ]
      },
      "properties": {
        "source_id": 135313,
        "id_gestion": "0473AORN23460",
        "nom": "If commun",
        "nom_source": "If commun",
        "nom_scientifique": "Taxus baccata",
        "espece": "baccata",
        "hauteur_m": 15,
        "circonference_cm": 215,
        "houppier_m": 8,
        "hauteur_1_ere_feuille_m": 2,
        "remarquable": null,
        "description": null,
        "photo_url": null,
        "model_3d_url": null,
        "date_plantation": null,
        "date_maj": null,
        "localisation": "Parc Hamelin Oberthür, Rennes",
        "type_taille": "Libre",
        "fonction": "Ornement",
        "source_properties": {
          "id": 135313,
          "localisation": "Parc Hamelin Oberthür, Rennes",
          "abattu": 0,
          "nom_commun": "If commun",
          "genre": "Taxus",
          "espece": "baccata",
          "variete": null,
          "hauteur": 15,
          "circonference": 215,
          "houppier": 8,
          "hauteur_1_ere_feuille": 2,
          "date_plantation": null,
          "date_maj": null,
          "id_gestion": "0473AORN23460",
          "complement": null,
          "type_taille": "Libre",
          "fonction": "Ornement",
          "gml_id": "arbre.135313",
          "code_insee": "35238",
          "secteur": null,
          "id_regroupement": null,
          "classe_biodiv": null,
          "date_entretien": null,
          "frequence_entretien": null,
          "date_proch_entretien": null
        }
      }
    },
    {
      "type": "Feature",
      "id": "rennes-arbre-135314",
      "geometry": {
        "type": "Point",
        "coordinates": [
          -1.65983879213446,
          48.11288311300017
        ]
      },
      "properties": {
        "source_id": 135314,
        "id_gestion": "0473AORN55842",
        "nom": "Houx",
        "nom_source": "Houx",
        "nom_scientifique": "Ilex aquifolium",
        "espece": "aquifolium",
        "hauteur_m": 4,
        "circonference_cm": 20,
        "houppier_m": 2,
        "hauteur_1_ere_feuille_m": 2,
        "remarquable": null,
        "description": null,
        "photo_url": null,
        "model_3d_url": null,
        "date_plantation": null,
        "date_maj": null,
        "localisation": "Parc Hamelin Oberthür, Rennes",
        "type_taille": "Libre",
        "fonction": "Ornement",
        "source_properties": {
          "id": 135314,
          "localisation": "Parc Hamelin Oberthür, Rennes",
          "abattu": 0,
          "nom_commun": "Houx",
          "genre": "Ilex",
          "espece": "aquifolium",
          "variete": null,
          "hauteur": 4,
          "circonference": 20,
          "houppier": 2,
          "hauteur_1_ere_feuille": 2,
          "date_plantation": null,
          "date_maj": null,
          "id_gestion": "0473AORN55842",
          "complement": null,
          "type_taille": "Libre",
          "fonction": "Ornement",
          "gml_id": "arbre.135314",
          "code_insee": "35238",
          "secteur": null,
          "id_regroupement": null,
          "classe_biodiv": null,
          "date_entretien": null,
          "frequence_entretien": null,
          "date_proch_entretien": null
        }
      }
    },
    {
      "type": "Feature",
      "id": "rennes-arbre-135317",
      "geometry": {
        "type": "Point",
        "coordinates": [
          -1.659621627439482,
          48.111894534722595
        ]
      },
      "properties": {
        "source_id": 135317,
        "id_gestion": "0473AORN44576",
        "nom": "Sapin d'Espagne",
        "nom_source": "Sapin d'Espagne",
        "nom_scientifique": "Abies pinsapo",
        "espece": "pinsapo",
        "hauteur_m": 15,
        "circonference_cm": 115,
        "houppier_m": 4,
        "hauteur_1_ere_feuille_m": 1,
        "remarquable": null,
        "description": null,
        "photo_url": null,
        "model_3d_url": null,
        "date_plantation": null,
        "date_maj": null,
        "localisation": "Parc Hamelin Oberthür, Rennes",
        "type_taille": "Libre",
        "fonction": "Ornement",
        "source_properties": {
          "id": 135317,
          "localisation": "Parc Hamelin Oberthür, Rennes",
          "abattu": 0,
          "nom_commun": "Sapin d'Espagne",
          "genre": "Abies",
          "espece": "pinsapo",
          "variete": null,
          "hauteur": 15,
          "circonference": 115,
          "houppier": 4,
          "hauteur_1_ere_feuille": 1,
          "date_plantation": null,
          "date_maj": null,
          "id_gestion": "0473AORN44576",
          "complement": null,
          "type_taille": "Libre",
          "fonction": "Ornement",
          "gml_id": "arbre.135317",
          "code_insee": "35238",
          "secteur": null,
          "id_regroupement": null,
          "classe_biodiv": null,
          "date_entretien": null,
          "frequence_entretien": null,
          "date_proch_entretien": null
        }
      }
    },
    {
      "type": "Feature",
      "id": "rennes-arbre-135318",
      "geometry": {
        "type": "Point",
        "coordinates": [
          -1.65859503055669,
          48.11215243709549
        ]
      },
      "properties": {
        "source_id": 135318,
        "id_gestion": "0473AORN55001",
        "nom": "Sureau noir",
        "nom_source": "Sureau noir",
        "nom_scientifique": "Sambucus nigra",
        "espece": "nigra",
        "hauteur_m": 5,
        "circonference_cm": 200,
        "houppier_m": 4,
        "hauteur_1_ere_feuille_m": 1,
        "remarquable": null,
        "description": null,
        "photo_url": null,
        "model_3d_url": null,
        "date_plantation": null,
        "date_maj": null,
        "localisation": "Parc Hamelin Oberthür, Rennes",
        "type_taille": "Cépée",
        "fonction": "Ornement",
        "source_properties": {
          "id": 135318,
          "localisation": "Parc Hamelin Oberthür, Rennes",
          "abattu": 0,
          "nom_commun": "Sureau noir",
          "genre": "Sambucus",
          "espece": "nigra",
          "variete": null,
          "hauteur": 5,
          "circonference": 200,
          "houppier": 4,
          "hauteur_1_ere_feuille": 1,
          "date_plantation": null,
          "date_maj": null,
          "id_gestion": "0473AORN55001",
          "complement": null,
          "type_taille": "Cépée",
          "fonction": "Ornement",
          "gml_id": "arbre.135318",
          "code_insee": "35238",
          "secteur": null,
          "id_regroupement": null,
          "classe_biodiv": null,
          "date_entretien": null,
          "frequence_entretien": null,
          "date_proch_entretien": null
        }
      }
    },
    {
      "type": "Feature",
      "id": "rennes-arbre-135319",
      "geometry": {
        "type": "Point",
        "coordinates": [
          -1.659123879210697,
          48.11201169738453
        ]
      },
      "properties": {
        "source_id": 135319,
        "id_gestion": "0473AORN54713",
        "nom": "Houx",
        "nom_source": "Houx",
        "nom_scientifique": "Ilex aquifolium J.C Van Tol",
        "espece": "aquifolium",
        "hauteur_m": 13,
        "circonference_cm": 120,
        "houppier_m": 8,
        "hauteur_1_ere_feuille_m": 2,
        "remarquable": null,
        "description": null,
        "photo_url": null,
        "model_3d_url": null,
        "date_plantation": null,
        "date_maj": null,
        "localisation": "Parc Hamelin Oberthür, Rennes",
        "type_taille": "Libre",
        "fonction": "Ornement",
        "source_properties": {
          "id": 135319,
          "localisation": "Parc Hamelin Oberthür, Rennes",
          "abattu": 0,
          "nom_commun": "Houx",
          "genre": "Ilex",
          "espece": "aquifolium",
          "variete": "J.C Van Tol",
          "hauteur": 13,
          "circonference": 120,
          "houppier": 8,
          "hauteur_1_ere_feuille": 2,
          "date_plantation": null,
          "date_maj": null,
          "id_gestion": "0473AORN54713",
          "complement": null,
          "type_taille": "Libre",
          "fonction": "Ornement",
          "gml_id": "arbre.135319",
          "code_insee": "35238",
          "secteur": null,
          "id_regroupement": null,
          "classe_biodiv": null,
          "date_entretien": null,
          "frequence_entretien": null,
          "date_proch_entretien": null
        }
      }
    },
    {
      "type": "Feature",
      "id": "rennes-arbre-135321",
      "geometry": {
        "type": "Point",
        "coordinates": [
          -1.658731204563211,
          48.11240530275628
        ]
      },
      "properties": {
        "source_id": 135321,
        "id_gestion": "0473AORN13971",
        "nom": "Cyprès de Lawson",
        "nom_source": "Cyprès de Lawson",
        "nom_scientifique": "Chamaecyparis lawsoniana Allumii",
        "espece": "lawsoniana",
        "hauteur_m": 10,
        "circonference_cm": 100,
        "houppier_m": 4,
        "hauteur_1_ere_feuille_m": 2,
        "remarquable": null,
        "description": null,
        "photo_url": null,
        "model_3d_url": null,
        "date_plantation": null,
        "date_maj": null,
        "localisation": "Parc Hamelin Oberthür, Rennes",
        "type_taille": "Libre",
        "fonction": "Ornement",
        "source_properties": {
          "id": 135321,
          "localisation": "Parc Hamelin Oberthür, Rennes",
          "abattu": 0,
          "nom_commun": "Cyprès de Lawson",
          "genre": "Chamaecyparis",
          "espece": "lawsoniana",
          "variete": "Allumii",
          "hauteur": 10,
          "circonference": 100,
          "houppier": 4,
          "hauteur_1_ere_feuille": 2,
          "date_plantation": null,
          "date_maj": null,
          "id_gestion": "0473AORN13971",
          "complement": null,
          "type_taille": "Libre",
          "fonction": "Ornement",
          "gml_id": "arbre.135321",
          "code_insee": "35238",
          "secteur": null,
          "id_regroupement": null,
          "classe_biodiv": null,
          "date_entretien": null,
          "frequence_entretien": null,
          "date_proch_entretien": null
        }
      }
    },
    {
      "type": "Feature",
      "id": "rennes-arbre-135322",
      "geometry": {
        "type": "Point",
        "coordinates": [
          -1.660908658007831,
          48.11342513560231
        ]
      },
      "properties": {
        "source_id": 135322,
        "id_gestion": "0473AORN33099",
        "nom": "Arbre à soie",
        "nom_source": "Arbre à soie",
        "nom_scientifique": "Albizzia julibrissin",
        "espece": "julibrissin",
        "hauteur_m": 11,
        "circonference_cm": 70,
        "houppier_m": 8,
        "hauteur_1_ere_feuille_m": 4,
        "remarquable": null,
        "description": null,
        "photo_url": null,
        "model_3d_url": null,
        "date_plantation": null,
        "date_maj": null,
        "localisation": "Parc Hamelin Oberthür, Rennes",
        "type_taille": "Libre",
        "fonction": "Ornement",
        "source_properties": {
          "id": 135322,
          "localisation": "Parc Hamelin Oberthür, Rennes",
          "abattu": 0,
          "nom_commun": "Arbre à soie",
          "genre": "Albizzia",
          "espece": "julibrissin",
          "variete": null,
          "hauteur": 11,
          "circonference": 70,
          "houppier": 8,
          "hauteur_1_ere_feuille": 4,
          "date_plantation": null,
          "date_maj": null,
          "id_gestion": "0473AORN33099",
          "complement": null,
          "type_taille": "Libre",
          "fonction": "Ornement",
          "gml_id": "arbre.135322",
          "code_insee": "35238",
          "secteur": null,
          "id_regroupement": null,
          "classe_biodiv": null,
          "date_entretien": null,
          "frequence_entretien": null,
          "date_proch_entretien": null
        }
      }
    },
    {
      "type": "Feature",
      "id": "rennes-arbre-135324",
      "geometry": {
        "type": "Point",
        "coordinates": [
          -1.659759381956774,
          48.112072040774756
        ]
      },
      "properties": {
        "source_id": 135324,
        "id_gestion": "0473AORN39513",
        "nom": "Sapin de Nordmann",
        "nom_source": "Sapin de Nordmann",
        "nom_scientifique": "Abies nordmanniana",
        "espece": "nordmanniana",
        "hauteur_m": 10,
        "circonference_cm": 120,
        "houppier_m": 3,
        "hauteur_1_ere_feuille_m": 1,
        "remarquable": null,
        "description": null,
        "photo_url": null,
        "model_3d_url": null,
        "date_plantation": null,
        "date_maj": null,
        "localisation": "Parc Hamelin Oberthür, Rennes",
        "type_taille": "Libre",
        "fonction": "Ornement",
        "source_properties": {
          "id": 135324,
          "localisation": "Parc Hamelin Oberthür, Rennes",
          "abattu": 0,
          "nom_commun": "Sapin de Nordmann",
          "genre": "Abies",
          "espece": "nordmanniana",
          "variete": null,
          "hauteur": 10,
          "circonference": 120,
          "houppier": 3,
          "hauteur_1_ere_feuille": 1,
          "date_plantation": null,
          "date_maj": null,
          "id_gestion": "0473AORN39513",
          "complement": null,
          "type_taille": "Libre",
          "fonction": "Ornement",
          "gml_id": "arbre.135324",
          "code_insee": "35238",
          "secteur": null,
          "id_regroupement": null,
          "classe_biodiv": null,
          "date_entretien": null,
          "frequence_entretien": null,
          "date_proch_entretien": null
        }
      }
    },
    {
      "type": "Feature",
      "id": "rennes-arbre-135325",
      "geometry": {
        "type": "Point",
        "coordinates": [
          -1.659877102211142,
          48.11185427803572
        ]
      },
      "properties": {
        "source_id": 135325,
        "id_gestion": "0473AORN44587",
        "nom": "Cyprès de Lawson",
        "nom_source": "Cyprès de Lawson",
        "nom_scientifique": "Chamaecyparis lawsoniana",
        "espece": "lawsoniana",
        "hauteur_m": 12,
        "circonference_cm": 160,
        "houppier_m": 4,
        "hauteur_1_ere_feuille_m": 1,
        "remarquable": null,
        "description": null,
        "photo_url": null,
        "model_3d_url": null,
        "date_plantation": null,
        "date_maj": null,
        "localisation": "Parc Hamelin Oberthür, Rennes",
        "type_taille": "Libre",
        "fonction": "Ornement",
        "source_properties": {
          "id": 135325,
          "localisation": "Parc Hamelin Oberthür, Rennes",
          "abattu": 0,
          "nom_commun": "Cyprès de Lawson",
          "genre": "Chamaecyparis",
          "espece": "lawsoniana",
          "variete": null,
          "hauteur": 12,
          "circonference": 160,
          "houppier": 4,
          "hauteur_1_ere_feuille": 1,
          "date_plantation": null,
          "date_maj": null,
          "id_gestion": "0473AORN44587",
          "complement": null,
          "type_taille": "Libre",
          "fonction": "Ornement",
          "gml_id": "arbre.135325",
          "code_insee": "35238",
          "secteur": null,
          "id_regroupement": null,
          "classe_biodiv": null,
          "date_entretien": null,
          "frequence_entretien": null,
          "date_proch_entretien": null
        }
      }
    },
    {
      "type": "Feature",
      "id": "rennes-arbre-135326",
      "geometry": {
        "type": "Point",
        "coordinates": [
          -1.658690505096733,
          48.11232259530747
        ]
      },
      "properties": {
        "source_id": 135326,
        "id_gestion": "0473AORN69789",
        "nom": "Cyprès de Lawson",
        "nom_source": "Cyprès de Lawson",
        "nom_scientifique": "Chamaecyparis lawsoniana Allumii",
        "espece": "lawsoniana",
        "hauteur_m": 16,
        "circonference_cm": 115,
        "houppier_m": 4,
        "hauteur_1_ere_feuille_m": 2,
        "remarquable": null,
        "description": null,
        "photo_url": null,
        "model_3d_url": null,
        "date_plantation": null,
        "date_maj": null,
        "localisation": "Parc Hamelin Oberthür, Rennes",
        "type_taille": "Libre",
        "fonction": "Ornement",
        "source_properties": {
          "id": 135326,
          "localisation": "Parc Hamelin Oberthür, Rennes",
          "abattu": 0,
          "nom_commun": "Cyprès de Lawson",
          "genre": "Chamaecyparis",
          "espece": "lawsoniana",
          "variete": "Allumii",
          "hauteur": 16,
          "circonference": 115,
          "houppier": 4,
          "hauteur_1_ere_feuille": 2,
          "date_plantation": null,
          "date_maj": null,
          "id_gestion": "0473AORN69789",
          "complement": null,
          "type_taille": "Libre",
          "fonction": "Ornement",
          "gml_id": "arbre.135326",
          "code_insee": "35238",
          "secteur": null,
          "id_regroupement": null,
          "classe_biodiv": null,
          "date_entretien": null,
          "frequence_entretien": null,
          "date_proch_entretien": null
        }
      }
    },
    {
      "type": "Feature",
      "id": "rennes-arbre-135327",
      "geometry": {
        "type": "Point",
        "coordinates": [
          -1.659404052455678,
          48.112222111053136
        ]
      },
      "properties": {
        "source_id": 135327,
        "id_gestion": "0473AORN53138",
        "nom": "Copalme d'Amérique",
        "nom_source": "Copalme d'Amérique",
        "nom_scientifique": "Liquidambar styraciflua",
        "espece": "styraciflua",
        "hauteur_m": 22,
        "circonference_cm": 145,
        "houppier_m": 4,
        "hauteur_1_ere_feuille_m": 4,
        "remarquable": null,
        "description": null,
        "photo_url": null,
        "model_3d_url": null,
        "date_plantation": null,
        "date_maj": null,
        "localisation": "Parc Hamelin Oberthür, Rennes",
        "type_taille": "Cépée",
        "fonction": "Ornement",
        "source_properties": {
          "id": 135327,
          "localisation": "Parc Hamelin Oberthür, Rennes",
          "abattu": 0,
          "nom_commun": "Copalme d'Amérique",
          "genre": "Liquidambar",
          "espece": "styraciflua",
          "variete": null,
          "hauteur": 22,
          "circonference": 145,
          "houppier": 4,
          "hauteur_1_ere_feuille": 4,
          "date_plantation": null,
          "date_maj": null,
          "id_gestion": "0473AORN53138",
          "complement": null,
          "type_taille": "Cépée",
          "fonction": "Ornement",
          "gml_id": "arbre.135327",
          "code_insee": "35238",
          "secteur": null,
          "id_regroupement": null,
          "classe_biodiv": null,
          "date_entretien": null,
          "frequence_entretien": null,
          "date_proch_entretien": null
        }
      }
    },
    {
      "type": "Feature",
      "id": "rennes-arbre-135328",
      "geometry": {
        "type": "Point",
        "coordinates": [
          -1.66062676534884,
          48.113054248086975
        ]
      },
      "properties": {
        "source_id": 135328,
        "id_gestion": "0473AORN7759",
        "nom": "If commun",
        "nom_source": "If commun",
        "nom_scientifique": "Taxus baccata",
        "espece": "baccata",
        "hauteur_m": 16,
        "circonference_cm": 210,
        "houppier_m": 8,
        "hauteur_1_ere_feuille_m": 4,
        "remarquable": null,
        "description": null,
        "photo_url": null,
        "model_3d_url": null,
        "date_plantation": null,
        "date_maj": null,
        "localisation": "Parc Hamelin Oberthür, Rennes",
        "type_taille": "Libre",
        "fonction": "Ornement",
        "source_properties": {
          "id": 135328,
          "localisation": "Parc Hamelin Oberthür, Rennes",
          "abattu": 0,
          "nom_commun": "If commun",
          "genre": "Taxus",
          "espece": "baccata",
          "variete": null,
          "hauteur": 16,
          "circonference": 210,
          "houppier": 8,
          "hauteur_1_ere_feuille": 4,
          "date_plantation": null,
          "date_maj": null,
          "id_gestion": "0473AORN7759",
          "complement": null,
          "type_taille": "Libre",
          "fonction": "Ornement",
          "gml_id": "arbre.135328",
          "code_insee": "35238",
          "secteur": null,
          "id_regroupement": null,
          "classe_biodiv": null,
          "date_entretien": null,
          "frequence_entretien": null,
          "date_proch_entretien": null
        }
      }
    },
    {
      "type": "Feature",
      "id": "rennes-arbre-135329",
      "geometry": {
        "type": "Point",
        "coordinates": [
          -1.659213196332038,
          48.11236096898772
        ]
      },
      "properties": {
        "source_id": 135329,
        "id_gestion": "0473AORN2233",
        "nom": "Séquoia géant",
        "nom_source": "Séquoia géant",
        "nom_scientifique": "Sequoiadendron giganteum",
        "espece": "giganteum",
        "hauteur_m": 31,
        "circonference_cm": 370,
        "houppier_m": 8,
        "hauteur_1_ere_feuille_m": 3,
        "remarquable": null,
        "description": null,
        "photo_url": null,
        "model_3d_url": null,
        "date_plantation": null,
        "date_maj": null,
        "localisation": "Parc Hamelin Oberthür, Rennes",
        "type_taille": "Libre",
        "fonction": "Ornement",
        "source_properties": {
          "id": 135329,
          "localisation": "Parc Hamelin Oberthür, Rennes",
          "abattu": 0,
          "nom_commun": "Séquoia géant",
          "genre": "Sequoiadendron",
          "espece": "giganteum",
          "variete": null,
          "hauteur": 31,
          "circonference": 370,
          "houppier": 8,
          "hauteur_1_ere_feuille": 3,
          "date_plantation": null,
          "date_maj": null,
          "id_gestion": "0473AORN2233",
          "complement": null,
          "type_taille": "Libre",
          "fonction": "Ornement",
          "gml_id": "arbre.135329",
          "code_insee": "35238",
          "secteur": null,
          "id_regroupement": null,
          "classe_biodiv": null,
          "date_entretien": null,
          "frequence_entretien": null,
          "date_proch_entretien": null
        }
      }
    },
    {
      "type": "Feature",
      "id": "rennes-arbre-135330",
      "geometry": {
        "type": "Point",
        "coordinates": [
          -1.658963642230985,
          48.11186691717081
        ]
      },
      "properties": {
        "source_id": 135330,
        "id_gestion": "0473AORN30644",
        "nom": "Laurier palme",
        "nom_source": "Laurier palme",
        "nom_scientifique": "Prunus laurocerasus",
        "espece": "laurocerasus",
        "hauteur_m": 4,
        "circonference_cm": 300,
        "houppier_m": 8,
        "hauteur_1_ere_feuille_m": null,
        "remarquable": null,
        "description": null,
        "photo_url": null,
        "model_3d_url": null,
        "date_plantation": null,
        "date_maj": null,
        "localisation": "Parc Hamelin Oberthür, Rennes",
        "type_taille": "Cépée",
        "fonction": "Ornement",
        "source_properties": {
          "id": 135330,
          "localisation": "Parc Hamelin Oberthür, Rennes",
          "abattu": 0,
          "nom_commun": "Laurier palme",
          "genre": "Prunus",
          "espece": "laurocerasus",
          "variete": null,
          "hauteur": 4,
          "circonference": 300,
          "houppier": 8,
          "hauteur_1_ere_feuille": 0,
          "date_plantation": null,
          "date_maj": null,
          "id_gestion": "0473AORN30644",
          "complement": null,
          "type_taille": "Cépée",
          "fonction": "Ornement",
          "gml_id": "arbre.135330",
          "code_insee": "35238",
          "secteur": null,
          "id_regroupement": null,
          "classe_biodiv": null,
          "date_entretien": null,
          "frequence_entretien": null,
          "date_proch_entretien": null
        }
      }
    },
    {
      "type": "Feature",
      "id": "rennes-arbre-135333",
      "geometry": {
        "type": "Point",
        "coordinates": [
          -1.66010517423609,
          48.11372947586972
        ]
      },
      "properties": {
        "source_id": 135333,
        "id_gestion": "0473AORN64532",
        "nom": "Tilleul à grandes feuilles",
        "nom_source": "Tilleul à grandes feuilles",
        "nom_scientifique": "Tilia platyphyllos",
        "espece": "platyphyllos",
        "hauteur_m": 18,
        "circonference_cm": 400,
        "houppier_m": 14,
        "hauteur_1_ere_feuille_m": 2,
        "remarquable": null,
        "description": null,
        "photo_url": null,
        "model_3d_url": null,
        "date_plantation": null,
        "date_maj": null,
        "localisation": "Parc Hamelin Oberthür, Rennes",
        "type_taille": "Libre",
        "fonction": "Ornement",
        "source_properties": {
          "id": 135333,
          "localisation": "Parc Hamelin Oberthür, Rennes",
          "abattu": 0,
          "nom_commun": "Tilleul à grandes feuilles",
          "genre": "Tilia",
          "espece": "platyphyllos",
          "variete": null,
          "hauteur": 18,
          "circonference": 400,
          "houppier": 14,
          "hauteur_1_ere_feuille": 2,
          "date_plantation": null,
          "date_maj": null,
          "id_gestion": "0473AORN64532",
          "complement": null,
          "type_taille": "Libre",
          "fonction": "Ornement",
          "gml_id": "arbre.135333",
          "code_insee": "35238",
          "secteur": null,
          "id_regroupement": null,
          "classe_biodiv": null,
          "date_entretien": null,
          "frequence_entretien": null,
          "date_proch_entretien": null
        }
      }
    },
    {
      "type": "Feature",
      "id": "rennes-arbre-135336",
      "geometry": {
        "type": "Point",
        "coordinates": [
          -1.65924613731338,
          48.11224946054605
        ]
      },
      "properties": {
        "source_id": 135336,
        "id_gestion": "0473AORN48366",
        "nom": "Séquoia géant",
        "nom_source": "Séquoia géant",
        "nom_scientifique": "Sequoiadendron giganteum",
        "espece": "giganteum",
        "hauteur_m": 29,
        "circonference_cm": 470,
        "houppier_m": 8,
        "hauteur_1_ere_feuille_m": 4,
        "remarquable": null,
        "description": null,
        "photo_url": null,
        "model_3d_url": null,
        "date_plantation": null,
        "date_maj": null,
        "localisation": "Parc Hamelin Oberthür, Rennes",
        "type_taille": "Libre",
        "fonction": "Ornement",
        "source_properties": {
          "id": 135336,
          "localisation": "Parc Hamelin Oberthür, Rennes",
          "abattu": 0,
          "nom_commun": "Séquoia géant",
          "genre": "Sequoiadendron",
          "espece": "giganteum",
          "variete": null,
          "hauteur": 29,
          "circonference": 470,
          "houppier": 8,
          "hauteur_1_ere_feuille": 4,
          "date_plantation": null,
          "date_maj": null,
          "id_gestion": "0473AORN48366",
          "complement": null,
          "type_taille": "Libre",
          "fonction": "Ornement",
          "gml_id": "arbre.135336",
          "code_insee": "35238",
          "secteur": null,
          "id_regroupement": null,
          "classe_biodiv": null,
          "date_entretien": null,
          "frequence_entretien": null,
          "date_proch_entretien": null
        }
      }
    },
    {
      "type": "Feature",
      "id": "rennes-arbre-135337",
      "geometry": {
        "type": "Point",
        "coordinates": [
          -1.65957005696977,
          48.11360914586908
        ]
      },
      "properties": {
        "source_id": 135337,
        "id_gestion": "0473AORN39825",
        "nom": "Laurier sauce",
        "nom_source": "Laurier sauce",
        "nom_scientifique": "Laurus nobilis",
        "espece": "nobilis",
        "hauteur_m": 4,
        "circonference_cm": 180,
        "houppier_m": 2,
        "hauteur_1_ere_feuille_m": null,
        "remarquable": null,
        "description": null,
        "photo_url": null,
        "model_3d_url": null,
        "date_plantation": null,
        "date_maj": null,
        "localisation": "Parc Hamelin Oberthür, Rennes",
        "type_taille": "Cépée",
        "fonction": "Ornement",
        "source_properties": {
          "id": 135337,
          "localisation": "Parc Hamelin Oberthür, Rennes",
          "abattu": 0,
          "nom_commun": "Laurier sauce",
          "genre": "Laurus",
          "espece": "nobilis",
          "variete": null,
          "hauteur": 4,
          "circonference": 180,
          "houppier": 2,
          "hauteur_1_ere_feuille": 0,
          "date_plantation": null,
          "date_maj": null,
          "id_gestion": "0473AORN39825",
          "complement": null,
          "type_taille": "Cépée",
          "fonction": "Ornement",
          "gml_id": "arbre.135337",
          "code_insee": "35238",
          "secteur": null,
          "id_regroupement": null,
          "classe_biodiv": null,
          "date_entretien": null,
          "frequence_entretien": null,
          "date_proch_entretien": null
        }
      }
    },
    {
      "type": "Feature",
      "id": "rennes-arbre-135339",
      "geometry": {
        "type": "Point",
        "coordinates": [
          -1.659462573107237,
          48.111831998496086
        ]
      },
      "properties": {
        "source_id": 135339,
        "id_gestion": "0473AORN31862",
        "nom": "Raisinier de Chine",
        "nom_source": "Raisinier de Chine",
        "nom_scientifique": "Hovenia dulcis",
        "espece": "dulcis",
        "hauteur_m": 8,
        "circonference_cm": 50,
        "houppier_m": 3,
        "hauteur_1_ere_feuille_m": 3,
        "remarquable": null,
        "description": null,
        "photo_url": null,
        "model_3d_url": null,
        "date_plantation": null,
        "date_maj": null,
        "localisation": null,
        "type_taille": "Libre",
        "fonction": "Ornement",
        "source_properties": {
          "id": 135339,
          "localisation": null,
          "abattu": 0,
          "nom_commun": "Raisinier de Chine",
          "genre": "Hovenia",
          "espece": "dulcis",
          "variete": null,
          "hauteur": 8,
          "circonference": 50,
          "houppier": 3,
          "hauteur_1_ere_feuille": 3,
          "date_plantation": null,
          "date_maj": null,
          "id_gestion": "0473AORN31862",
          "complement": null,
          "type_taille": "Libre",
          "fonction": "Ornement",
          "gml_id": "arbre.135339",
          "code_insee": "35238",
          "secteur": null,
          "id_regroupement": null,
          "classe_biodiv": null,
          "date_entretien": null,
          "frequence_entretien": null,
          "date_proch_entretien": null
        }
      }
    },
    {
      "type": "Feature",
      "id": "rennes-arbre-135340",
      "geometry": {
        "type": "Point",
        "coordinates": [
          -1.660498023225577,
          48.112883424789764
        ]
      },
      "properties": {
        "source_id": 135340,
        "id_gestion": "0473AORN47151",
        "nom": "If commun",
        "nom_source": "If commun",
        "nom_scientifique": "Taxus baccata",
        "espece": "baccata",
        "hauteur_m": 12,
        "circonference_cm": 95,
        "houppier_m": 4,
        "hauteur_1_ere_feuille_m": 2,
        "remarquable": null,
        "description": null,
        "photo_url": null,
        "model_3d_url": null,
        "date_plantation": null,
        "date_maj": null,
        "localisation": "Parc Hamelin Oberthür, Rennes",
        "type_taille": "Libre",
        "fonction": "Ornement",
        "source_properties": {
          "id": 135340,
          "localisation": "Parc Hamelin Oberthür, Rennes",
          "abattu": 0,
          "nom_commun": "If commun",
          "genre": "Taxus",
          "espece": "baccata",
          "variete": null,
          "hauteur": 12,
          "circonference": 95,
          "houppier": 4,
          "hauteur_1_ere_feuille": 2,
          "date_plantation": null,
          "date_maj": null,
          "id_gestion": "0473AORN47151",
          "complement": null,
          "type_taille": "Libre",
          "fonction": "Ornement",
          "gml_id": "arbre.135340",
          "code_insee": "35238",
          "secteur": null,
          "id_regroupement": null,
          "classe_biodiv": null,
          "date_entretien": null,
          "frequence_entretien": null,
          "date_proch_entretien": null
        }
      }
    },
    {
      "type": "Feature",
      "id": "rennes-arbre-135341",
      "geometry": {
        "type": "Point",
        "coordinates": [
          -1.65953158747484,
          48.11155590263385
        ]
      },
      "properties": {
        "source_id": 135341,
        "id_gestion": "0473AORN42870",
        "nom": "Marronnier d'Inde",
        "nom_source": "Marronnier d'Inde",
        "nom_scientifique": "Aesculus hippocastanum",
        "espece": "hippocastanum",
        "hauteur_m": 20,
        "circonference_cm": 220,
        "houppier_m": 10,
        "hauteur_1_ere_feuille_m": 6,
        "remarquable": null,
        "description": null,
        "photo_url": null,
        "model_3d_url": null,
        "date_plantation": null,
        "date_maj": null,
        "localisation": "Parc Hamelin Oberthür, Rennes",
        "type_taille": "Libre",
        "fonction": "Ornement",
        "source_properties": {
          "id": 135341,
          "localisation": "Parc Hamelin Oberthür, Rennes",
          "abattu": 0,
          "nom_commun": "Marronnier d'Inde",
          "genre": "Aesculus",
          "espece": "hippocastanum",
          "variete": null,
          "hauteur": 20,
          "circonference": 220,
          "houppier": 10,
          "hauteur_1_ere_feuille": 6,
          "date_plantation": null,
          "date_maj": null,
          "id_gestion": "0473AORN42870",
          "complement": null,
          "type_taille": "Libre",
          "fonction": "Ornement",
          "gml_id": "arbre.135341",
          "code_insee": "35238",
          "secteur": null,
          "id_regroupement": null,
          "classe_biodiv": null,
          "date_entretien": null,
          "frequence_entretien": null,
          "date_proch_entretien": null
        }
      }
    },
    {
      "type": "Feature",
      "id": "rennes-arbre-135342",
      "geometry": {
        "type": "Point",
        "coordinates": [
          -1.659446052136899,
          48.11288650343759
        ]
      },
      "properties": {
        "source_id": 135342,
        "id_gestion": "0473AORN17056",
        "nom": "Chêne pédonculé",
        "nom_source": "Chêne pédonculé",
        "nom_scientifique": "Quercus robur",
        "espece": "robur",
        "hauteur_m": 24,
        "circonference_cm": 410,
        "houppier_m": 15,
        "hauteur_1_ere_feuille_m": 2,
        "remarquable": null,
        "description": null,
        "photo_url": null,
        "model_3d_url": null,
        "date_plantation": null,
        "date_maj": null,
        "localisation": "Parc Hamelin Oberthür, Rennes",
        "type_taille": "Libre",
        "fonction": "Ornement",
        "source_properties": {
          "id": 135342,
          "localisation": "Parc Hamelin Oberthür, Rennes",
          "abattu": 0,
          "nom_commun": "Chêne pédonculé",
          "genre": "Quercus",
          "espece": "robur",
          "variete": null,
          "hauteur": 24,
          "circonference": 410,
          "houppier": 15,
          "hauteur_1_ere_feuille": 2,
          "date_plantation": null,
          "date_maj": null,
          "id_gestion": "0473AORN17056",
          "complement": null,
          "type_taille": "Libre",
          "fonction": "Ornement",
          "gml_id": "arbre.135342",
          "code_insee": "35238",
          "secteur": null,
          "id_regroupement": null,
          "classe_biodiv": null,
          "date_entretien": null,
          "frequence_entretien": null,
          "date_proch_entretien": null
        }
      }
    },
    {
      "type": "Feature",
      "id": "rennes-arbre-135343",
      "geometry": {
        "type": "Point",
        "coordinates": [
          -1.658506663643578,
          48.111882905710125
        ]
      },
      "properties": {
        "source_id": 135343,
        "id_gestion": "0473AORN71810",
        "nom": "Chêne vert",
        "nom_source": "Chêne vert",
        "nom_scientifique": "Quercus ilex",
        "espece": "ilex",
        "hauteur_m": 18,
        "circonference_cm": 205,
        "houppier_m": 16,
        "hauteur_1_ere_feuille_m": 5,
        "remarquable": null,
        "description": null,
        "photo_url": null,
        "model_3d_url": null,
        "date_plantation": null,
        "date_maj": null,
        "localisation": "Parc Hamelin Oberthür, Rennes",
        "type_taille": "Libre",
        "fonction": "Ornement",
        "source_properties": {
          "id": 135343,
          "localisation": "Parc Hamelin Oberthür, Rennes",
          "abattu": 0,
          "nom_commun": "Chêne vert",
          "genre": "Quercus",
          "espece": "ilex",
          "variete": null,
          "hauteur": 18,
          "circonference": 205,
          "houppier": 16,
          "hauteur_1_ere_feuille": 5,
          "date_plantation": null,
          "date_maj": null,
          "id_gestion": "0473AORN71810",
          "complement": null,
          "type_taille": "Libre",
          "fonction": "Ornement",
          "gml_id": "arbre.135343",
          "code_insee": "35238",
          "secteur": null,
          "id_regroupement": null,
          "classe_biodiv": null,
          "date_entretien": null,
          "frequence_entretien": null,
          "date_proch_entretien": null
        }
      }
    },
    {
      "type": "Feature",
      "id": "rennes-arbre-135344",
      "geometry": {
        "type": "Point",
        "coordinates": [
          -1.658897828930228,
          48.112735103378405
        ]
      },
      "properties": {
        "source_id": 135344,
        "id_gestion": "0473AORN2012",
        "nom": "Erable sycomore",
        "nom_source": "Erable sycomore",
        "nom_scientifique": "Acer pseudoplatanus",
        "espece": "pseudoplatanus",
        "hauteur_m": 22,
        "circonference_cm": 140,
        "houppier_m": 8,
        "hauteur_1_ere_feuille_m": 4,
        "remarquable": null,
        "description": null,
        "photo_url": null,
        "model_3d_url": null,
        "date_plantation": null,
        "date_maj": null,
        "localisation": "Parc Hamelin Oberthür, Rennes",
        "type_taille": "Libre",
        "fonction": "Ornement",
        "source_properties": {
          "id": 135344,
          "localisation": "Parc Hamelin Oberthür, Rennes",
          "abattu": 0,
          "nom_commun": "Erable sycomore",
          "genre": "Acer",
          "espece": "pseudoplatanus",
          "variete": null,
          "hauteur": 22,
          "circonference": 140,
          "houppier": 8,
          "hauteur_1_ere_feuille": 4,
          "date_plantation": null,
          "date_maj": null,
          "id_gestion": "0473AORN2012",
          "complement": null,
          "type_taille": "Libre",
          "fonction": "Ornement",
          "gml_id": "arbre.135344",
          "code_insee": "35238",
          "secteur": null,
          "id_regroupement": null,
          "classe_biodiv": null,
          "date_entretien": null,
          "frequence_entretien": null,
          "date_proch_entretien": null
        }
      }
    },
    {
      "type": "Feature",
      "id": "rennes-arbre-135347",
      "geometry": {
        "type": "Point",
        "coordinates": [
          -1.660002547446617,
          48.11204955244714
        ]
      },
      "properties": {
        "source_id": 135347,
        "id_gestion": "0473AORN63407",
        "nom": "If commun",
        "nom_source": "If commun",
        "nom_scientifique": "Taxus baccata",
        "espece": "baccata",
        "hauteur_m": 9,
        "circonference_cm": 180,
        "houppier_m": 7,
        "hauteur_1_ere_feuille_m": null,
        "remarquable": null,
        "description": null,
        "photo_url": null,
        "model_3d_url": null,
        "date_plantation": null,
        "date_maj": null,
        "localisation": "Parc Hamelin Oberthür, Rennes",
        "type_taille": "Libre",
        "fonction": "Ornement",
        "source_properties": {
          "id": 135347,
          "localisation": "Parc Hamelin Oberthür, Rennes",
          "abattu": 0,
          "nom_commun": "If commun",
          "genre": "Taxus",
          "espece": "baccata",
          "variete": null,
          "hauteur": 9,
          "circonference": 180,
          "houppier": 7,
          "hauteur_1_ere_feuille": 0,
          "date_plantation": null,
          "date_maj": null,
          "id_gestion": "0473AORN63407",
          "complement": null,
          "type_taille": "Libre",
          "fonction": "Ornement",
          "gml_id": "arbre.135347",
          "code_insee": "35238",
          "secteur": null,
          "id_regroupement": null,
          "classe_biodiv": null,
          "date_entretien": null,
          "frequence_entretien": null,
          "date_proch_entretien": null
        }
      }
    },
    {
      "type": "Feature",
      "id": "rennes-arbre-135351",
      "geometry": {
        "type": "Point",
        "coordinates": [
          -1.660134101816464,
          48.11231229846763
        ]
      },
      "properties": {
        "source_id": 135351,
        "id_gestion": "0473AORN26894",
        "nom": "Noisetier",
        "nom_source": "Noisetier",
        "nom_scientifique": "Corylus avellana",
        "espece": "avellana",
        "hauteur_m": 4,
        "circonference_cm": 200,
        "houppier_m": 6,
        "hauteur_1_ere_feuille_m": 2,
        "remarquable": null,
        "description": null,
        "photo_url": null,
        "model_3d_url": null,
        "date_plantation": null,
        "date_maj": null,
        "localisation": "Parc Hamelin Oberthür, Rennes",
        "type_taille": "Cépée",
        "fonction": "Ornement",
        "source_properties": {
          "id": 135351,
          "localisation": "Parc Hamelin Oberthür, Rennes",
          "abattu": 0,
          "nom_commun": "Noisetier",
          "genre": "Corylus",
          "espece": "avellana",
          "variete": null,
          "hauteur": 4,
          "circonference": 200,
          "houppier": 6,
          "hauteur_1_ere_feuille": 2,
          "date_plantation": null,
          "date_maj": null,
          "id_gestion": "0473AORN26894",
          "complement": null,
          "type_taille": "Cépée",
          "fonction": "Ornement",
          "gml_id": "arbre.135351",
          "code_insee": "35238",
          "secteur": null,
          "id_regroupement": null,
          "classe_biodiv": null,
          "date_entretien": null,
          "frequence_entretien": null,
          "date_proch_entretien": null
        }
      }
    },
    {
      "type": "Feature",
      "id": "rennes-arbre-135353",
      "geometry": {
        "type": "Point",
        "coordinates": [
          -1.659556714357151,
          48.112872467904594
        ]
      },
      "properties": {
        "source_id": 135353,
        "id_gestion": "0473AORN35811",
        "nom": "Chêne pédonculé",
        "nom_source": "Chêne pédonculé",
        "nom_scientifique": "Quercus robur",
        "espece": "robur",
        "hauteur_m": 14,
        "circonference_cm": 55,
        "houppier_m": 4,
        "hauteur_1_ere_feuille_m": 6,
        "remarquable": null,
        "description": null,
        "photo_url": null,
        "model_3d_url": null,
        "date_plantation": null,
        "date_maj": null,
        "localisation": "Parc Hamelin Oberthür, Rennes",
        "type_taille": "Libre",
        "fonction": "Ornement",
        "source_properties": {
          "id": 135353,
          "localisation": "Parc Hamelin Oberthür, Rennes",
          "abattu": 0,
          "nom_commun": "Chêne pédonculé",
          "genre": "Quercus",
          "espece": "robur",
          "variete": null,
          "hauteur": 14,
          "circonference": 55,
          "houppier": 4,
          "hauteur_1_ere_feuille": 6,
          "date_plantation": null,
          "date_maj": null,
          "id_gestion": "0473AORN35811",
          "complement": null,
          "type_taille": "Libre",
          "fonction": "Ornement",
          "gml_id": "arbre.135353",
          "code_insee": "35238",
          "secteur": null,
          "id_regroupement": null,
          "classe_biodiv": null,
          "date_entretien": null,
          "frequence_entretien": null,
          "date_proch_entretien": null
        }
      }
    },
    {
      "type": "Feature",
      "id": "rennes-arbre-135354",
      "geometry": {
        "type": "Point",
        "coordinates": [
          -1.660025612436656,
          48.112094774577784
        ]
      },
      "properties": {
        "source_id": 135354,
        "id_gestion": "0473AORN68834",
        "nom": "If commun",
        "nom_source": "If commun",
        "nom_scientifique": "Taxus baccata",
        "espece": "baccata",
        "hauteur_m": 1,
        "circonference_cm": 120,
        "houppier_m": 3,
        "hauteur_1_ere_feuille_m": 3,
        "remarquable": null,
        "description": null,
        "photo_url": null,
        "model_3d_url": null,
        "date_plantation": null,
        "date_maj": null,
        "localisation": "Parc Hamelin Oberthür, Rennes",
        "type_taille": "Topiaire",
        "fonction": "Ornement",
        "source_properties": {
          "id": 135354,
          "localisation": "Parc Hamelin Oberthür, Rennes",
          "abattu": 0,
          "nom_commun": "If commun",
          "genre": "Taxus",
          "espece": "baccata",
          "variete": null,
          "hauteur": 1,
          "circonference": 120,
          "houppier": 3,
          "hauteur_1_ere_feuille": 3,
          "date_plantation": null,
          "date_maj": null,
          "id_gestion": "0473AORN68834",
          "complement": null,
          "type_taille": "Topiaire",
          "fonction": "Ornement",
          "gml_id": "arbre.135354",
          "code_insee": "35238",
          "secteur": null,
          "id_regroupement": null,
          "classe_biodiv": null,
          "date_entretien": null,
          "frequence_entretien": null,
          "date_proch_entretien": null
        }
      }
    },
    {
      "type": "Feature",
      "id": "rennes-arbre-135355",
      "geometry": {
        "type": "Point",
        "coordinates": [
          -1.660204184584027,
          48.11263836464003
        ]
      },
      "properties": {
        "source_id": 135355,
        "id_gestion": "0473AORN53251",
        "nom": "If commun",
        "nom_source": "If commun",
        "nom_scientifique": "Taxus baccata",
        "espece": "baccata",
        "hauteur_m": 12,
        "circonference_cm": 500,
        "houppier_m": 12,
        "hauteur_1_ere_feuille_m": null,
        "remarquable": null,
        "description": null,
        "photo_url": null,
        "model_3d_url": null,
        "date_plantation": null,
        "date_maj": null,
        "localisation": "Parc Hamelin Oberthür, Rennes",
        "type_taille": "Cépée",
        "fonction": "Ornement",
        "source_properties": {
          "id": 135355,
          "localisation": "Parc Hamelin Oberthür, Rennes",
          "abattu": 0,
          "nom_commun": "If commun",
          "genre": "Taxus",
          "espece": "baccata",
          "variete": null,
          "hauteur": 12,
          "circonference": 500,
          "houppier": 12,
          "hauteur_1_ere_feuille": 0,
          "date_plantation": null,
          "date_maj": null,
          "id_gestion": "0473AORN53251",
          "complement": null,
          "type_taille": "Cépée",
          "fonction": "Ornement",
          "gml_id": "arbre.135355",
          "code_insee": "35238",
          "secteur": null,
          "id_regroupement": null,
          "classe_biodiv": null,
          "date_entretien": null,
          "frequence_entretien": null,
          "date_proch_entretien": null
        }
      }
    },
    {
      "type": "Feature",
      "id": "rennes-arbre-135358",
      "geometry": {
        "type": "Point",
        "coordinates": [
          -1.660154884693912,
          48.11276987860978
        ]
      },
      "properties": {
        "source_id": 135358,
        "id_gestion": "0473AORN12127",
        "nom": "Chêne pédonculé",
        "nom_source": "Chêne pédonculé",
        "nom_scientifique": "Quercus robur",
        "espece": "robur",
        "hauteur_m": 18,
        "circonference_cm": 350,
        "houppier_m": 15,
        "hauteur_1_ere_feuille_m": 8,
        "remarquable": null,
        "description": null,
        "photo_url": null,
        "model_3d_url": null,
        "date_plantation": null,
        "date_maj": null,
        "localisation": "Parc Hamelin Oberthür, Rennes",
        "type_taille": "Libre",
        "fonction": "Ornement",
        "source_properties": {
          "id": 135358,
          "localisation": "Parc Hamelin Oberthür, Rennes",
          "abattu": 0,
          "nom_commun": "Chêne pédonculé",
          "genre": "Quercus",
          "espece": "robur",
          "variete": null,
          "hauteur": 18,
          "circonference": 350,
          "houppier": 15,
          "hauteur_1_ere_feuille": 8,
          "date_plantation": null,
          "date_maj": null,
          "id_gestion": "0473AORN12127",
          "complement": null,
          "type_taille": "Libre",
          "fonction": "Ornement",
          "gml_id": "arbre.135358",
          "code_insee": "35238",
          "secteur": null,
          "id_regroupement": null,
          "classe_biodiv": null,
          "date_entretien": null,
          "frequence_entretien": null,
          "date_proch_entretien": null
        }
      }
    },
    {
      "type": "Feature",
      "id": "rennes-arbre-135361",
      "geometry": {
        "type": "Point",
        "coordinates": [
          -1.659662141804808,
          48.11161438917952
        ]
      },
      "properties": {
        "source_id": 135361,
        "id_gestion": "0473AORN15922",
        "nom": "Cyprès de Lawson",
        "nom_source": "Cyprès de Lawson",
        "nom_scientifique": "Chamaecyparis lawsoniana",
        "espece": "lawsoniana",
        "hauteur_m": 10,
        "circonference_cm": 115,
        "houppier_m": 4,
        "hauteur_1_ere_feuille_m": 1,
        "remarquable": null,
        "description": null,
        "photo_url": null,
        "model_3d_url": null,
        "date_plantation": null,
        "date_maj": null,
        "localisation": "Parc Hamelin Oberthür, Rennes",
        "type_taille": "Libre",
        "fonction": "Ornement",
        "source_properties": {
          "id": 135361,
          "localisation": "Parc Hamelin Oberthür, Rennes",
          "abattu": 0,
          "nom_commun": "Cyprès de Lawson",
          "genre": "Chamaecyparis",
          "espece": "lawsoniana",
          "variete": null,
          "hauteur": 10,
          "circonference": 115,
          "houppier": 4,
          "hauteur_1_ere_feuille": 1,
          "date_plantation": null,
          "date_maj": null,
          "id_gestion": "0473AORN15922",
          "complement": null,
          "type_taille": "Libre",
          "fonction": "Ornement",
          "gml_id": "arbre.135361",
          "code_insee": "35238",
          "secteur": null,
          "id_regroupement": null,
          "classe_biodiv": null,
          "date_entretien": null,
          "frequence_entretien": null,
          "date_proch_entretien": null
        }
      }
    },
    {
      "type": "Feature",
      "id": "rennes-arbre-135363",
      "geometry": {
        "type": "Point",
        "coordinates": [
          -1.659691234401681,
          48.112066373949496
        ]
      },
      "properties": {
        "source_id": 135363,
        "id_gestion": "0473AORN31336",
        "nom": "If commun",
        "nom_source": "If commun",
        "nom_scientifique": "Taxus baccata",
        "espece": "baccata",
        "hauteur_m": 9,
        "circonference_cm": 210,
        "houppier_m": 7,
        "hauteur_1_ere_feuille_m": null,
        "remarquable": null,
        "description": null,
        "photo_url": null,
        "model_3d_url": null,
        "date_plantation": null,
        "date_maj": null,
        "localisation": "Parc Hamelin Oberthür, Rennes",
        "type_taille": "Libre",
        "fonction": "Ornement",
        "source_properties": {
          "id": 135363,
          "localisation": "Parc Hamelin Oberthür, Rennes",
          "abattu": 0,
          "nom_commun": "If commun",
          "genre": "Taxus",
          "espece": "baccata",
          "variete": null,
          "hauteur": 9,
          "circonference": 210,
          "houppier": 7,
          "hauteur_1_ere_feuille": 0,
          "date_plantation": null,
          "date_maj": null,
          "id_gestion": "0473AORN31336",
          "complement": null,
          "type_taille": "Libre",
          "fonction": "Ornement",
          "gml_id": "arbre.135363",
          "code_insee": "35238",
          "secteur": null,
          "id_regroupement": null,
          "classe_biodiv": null,
          "date_entretien": null,
          "frequence_entretien": null,
          "date_proch_entretien": null
        }
      }
    },
    {
      "type": "Feature",
      "id": "rennes-arbre-135365",
      "geometry": {
        "type": "Point",
        "coordinates": [
          -1.659727954932531,
          48.11300988139364
        ]
      },
      "properties": {
        "source_id": 135365,
        "id_gestion": "0473AORN71806",
        "nom": "Chêne pédonculé",
        "nom_source": "Chêne pédonculé",
        "nom_scientifique": "Quercus robur",
        "espece": "robur",
        "hauteur_m": 8,
        "circonference_cm": 260,
        "houppier_m": 2,
        "hauteur_1_ere_feuille_m": 6,
        "remarquable": null,
        "description": null,
        "photo_url": null,
        "model_3d_url": null,
        "date_plantation": null,
        "date_maj": null,
        "localisation": "Parc Hamelin Oberthür, Rennes",
        "type_taille": "Libre",
        "fonction": "Ornement",
        "source_properties": {
          "id": 135365,
          "localisation": "Parc Hamelin Oberthür, Rennes",
          "abattu": 0,
          "nom_commun": "Chêne pédonculé",
          "genre": "Quercus",
          "espece": "robur",
          "variete": null,
          "hauteur": 8,
          "circonference": 260,
          "houppier": 2,
          "hauteur_1_ere_feuille": 6,
          "date_plantation": null,
          "date_maj": null,
          "id_gestion": "0473AORN71806",
          "complement": null,
          "type_taille": "Libre",
          "fonction": "Ornement",
          "gml_id": "arbre.135365",
          "code_insee": "35238",
          "secteur": null,
          "id_regroupement": null,
          "classe_biodiv": null,
          "date_entretien": null,
          "frequence_entretien": null,
          "date_proch_entretien": null
        }
      }
    },
    {
      "type": "Feature",
      "id": "rennes-arbre-135367",
      "geometry": {
        "type": "Point",
        "coordinates": [
          -1.659118988376364,
          48.11193850321961
        ]
      },
      "properties": {
        "source_id": 135367,
        "id_gestion": "0473AORN70038",
        "nom": "Epicéa commun",
        "nom_source": "Epicéa commun",
        "nom_scientifique": "Picea abies",
        "espece": "abies",
        "hauteur_m": 10,
        "circonference_cm": 95,
        "houppier_m": 4,
        "hauteur_1_ere_feuille_m": 2,
        "remarquable": null,
        "description": null,
        "photo_url": null,
        "model_3d_url": null,
        "date_plantation": null,
        "date_maj": null,
        "localisation": null,
        "type_taille": "Libre",
        "fonction": "Ornement",
        "source_properties": {
          "id": 135367,
          "localisation": null,
          "abattu": 0,
          "nom_commun": "Epicéa commun",
          "genre": "Picea",
          "espece": "abies",
          "variete": null,
          "hauteur": 10,
          "circonference": 95,
          "houppier": 4,
          "hauteur_1_ere_feuille": 2,
          "date_plantation": null,
          "date_maj": null,
          "id_gestion": "0473AORN70038",
          "complement": null,
          "type_taille": "Libre",
          "fonction": "Ornement",
          "gml_id": "arbre.135367",
          "code_insee": "35238",
          "secteur": null,
          "id_regroupement": null,
          "classe_biodiv": null,
          "date_entretien": null,
          "frequence_entretien": null,
          "date_proch_entretien": null
        }
      }
    },
    {
      "type": "Feature",
      "id": "rennes-arbre-135368",
      "geometry": {
        "type": "Point",
        "coordinates": [
          -1.659489419253444,
          48.112997211185835
        ]
      },
      "properties": {
        "source_id": 135368,
        "id_gestion": "0473AORN53194",
        "nom": "Muscadier de Californie",
        "nom_source": "Muscadier de Californie",
        "nom_scientifique": "Torreya californica",
        "espece": "californica",
        "hauteur_m": 22,
        "circonference_cm": 245,
        "houppier_m": 8,
        "hauteur_1_ere_feuille_m": null,
        "remarquable": null,
        "description": null,
        "photo_url": null,
        "model_3d_url": null,
        "date_plantation": null,
        "date_maj": null,
        "localisation": null,
        "type_taille": "Libre",
        "fonction": "Ornement",
        "source_properties": {
          "id": 135368,
          "localisation": null,
          "abattu": 0,
          "nom_commun": "Muscadier de Californie",
          "genre": "Torreya",
          "espece": "californica",
          "variete": null,
          "hauteur": 22,
          "circonference": 245,
          "houppier": 8,
          "hauteur_1_ere_feuille": 0,
          "date_plantation": null,
          "date_maj": null,
          "id_gestion": "0473AORN53194",
          "complement": null,
          "type_taille": "Libre",
          "fonction": "Ornement",
          "gml_id": "arbre.135368",
          "code_insee": "35238",
          "secteur": null,
          "id_regroupement": null,
          "classe_biodiv": null,
          "date_entretien": null,
          "frequence_entretien": null,
          "date_proch_entretien": null
        }
      }
    },
    {
      "type": "Feature",
      "id": "rennes-arbre-135369",
      "geometry": {
        "type": "Point",
        "coordinates": [
          -1.659868489677686,
          48.111832315878594
        ]
      },
      "properties": {
        "source_id": 135369,
        "id_gestion": "0473AORN38981",
        "nom": "Cyprès de Lawson",
        "nom_source": "Cyprès de Lawson",
        "nom_scientifique": "Chamaecyparis lawsoniana",
        "espece": "lawsoniana",
        "hauteur_m": 10,
        "circonference_cm": 160,
        "houppier_m": 4,
        "hauteur_1_ere_feuille_m": 1,
        "remarquable": null,
        "description": null,
        "photo_url": null,
        "model_3d_url": null,
        "date_plantation": null,
        "date_maj": null,
        "localisation": "Parc Hamelin Oberthür, Rennes",
        "type_taille": "Libre",
        "fonction": "Ornement",
        "source_properties": {
          "id": 135369,
          "localisation": "Parc Hamelin Oberthür, Rennes",
          "abattu": 0,
          "nom_commun": "Cyprès de Lawson",
          "genre": "Chamaecyparis",
          "espece": "lawsoniana",
          "variete": null,
          "hauteur": 10,
          "circonference": 160,
          "houppier": 4,
          "hauteur_1_ere_feuille": 1,
          "date_plantation": null,
          "date_maj": null,
          "id_gestion": "0473AORN38981",
          "complement": null,
          "type_taille": "Libre",
          "fonction": "Ornement",
          "gml_id": "arbre.135369",
          "code_insee": "35238",
          "secteur": null,
          "id_regroupement": null,
          "classe_biodiv": null,
          "date_entretien": null,
          "frequence_entretien": null,
          "date_proch_entretien": null
        }
      }
    },
    {
      "type": "Feature",
      "id": "rennes-arbre-135370",
      "geometry": {
        "type": "Point",
        "coordinates": [
          -1.659433633036586,
          48.11212656404661
        ]
      },
      "properties": {
        "source_id": 135370,
        "id_gestion": "0473AORN37189",
        "nom": "Noisetier",
        "nom_source": "Noisetier",
        "nom_scientifique": "Corylus avellana Contorta",
        "espece": "avellana",
        "hauteur_m": 3,
        "circonference_cm": 200,
        "houppier_m": 3,
        "hauteur_1_ere_feuille_m": 1,
        "remarquable": null,
        "description": null,
        "photo_url": null,
        "model_3d_url": null,
        "date_plantation": null,
        "date_maj": null,
        "localisation": "Parc Hamelin Oberthür, Rennes",
        "type_taille": "Cépée",
        "fonction": "Ornement",
        "source_properties": {
          "id": 135370,
          "localisation": "Parc Hamelin Oberthür, Rennes",
          "abattu": 0,
          "nom_commun": "Noisetier",
          "genre": "Corylus",
          "espece": "avellana",
          "variete": "Contorta",
          "hauteur": 3,
          "circonference": 200,
          "houppier": 3,
          "hauteur_1_ere_feuille": 1,
          "date_plantation": null,
          "date_maj": null,
          "id_gestion": "0473AORN37189",
          "complement": null,
          "type_taille": "Cépée",
          "fonction": "Ornement",
          "gml_id": "arbre.135370",
          "code_insee": "35238",
          "secteur": null,
          "id_regroupement": null,
          "classe_biodiv": null,
          "date_entretien": null,
          "frequence_entretien": null,
          "date_proch_entretien": null
        }
      }
    },
    {
      "type": "Feature",
      "id": "rennes-arbre-135371",
      "geometry": {
        "type": "Point",
        "coordinates": [
          -1.659191789574299,
          48.11160124604366
        ]
      },
      "properties": {
        "source_id": 135371,
        "id_gestion": "0473AORN17012",
        "nom": "Marronnier d'Inde",
        "nom_source": "Marronnier d'Inde",
        "nom_scientifique": "Aesculus hippocastanum",
        "espece": "hippocastanum",
        "hauteur_m": 28,
        "circonference_cm": 250,
        "houppier_m": 15,
        "hauteur_1_ere_feuille_m": 10,
        "remarquable": null,
        "description": null,
        "photo_url": null,
        "model_3d_url": null,
        "date_plantation": null,
        "date_maj": null,
        "localisation": "Parc Hamelin Oberthür, Rennes",
        "type_taille": "Libre",
        "fonction": "Ornement",
        "source_properties": {
          "id": 135371,
          "localisation": "Parc Hamelin Oberthür, Rennes",
          "abattu": 0,
          "nom_commun": "Marronnier d'Inde",
          "genre": "Aesculus",
          "espece": "hippocastanum",
          "variete": null,
          "hauteur": 28,
          "circonference": 250,
          "houppier": 15,
          "hauteur_1_ere_feuille": 10,
          "date_plantation": null,
          "date_maj": null,
          "id_gestion": "0473AORN17012",
          "complement": null,
          "type_taille": "Libre",
          "fonction": "Ornement",
          "gml_id": "arbre.135371",
          "code_insee": "35238",
          "secteur": null,
          "id_regroupement": null,
          "classe_biodiv": null,
          "date_entretien": null,
          "frequence_entretien": null,
          "date_proch_entretien": null
        }
      }
    },
    {
      "type": "Feature",
      "id": "rennes-arbre-135376",
      "geometry": {
        "type": "Point",
        "coordinates": [
          -1.659669443294464,
          48.11187268437626
        ]
      },
      "properties": {
        "source_id": 135376,
        "id_gestion": "0473AORN46730",
        "nom": "Sapin d'Espagne",
        "nom_source": "Sapin d'Espagne",
        "nom_scientifique": "Abies pinsapo",
        "espece": "pinsapo",
        "hauteur_m": 15,
        "circonference_cm": 115,
        "houppier_m": 4,
        "hauteur_1_ere_feuille_m": 1,
        "remarquable": null,
        "description": null,
        "photo_url": null,
        "model_3d_url": null,
        "date_plantation": null,
        "date_maj": null,
        "localisation": "Parc Hamelin Oberthür, Rennes",
        "type_taille": "Libre",
        "fonction": "Ornement",
        "source_properties": {
          "id": 135376,
          "localisation": "Parc Hamelin Oberthür, Rennes",
          "abattu": 0,
          "nom_commun": "Sapin d'Espagne",
          "genre": "Abies",
          "espece": "pinsapo",
          "variete": null,
          "hauteur": 15,
          "circonference": 115,
          "houppier": 4,
          "hauteur_1_ere_feuille": 1,
          "date_plantation": null,
          "date_maj": null,
          "id_gestion": "0473AORN46730",
          "complement": null,
          "type_taille": "Libre",
          "fonction": "Ornement",
          "gml_id": "arbre.135376",
          "code_insee": "35238",
          "secteur": null,
          "id_regroupement": null,
          "classe_biodiv": null,
          "date_entretien": null,
          "frequence_entretien": null,
          "date_proch_entretien": null
        }
      }
    },
    {
      "type": "Feature",
      "id": "rennes-arbre-135377",
      "geometry": {
        "type": "Point",
        "coordinates": [
          -1.659760125604187,
          48.11388286318444
        ]
      },
      "properties": {
        "source_id": 135377,
        "id_gestion": "0473AORN10750",
        "nom": "Magnolia à grandes fleurs",
        "nom_source": "Magnolia à grandes fleurs",
        "nom_scientifique": "Magnolia grandiflora",
        "espece": "grandiflora",
        "hauteur_m": 12,
        "circonference_cm": 105,
        "houppier_m": 6,
        "hauteur_1_ere_feuille_m": 4,
        "remarquable": null,
        "description": null,
        "photo_url": null,
        "model_3d_url": null,
        "date_plantation": null,
        "date_maj": null,
        "localisation": "Parc Hamelin Oberthür, Rennes",
        "type_taille": "Libre",
        "fonction": "Ornement",
        "source_properties": {
          "id": 135377,
          "localisation": "Parc Hamelin Oberthür, Rennes",
          "abattu": 0,
          "nom_commun": "Magnolia à grandes fleurs",
          "genre": "Magnolia",
          "espece": "grandiflora",
          "variete": null,
          "hauteur": 12,
          "circonference": 105,
          "houppier": 6,
          "hauteur_1_ere_feuille": 4,
          "date_plantation": null,
          "date_maj": null,
          "id_gestion": "0473AORN10750",
          "complement": null,
          "type_taille": "Libre",
          "fonction": "Ornement",
          "gml_id": "arbre.135377",
          "code_insee": "35238",
          "secteur": null,
          "id_regroupement": null,
          "classe_biodiv": null,
          "date_entretien": null,
          "frequence_entretien": null,
          "date_proch_entretien": null
        }
      }
    },
    {
      "type": "Feature",
      "id": "rennes-arbre-135379",
      "geometry": {
        "type": "Point",
        "coordinates": [
          -1.659639736428918,
          48.112719367000686
        ]
      },
      "properties": {
        "source_id": 135379,
        "id_gestion": "0473AORN47547",
        "nom": "Chêne pédonculé",
        "nom_source": "Chêne pédonculé",
        "nom_scientifique": "Quercus robur",
        "espece": "robur",
        "hauteur_m": 28,
        "circonference_cm": 250,
        "houppier_m": 12,
        "hauteur_1_ere_feuille_m": null,
        "remarquable": null,
        "description": null,
        "photo_url": null,
        "model_3d_url": null,
        "date_plantation": null,
        "date_maj": null,
        "localisation": "Parc Hamelin Oberthür, Rennes",
        "type_taille": "Libre",
        "fonction": "Ornement",
        "source_properties": {
          "id": 135379,
          "localisation": "Parc Hamelin Oberthür, Rennes",
          "abattu": 0,
          "nom_commun": "Chêne pédonculé",
          "genre": "Quercus",
          "espece": "robur",
          "variete": null,
          "hauteur": 28,
          "circonference": 250,
          "houppier": 12,
          "hauteur_1_ere_feuille": 0,
          "date_plantation": null,
          "date_maj": null,
          "id_gestion": "0473AORN47547",
          "complement": null,
          "type_taille": "Libre",
          "fonction": "Ornement",
          "gml_id": "arbre.135379",
          "code_insee": "35238",
          "secteur": null,
          "id_regroupement": null,
          "classe_biodiv": null,
          "date_entretien": null,
          "frequence_entretien": null,
          "date_proch_entretien": null
        }
      }
    },
    {
      "type": "Feature",
      "id": "rennes-arbre-135382",
      "geometry": {
        "type": "Point",
        "coordinates": [
          -1.659600518219468,
          48.11147927269546
        ]
      },
      "properties": {
        "source_id": 135382,
        "id_gestion": "0473AORN36714",
        "nom": "If commun",
        "nom_source": "If commun",
        "nom_scientifique": "Taxus baccata",
        "espece": "baccata",
        "hauteur_m": 12,
        "circonference_cm": 180,
        "houppier_m": 5,
        "hauteur_1_ere_feuille_m": 2,
        "remarquable": null,
        "description": null,
        "photo_url": null,
        "model_3d_url": null,
        "date_plantation": null,
        "date_maj": null,
        "localisation": "Parc Hamelin Oberthür, Rennes",
        "type_taille": "Libre",
        "fonction": "Ornement",
        "source_properties": {
          "id": 135382,
          "localisation": "Parc Hamelin Oberthür, Rennes",
          "abattu": 0,
          "nom_commun": "If commun",
          "genre": "Taxus",
          "espece": "baccata",
          "variete": null,
          "hauteur": 12,
          "circonference": 180,
          "houppier": 5,
          "hauteur_1_ere_feuille": 2,
          "date_plantation": null,
          "date_maj": null,
          "id_gestion": "0473AORN36714",
          "complement": null,
          "type_taille": "Libre",
          "fonction": "Ornement",
          "gml_id": "arbre.135382",
          "code_insee": "35238",
          "secteur": null,
          "id_regroupement": null,
          "classe_biodiv": null,
          "date_entretien": null,
          "frequence_entretien": null,
          "date_proch_entretien": null
        }
      }
    },
    {
      "type": "Feature",
      "id": "rennes-arbre-135386",
      "geometry": {
        "type": "Point",
        "coordinates": [
          -1.659691163529861,
          48.11155928814026
        ]
      },
      "properties": {
        "source_id": 135386,
        "id_gestion": "0473AORN41518",
        "nom": "Erable sycomore",
        "nom_source": "Erable sycomore",
        "nom_scientifique": "Acer pseudoplatanus",
        "espece": "pseudoplatanus",
        "hauteur_m": 25,
        "circonference_cm": 200,
        "houppier_m": 12,
        "hauteur_1_ere_feuille_m": 8,
        "remarquable": null,
        "description": null,
        "photo_url": null,
        "model_3d_url": null,
        "date_plantation": null,
        "date_maj": null,
        "localisation": "Parc Hamelin Oberthür, Rennes",
        "type_taille": "Libre",
        "fonction": "Ornement",
        "source_properties": {
          "id": 135386,
          "localisation": "Parc Hamelin Oberthür, Rennes",
          "abattu": 0,
          "nom_commun": "Erable sycomore",
          "genre": "Acer",
          "espece": "pseudoplatanus",
          "variete": null,
          "hauteur": 25,
          "circonference": 200,
          "houppier": 12,
          "hauteur_1_ere_feuille": 8,
          "date_plantation": null,
          "date_maj": null,
          "id_gestion": "0473AORN41518",
          "complement": null,
          "type_taille": "Libre",
          "fonction": "Ornement",
          "gml_id": "arbre.135386",
          "code_insee": "35238",
          "secteur": null,
          "id_regroupement": null,
          "classe_biodiv": null,
          "date_entretien": null,
          "frequence_entretien": null,
          "date_proch_entretien": null
        }
      }
    },
    {
      "type": "Feature",
      "id": "rennes-arbre-135387",
      "geometry": {
        "type": "Point",
        "coordinates": [
          -1.659652476948525,
          48.1129313300126
        ]
      },
      "properties": {
        "source_id": 135387,
        "id_gestion": "0473AORN16048",
        "nom": "Chêne pédonculé",
        "nom_source": "Chêne pédonculé",
        "nom_scientifique": "Quercus robur",
        "espece": "robur",
        "hauteur_m": 20,
        "circonference_cm": 220,
        "houppier_m": 8,
        "hauteur_1_ere_feuille_m": 6,
        "remarquable": null,
        "description": null,
        "photo_url": null,
        "model_3d_url": null,
        "date_plantation": null,
        "date_maj": null,
        "localisation": "Parc Hamelin Oberthür, Rennes",
        "type_taille": "Libre",
        "fonction": "Ornement",
        "source_properties": {
          "id": 135387,
          "localisation": "Parc Hamelin Oberthür, Rennes",
          "abattu": 0,
          "nom_commun": "Chêne pédonculé",
          "genre": "Quercus",
          "espece": "robur",
          "variete": null,
          "hauteur": 20,
          "circonference": 220,
          "houppier": 8,
          "hauteur_1_ere_feuille": 6,
          "date_plantation": null,
          "date_maj": null,
          "id_gestion": "0473AORN16048",
          "complement": null,
          "type_taille": "Libre",
          "fonction": "Ornement",
          "gml_id": "arbre.135387",
          "code_insee": "35238",
          "secteur": null,
          "id_regroupement": null,
          "classe_biodiv": null,
          "date_entretien": null,
          "frequence_entretien": null,
          "date_proch_entretien": null
        }
      }
    },
    {
      "type": "Feature",
      "id": "rennes-arbre-135389",
      "geometry": {
        "type": "Point",
        "coordinates": [
          -1.659677730385494,
          48.11274166222176
        ]
      },
      "properties": {
        "source_id": 135389,
        "id_gestion": "0473AORN10372",
        "nom": "If commun",
        "nom_source": "If commun",
        "nom_scientifique": "Taxus baccata",
        "espece": "baccata",
        "hauteur_m": 10,
        "circonference_cm": 60,
        "houppier_m": 4,
        "hauteur_1_ere_feuille_m": 2,
        "remarquable": null,
        "description": null,
        "photo_url": null,
        "model_3d_url": null,
        "date_plantation": null,
        "date_maj": null,
        "localisation": "Parc Hamelin Oberthür, Rennes",
        "type_taille": "Libre",
        "fonction": "Ornement",
        "source_properties": {
          "id": 135389,
          "localisation": "Parc Hamelin Oberthür, Rennes",
          "abattu": 0,
          "nom_commun": "If commun",
          "genre": "Taxus",
          "espece": "baccata",
          "variete": null,
          "hauteur": 10,
          "circonference": 60,
          "houppier": 4,
          "hauteur_1_ere_feuille": 2,
          "date_plantation": null,
          "date_maj": null,
          "id_gestion": "0473AORN10372",
          "complement": null,
          "type_taille": "Libre",
          "fonction": "Ornement",
          "gml_id": "arbre.135389",
          "code_insee": "35238",
          "secteur": null,
          "id_regroupement": null,
          "classe_biodiv": null,
          "date_entretien": null,
          "frequence_entretien": null,
          "date_proch_entretien": null
        }
      }
    },
    {
      "type": "Feature",
      "id": "rennes-arbre-135391",
      "geometry": {
        "type": "Point",
        "coordinates": [
          -1.660815158059508,
          48.113344768093725
        ]
      },
      "properties": {
        "source_id": 135391,
        "id_gestion": "0473AORN53320",
        "nom": "Arbre à soie",
        "nom_source": "Arbre à soie",
        "nom_scientifique": "Albizzia julibrissin",
        "espece": "julibrissin",
        "hauteur_m": 11,
        "circonference_cm": 70,
        "houppier_m": 8,
        "hauteur_1_ere_feuille_m": 4,
        "remarquable": null,
        "description": null,
        "photo_url": null,
        "model_3d_url": null,
        "date_plantation": null,
        "date_maj": null,
        "localisation": "Parc Hamelin Oberthür, Rennes",
        "type_taille": "Libre",
        "fonction": "Ornement",
        "source_properties": {
          "id": 135391,
          "localisation": "Parc Hamelin Oberthür, Rennes",
          "abattu": 0,
          "nom_commun": "Arbre à soie",
          "genre": "Albizzia",
          "espece": "julibrissin",
          "variete": null,
          "hauteur": 11,
          "circonference": 70,
          "houppier": 8,
          "hauteur_1_ere_feuille": 4,
          "date_plantation": null,
          "date_maj": null,
          "id_gestion": "0473AORN53320",
          "complement": null,
          "type_taille": "Libre",
          "fonction": "Ornement",
          "gml_id": "arbre.135391",
          "code_insee": "35238",
          "secteur": null,
          "id_regroupement": null,
          "classe_biodiv": null,
          "date_entretien": null,
          "frequence_entretien": null,
          "date_proch_entretien": null
        }
      }
    },
    {
      "type": "Feature",
      "id": "rennes-arbre-135392",
      "geometry": {
        "type": "Point",
        "coordinates": [
          -1.659594937190044,
          48.11208541234275
        ]
      },
      "properties": {
        "source_id": 135392,
        "id_gestion": "0473AORN22776",
        "nom": "Sapin de Nordmann",
        "nom_source": "Sapin de Nordmann",
        "nom_scientifique": "Abies nordmanniana",
        "espece": "nordmanniana",
        "hauteur_m": 12,
        "circonference_cm": 160,
        "houppier_m": 4,
        "hauteur_1_ere_feuille_m": 1,
        "remarquable": null,
        "description": null,
        "photo_url": null,
        "model_3d_url": null,
        "date_plantation": null,
        "date_maj": null,
        "localisation": "Parc Hamelin Oberthür, Rennes",
        "type_taille": "Libre",
        "fonction": "Ornement",
        "source_properties": {
          "id": 135392,
          "localisation": "Parc Hamelin Oberthür, Rennes",
          "abattu": 0,
          "nom_commun": "Sapin de Nordmann",
          "genre": "Abies",
          "espece": "nordmanniana",
          "variete": null,
          "hauteur": 12,
          "circonference": 160,
          "houppier": 4,
          "hauteur_1_ere_feuille": 1,
          "date_plantation": null,
          "date_maj": null,
          "id_gestion": "0473AORN22776",
          "complement": null,
          "type_taille": "Libre",
          "fonction": "Ornement",
          "gml_id": "arbre.135392",
          "code_insee": "35238",
          "secteur": null,
          "id_regroupement": null,
          "classe_biodiv": null,
          "date_entretien": null,
          "frequence_entretien": null,
          "date_proch_entretien": null
        }
      }
    },
    {
      "type": "Feature",
      "id": "rennes-arbre-135393",
      "geometry": {
        "type": "Point",
        "coordinates": [
          -1.659790374095094,
          48.112044027448874
        ]
      },
      "properties": {
        "source_id": 135393,
        "id_gestion": "0473AORN69914",
        "nom": "Sapin de Nordmann",
        "nom_source": "Sapin de Nordmann",
        "nom_scientifique": "Abies nordmanniana",
        "espece": "nordmanniana",
        "hauteur_m": 12,
        "circonference_cm": 160,
        "houppier_m": 4,
        "hauteur_1_ere_feuille_m": 1,
        "remarquable": null,
        "description": null,
        "photo_url": null,
        "model_3d_url": null,
        "date_plantation": null,
        "date_maj": null,
        "localisation": "Parc Hamelin Oberthür, Rennes",
        "type_taille": "Libre",
        "fonction": "Ornement",
        "source_properties": {
          "id": 135393,
          "localisation": "Parc Hamelin Oberthür, Rennes",
          "abattu": 0,
          "nom_commun": "Sapin de Nordmann",
          "genre": "Abies",
          "espece": "nordmanniana",
          "variete": null,
          "hauteur": 12,
          "circonference": 160,
          "houppier": 4,
          "hauteur_1_ere_feuille": 1,
          "date_plantation": null,
          "date_maj": null,
          "id_gestion": "0473AORN69914",
          "complement": null,
          "type_taille": "Libre",
          "fonction": "Ornement",
          "gml_id": "arbre.135393",
          "code_insee": "35238",
          "secteur": null,
          "id_regroupement": null,
          "classe_biodiv": null,
          "date_entretien": null,
          "frequence_entretien": null,
          "date_proch_entretien": null
        }
      }
    },
    {
      "type": "Feature",
      "id": "rennes-arbre-135394",
      "geometry": {
        "type": "Point",
        "coordinates": [
          -1.659476712766953,
          48.11233083073367
        ]
      },
      "properties": {
        "source_id": 135394,
        "id_gestion": "0473AORN30209",
        "nom": "Bouleau pendant",
        "nom_source": "Bouleau pendant",
        "nom_scientifique": "Betula pendula",
        "espece": "pendula",
        "hauteur_m": 10,
        "circonference_cm": 50,
        "houppier_m": 4,
        "hauteur_1_ere_feuille_m": 1,
        "remarquable": null,
        "description": null,
        "photo_url": null,
        "model_3d_url": null,
        "date_plantation": null,
        "date_maj": null,
        "localisation": "Parc Hamelin Oberthür, Rennes",
        "type_taille": "Libre",
        "fonction": "Ornement",
        "source_properties": {
          "id": 135394,
          "localisation": "Parc Hamelin Oberthür, Rennes",
          "abattu": 0,
          "nom_commun": "Bouleau pendant",
          "genre": "Betula",
          "espece": "pendula",
          "variete": null,
          "hauteur": 10,
          "circonference": 50,
          "houppier": 4,
          "hauteur_1_ere_feuille": 1,
          "date_plantation": null,
          "date_maj": null,
          "id_gestion": "0473AORN30209",
          "complement": null,
          "type_taille": "Libre",
          "fonction": "Ornement",
          "gml_id": "arbre.135394",
          "code_insee": "35238",
          "secteur": null,
          "id_regroupement": null,
          "classe_biodiv": null,
          "date_entretien": null,
          "frequence_entretien": null,
          "date_proch_entretien": null
        }
      }
    },
    {
      "type": "Feature",
      "id": "rennes-arbre-135396",
      "geometry": {
        "type": "Point",
        "coordinates": [
          -1.660635431956674,
          48.113168300162755
        ]
      },
      "properties": {
        "source_id": 135396,
        "id_gestion": "0473AORN59652",
        "nom": "If commun",
        "nom_source": "If commun",
        "nom_scientifique": "Taxus baccata",
        "espece": "baccata",
        "hauteur_m": 18,
        "circonference_cm": 210,
        "houppier_m": 10,
        "hauteur_1_ere_feuille_m": 4,
        "remarquable": null,
        "description": null,
        "photo_url": null,
        "model_3d_url": null,
        "date_plantation": null,
        "date_maj": null,
        "localisation": "Parc Hamelin Oberthür, Rennes",
        "type_taille": "Libre",
        "fonction": "Ornement",
        "source_properties": {
          "id": 135396,
          "localisation": "Parc Hamelin Oberthür, Rennes",
          "abattu": 0,
          "nom_commun": "If commun",
          "genre": "Taxus",
          "espece": "baccata",
          "variete": null,
          "hauteur": 18,
          "circonference": 210,
          "houppier": 10,
          "hauteur_1_ere_feuille": 4,
          "date_plantation": null,
          "date_maj": null,
          "id_gestion": "0473AORN59652",
          "complement": null,
          "type_taille": "Libre",
          "fonction": "Ornement",
          "gml_id": "arbre.135396",
          "code_insee": "35238",
          "secteur": null,
          "id_regroupement": null,
          "classe_biodiv": null,
          "date_entretien": null,
          "frequence_entretien": null,
          "date_proch_entretien": null
        }
      }
    },
    {
      "type": "Feature",
      "id": "rennes-arbre-135397",
      "geometry": {
        "type": "Point",
        "coordinates": [
          -1.659663838692443,
          48.11191791383453
        ]
      },
      "properties": {
        "source_id": 135397,
        "id_gestion": "0473AORN55822",
        "nom": "Sapin d'Espagne",
        "nom_source": "Sapin d'Espagne",
        "nom_scientifique": "Abies pinsapo",
        "espece": "pinsapo",
        "hauteur_m": 15,
        "circonference_cm": 115,
        "houppier_m": 4,
        "hauteur_1_ere_feuille_m": 1,
        "remarquable": null,
        "description": null,
        "photo_url": null,
        "model_3d_url": null,
        "date_plantation": null,
        "date_maj": null,
        "localisation": "Parc Hamelin Oberthür, Rennes",
        "type_taille": "Libre",
        "fonction": "Ornement",
        "source_properties": {
          "id": 135397,
          "localisation": "Parc Hamelin Oberthür, Rennes",
          "abattu": 0,
          "nom_commun": "Sapin d'Espagne",
          "genre": "Abies",
          "espece": "pinsapo",
          "variete": null,
          "hauteur": 15,
          "circonference": 115,
          "houppier": 4,
          "hauteur_1_ere_feuille": 1,
          "date_plantation": null,
          "date_maj": null,
          "id_gestion": "0473AORN55822",
          "complement": null,
          "type_taille": "Libre",
          "fonction": "Ornement",
          "gml_id": "arbre.135397",
          "code_insee": "35238",
          "secteur": null,
          "id_regroupement": null,
          "classe_biodiv": null,
          "date_entretien": null,
          "frequence_entretien": null,
          "date_proch_entretien": null
        }
      }
    },
    {
      "type": "Feature",
      "id": "rennes-arbre-135399",
      "geometry": {
        "type": "Point",
        "coordinates": [
          -1.660625945487683,
          48.113266403047575
        ]
      },
      "properties": {
        "source_id": 135399,
        "id_gestion": "0473AORN13605",
        "nom": "Pin japonais à queue de vache",
        "nom_source": "Pin japonais à queue de vache",
        "nom_scientifique": "Cephalotaxus harringtonia",
        "espece": "harringtonia",
        "hauteur_m": 7,
        "circonference_cm": 400,
        "houppier_m": 9,
        "hauteur_1_ere_feuille_m": null,
        "remarquable": null,
        "description": null,
        "photo_url": null,
        "model_3d_url": null,
        "date_plantation": null,
        "date_maj": null,
        "localisation": "Parc Hamelin Oberthür, Rennes",
        "type_taille": "Cépée",
        "fonction": "Ornement",
        "source_properties": {
          "id": 135399,
          "localisation": "Parc Hamelin Oberthür, Rennes",
          "abattu": 0,
          "nom_commun": "Pin japonais à queue de vache",
          "genre": "Cephalotaxus",
          "espece": "harringtonia",
          "variete": null,
          "hauteur": 7,
          "circonference": 400,
          "houppier": 9,
          "hauteur_1_ere_feuille": 0,
          "date_plantation": null,
          "date_maj": null,
          "id_gestion": "0473AORN13605",
          "complement": null,
          "type_taille": "Cépée",
          "fonction": "Ornement",
          "gml_id": "arbre.135399",
          "code_insee": "35238",
          "secteur": null,
          "id_regroupement": null,
          "classe_biodiv": null,
          "date_entretien": null,
          "frequence_entretien": null,
          "date_proch_entretien": null
        }
      }
    },
    {
      "type": "Feature",
      "id": "rennes-arbre-135402",
      "geometry": {
        "type": "Point",
        "coordinates": [
          -1.659053629423834,
          48.11265155263318
        ]
      },
      "properties": {
        "source_id": 135402,
        "id_gestion": "0473AORN8136",
        "nom": "Chêne chevelu",
        "nom_source": "Chêne chevelu",
        "nom_scientifique": "Quercus cerris",
        "espece": "cerris",
        "hauteur_m": 30,
        "circonference_cm": 240,
        "houppier_m": 12,
        "hauteur_1_ere_feuille_m": 6,
        "remarquable": null,
        "description": null,
        "photo_url": null,
        "model_3d_url": null,
        "date_plantation": null,
        "date_maj": null,
        "localisation": "Parc Hamelin Oberthür, Rennes",
        "type_taille": "Libre",
        "fonction": "Ornement",
        "source_properties": {
          "id": 135402,
          "localisation": "Parc Hamelin Oberthür, Rennes",
          "abattu": 0,
          "nom_commun": "Chêne chevelu",
          "genre": "Quercus",
          "espece": "cerris",
          "variete": null,
          "hauteur": 30,
          "circonference": 240,
          "houppier": 12,
          "hauteur_1_ere_feuille": 6,
          "date_plantation": null,
          "date_maj": null,
          "id_gestion": "0473AORN8136",
          "complement": null,
          "type_taille": "Libre",
          "fonction": "Ornement",
          "gml_id": "arbre.135402",
          "code_insee": "35238",
          "secteur": null,
          "id_regroupement": null,
          "classe_biodiv": null,
          "date_entretien": null,
          "frequence_entretien": null,
          "date_proch_entretien": null
        }
      }
    },
    {
      "type": "Feature",
      "id": "rennes-arbre-135405",
      "geometry": {
        "type": "Point",
        "coordinates": [
          -1.659703309785631,
          48.11165368311971
        ]
      },
      "properties": {
        "source_id": 135405,
        "id_gestion": "0473AORN13167",
        "nom": "If commun",
        "nom_source": "If commun",
        "nom_scientifique": "Taxus baccata",
        "espece": "baccata",
        "hauteur_m": 12,
        "circonference_cm": 240,
        "houppier_m": 5,
        "hauteur_1_ere_feuille_m": 2,
        "remarquable": null,
        "description": null,
        "photo_url": null,
        "model_3d_url": null,
        "date_plantation": null,
        "date_maj": null,
        "localisation": "Parc Hamelin Oberthür, Rennes",
        "type_taille": "Libre",
        "fonction": "Ornement",
        "source_properties": {
          "id": 135405,
          "localisation": "Parc Hamelin Oberthür, Rennes",
          "abattu": 0,
          "nom_commun": "If commun",
          "genre": "Taxus",
          "espece": "baccata",
          "variete": null,
          "hauteur": 12,
          "circonference": 240,
          "houppier": 5,
          "hauteur_1_ere_feuille": 2,
          "date_plantation": null,
          "date_maj": null,
          "id_gestion": "0473AORN13167",
          "complement": null,
          "type_taille": "Libre",
          "fonction": "Ornement",
          "gml_id": "arbre.135405",
          "code_insee": "35238",
          "secteur": null,
          "id_regroupement": null,
          "classe_biodiv": null,
          "date_entretien": null,
          "frequence_entretien": null,
          "date_proch_entretien": null
        }
      }
    },
    {
      "type": "Feature",
      "id": "rennes-arbre-135407",
      "geometry": {
        "type": "Point",
        "coordinates": [
          -1.659449564492444,
          48.111788265786984
        ]
      },
      "properties": {
        "source_id": 135407,
        "id_gestion": "0473AORN38724",
        "nom": "Raisinier de Chine",
        "nom_source": "Raisinier de Chine",
        "nom_scientifique": "Hovenia dulcis",
        "espece": "dulcis",
        "hauteur_m": 8,
        "circonference_cm": 50,
        "houppier_m": 3,
        "hauteur_1_ere_feuille_m": 3,
        "remarquable": null,
        "description": null,
        "photo_url": null,
        "model_3d_url": null,
        "date_plantation": null,
        "date_maj": null,
        "localisation": "Parc Hamelin Oberthür, Rennes",
        "type_taille": "Libre",
        "fonction": "Ornement",
        "source_properties": {
          "id": 135407,
          "localisation": "Parc Hamelin Oberthür, Rennes",
          "abattu": 0,
          "nom_commun": "Raisinier de Chine",
          "genre": "Hovenia",
          "espece": "dulcis",
          "variete": null,
          "hauteur": 8,
          "circonference": 50,
          "houppier": 3,
          "hauteur_1_ere_feuille": 3,
          "date_plantation": null,
          "date_maj": null,
          "id_gestion": "0473AORN38724",
          "complement": null,
          "type_taille": "Libre",
          "fonction": "Ornement",
          "gml_id": "arbre.135407",
          "code_insee": "35238",
          "secteur": null,
          "id_regroupement": null,
          "classe_biodiv": null,
          "date_entretien": null,
          "frequence_entretien": null,
          "date_proch_entretien": null
        }
      }
    },
    {
      "type": "Feature",
      "id": "rennes-arbre-135409",
      "geometry": {
        "type": "Point",
        "coordinates": [
          -1.659598823185945,
          48.11289759423953
        ]
      },
      "properties": {
        "source_id": 135409,
        "id_gestion": "0473AORN57276",
        "nom": "Charme commun",
        "nom_source": "Charme commun",
        "nom_scientifique": "Carpinus betulus",
        "espece": "betulus",
        "hauteur_m": 12,
        "circonference_cm": 260,
        "houppier_m": 6,
        "hauteur_1_ere_feuille_m": 3,
        "remarquable": null,
        "description": null,
        "photo_url": null,
        "model_3d_url": null,
        "date_plantation": null,
        "date_maj": null,
        "localisation": "Parc Hamelin Oberthür, Rennes",
        "type_taille": "Cépée",
        "fonction": "Ornement",
        "source_properties": {
          "id": 135409,
          "localisation": "Parc Hamelin Oberthür, Rennes",
          "abattu": 0,
          "nom_commun": "Charme commun",
          "genre": "Carpinus",
          "espece": "betulus",
          "variete": null,
          "hauteur": 12,
          "circonference": 260,
          "houppier": 6,
          "hauteur_1_ere_feuille": 3,
          "date_plantation": null,
          "date_maj": null,
          "id_gestion": "0473AORN57276",
          "complement": null,
          "type_taille": "Cépée",
          "fonction": "Ornement",
          "gml_id": "arbre.135409",
          "code_insee": "35238",
          "secteur": null,
          "id_regroupement": null,
          "classe_biodiv": null,
          "date_entretien": null,
          "frequence_entretien": null,
          "date_proch_entretien": null
        }
      }
    },
    {
      "type": "Feature",
      "id": "rennes-arbre-135410",
      "geometry": {
        "type": "Point",
        "coordinates": [
          -1.658753666878162,
          48.112419573746955
        ]
      },
      "properties": {
        "source_id": 135410,
        "id_gestion": "0473AORN38702",
        "nom": "Cyprès de Lawson",
        "nom_source": "Cyprès de Lawson",
        "nom_scientifique": "Chamaecyparis lawsoniana Allumii",
        "espece": "lawsoniana",
        "hauteur_m": 10,
        "circonference_cm": 100,
        "houppier_m": 4,
        "hauteur_1_ere_feuille_m": 2,
        "remarquable": null,
        "description": null,
        "photo_url": null,
        "model_3d_url": null,
        "date_plantation": null,
        "date_maj": null,
        "localisation": "Parc Hamelin Oberthür, Rennes",
        "type_taille": "Libre",
        "fonction": "Ornement",
        "source_properties": {
          "id": 135410,
          "localisation": "Parc Hamelin Oberthür, Rennes",
          "abattu": 0,
          "nom_commun": "Cyprès de Lawson",
          "genre": "Chamaecyparis",
          "espece": "lawsoniana",
          "variete": "Allumii",
          "hauteur": 10,
          "circonference": 100,
          "houppier": 4,
          "hauteur_1_ere_feuille": 2,
          "date_plantation": null,
          "date_maj": null,
          "id_gestion": "0473AORN38702",
          "complement": null,
          "type_taille": "Libre",
          "fonction": "Ornement",
          "gml_id": "arbre.135410",
          "code_insee": "35238",
          "secteur": null,
          "id_regroupement": null,
          "classe_biodiv": null,
          "date_entretien": null,
          "frequence_entretien": null,
          "date_proch_entretien": null
        }
      }
    },
    {
      "type": "Feature",
      "id": "rennes-arbre-135411",
      "geometry": {
        "type": "Point",
        "coordinates": [
          -1.658832473160121,
          48.112549062922454
        ]
      },
      "properties": {
        "source_id": 135411,
        "id_gestion": "0473AORN34738",
        "nom": "Hêtre commun",
        "nom_source": "Hêtre commun",
        "nom_scientifique": "Fagus sylvatica",
        "espece": "sylvatica",
        "hauteur_m": 16,
        "circonference_cm": 130,
        "houppier_m": 9,
        "hauteur_1_ere_feuille_m": 2,
        "remarquable": null,
        "description": null,
        "photo_url": null,
        "model_3d_url": null,
        "date_plantation": null,
        "date_maj": null,
        "localisation": "Parc Hamelin Oberthür, Rennes",
        "type_taille": "Libre",
        "fonction": "Ornement",
        "source_properties": {
          "id": 135411,
          "localisation": "Parc Hamelin Oberthür, Rennes",
          "abattu": 0,
          "nom_commun": "Hêtre commun",
          "genre": "Fagus",
          "espece": "sylvatica",
          "variete": null,
          "hauteur": 16,
          "circonference": 130,
          "houppier": 9,
          "hauteur_1_ere_feuille": 2,
          "date_plantation": null,
          "date_maj": null,
          "id_gestion": "0473AORN34738",
          "complement": null,
          "type_taille": "Libre",
          "fonction": "Ornement",
          "gml_id": "arbre.135411",
          "code_insee": "35238",
          "secteur": null,
          "id_regroupement": null,
          "classe_biodiv": null,
          "date_entretien": null,
          "frequence_entretien": null,
          "date_proch_entretien": null
        }
      }
    },
    {
      "type": "Feature",
      "id": "rennes-arbre-135412",
      "geometry": {
        "type": "Point",
        "coordinates": [
          -1.660561639402625,
          48.112940320050924
        ]
      },
      "properties": {
        "source_id": 135412,
        "id_gestion": "0473AORN52798",
        "nom": "Thuya de Californie",
        "nom_source": "Thuya de Californie",
        "nom_scientifique": "Thuja plicata Zebrina",
        "espece": "plicata",
        "hauteur_m": 12,
        "circonference_cm": 95,
        "houppier_m": 4,
        "hauteur_1_ere_feuille_m": 2,
        "remarquable": null,
        "description": null,
        "photo_url": null,
        "model_3d_url": null,
        "date_plantation": null,
        "date_maj": null,
        "localisation": "Parc Hamelin Oberthür, Rennes",
        "type_taille": "Libre",
        "fonction": "Ornement",
        "source_properties": {
          "id": 135412,
          "localisation": "Parc Hamelin Oberthür, Rennes",
          "abattu": 0,
          "nom_commun": "Thuya de Californie",
          "genre": "Thuja",
          "espece": "plicata",
          "variete": "Zebrina",
          "hauteur": 12,
          "circonference": 95,
          "houppier": 4,
          "hauteur_1_ere_feuille": 2,
          "date_plantation": null,
          "date_maj": null,
          "id_gestion": "0473AORN52798",
          "complement": null,
          "type_taille": "Libre",
          "fonction": "Ornement",
          "gml_id": "arbre.135412",
          "code_insee": "35238",
          "secteur": null,
          "id_regroupement": null,
          "classe_biodiv": null,
          "date_entretien": null,
          "frequence_entretien": null,
          "date_proch_entretien": null
        }
      }
    },
    {
      "type": "Feature",
      "id": "rennes-arbre-135418",
      "geometry": {
        "type": "Point",
        "coordinates": [
          -1.660133828034179,
          48.11266084119578
        ]
      },
      "properties": {
        "source_id": 135418,
        "id_gestion": "0473AORN58450",
        "nom": "Houx",
        "nom_source": "Houx",
        "nom_scientifique": "Ilex aquifolium",
        "espece": "aquifolium",
        "hauteur_m": 2,
        "circonference_cm": 100,
        "houppier_m": 1,
        "hauteur_1_ere_feuille_m": null,
        "remarquable": null,
        "description": null,
        "photo_url": null,
        "model_3d_url": null,
        "date_plantation": null,
        "date_maj": null,
        "localisation": "Parc Hamelin Oberthür, Rennes",
        "type_taille": "Cépée",
        "fonction": "Ornement",
        "source_properties": {
          "id": 135418,
          "localisation": "Parc Hamelin Oberthür, Rennes",
          "abattu": 0,
          "nom_commun": "Houx",
          "genre": "Ilex",
          "espece": "aquifolium",
          "variete": null,
          "hauteur": 2,
          "circonference": 100,
          "houppier": 1,
          "hauteur_1_ere_feuille": 0,
          "date_plantation": null,
          "date_maj": null,
          "id_gestion": "0473AORN58450",
          "complement": null,
          "type_taille": "Cépée",
          "fonction": "Ornement",
          "gml_id": "arbre.135418",
          "code_insee": "35238",
          "secteur": null,
          "id_regroupement": null,
          "classe_biodiv": null,
          "date_entretien": null,
          "frequence_entretien": null,
          "date_proch_entretien": null
        }
      }
    },
    {
      "type": "Feature",
      "id": "rennes-arbre-135419",
      "geometry": {
        "type": "Point",
        "coordinates": [
          -1.659656375024793,
          48.11367463238576
        ]
      },
      "properties": {
        "source_id": 135419,
        "id_gestion": "0473AORN44174",
        "nom": "Laurier sauce",
        "nom_source": "Laurier sauce",
        "nom_scientifique": "Laurus nobilis",
        "espece": "nobilis",
        "hauteur_m": 4,
        "circonference_cm": 180,
        "houppier_m": 2,
        "hauteur_1_ere_feuille_m": null,
        "remarquable": null,
        "description": null,
        "photo_url": null,
        "model_3d_url": null,
        "date_plantation": null,
        "date_maj": null,
        "localisation": "Parc Hamelin Oberthür, Rennes",
        "type_taille": "Cépée",
        "fonction": "Ornement",
        "source_properties": {
          "id": 135419,
          "localisation": "Parc Hamelin Oberthür, Rennes",
          "abattu": 0,
          "nom_commun": "Laurier sauce",
          "genre": "Laurus",
          "espece": "nobilis",
          "variete": null,
          "hauteur": 4,
          "circonference": 180,
          "houppier": 2,
          "hauteur_1_ere_feuille": 0,
          "date_plantation": null,
          "date_maj": null,
          "id_gestion": "0473AORN44174",
          "complement": null,
          "type_taille": "Cépée",
          "fonction": "Ornement",
          "gml_id": "arbre.135419",
          "code_insee": "35238",
          "secteur": null,
          "id_regroupement": null,
          "classe_biodiv": null,
          "date_entretien": null,
          "frequence_entretien": null,
          "date_proch_entretien": null
        }
      }
    },
    {
      "type": "Feature",
      "id": "rennes-arbre-135421",
      "geometry": {
        "type": "Point",
        "coordinates": [
          -1.660257277615212,
          48.11274964212139
        ]
      },
      "properties": {
        "source_id": 135421,
        "id_gestion": "0473AORN66262",
        "nom": "Houx",
        "nom_source": "Houx",
        "nom_scientifique": "Ilex aquifolium",
        "espece": "aquifolium",
        "hauteur_m": 2,
        "circonference_cm": 100,
        "houppier_m": 1,
        "hauteur_1_ere_feuille_m": null,
        "remarquable": null,
        "description": null,
        "photo_url": null,
        "model_3d_url": null,
        "date_plantation": null,
        "date_maj": null,
        "localisation": "Parc Hamelin Oberthür, Rennes",
        "type_taille": "Cépée",
        "fonction": "Ornement",
        "source_properties": {
          "id": 135421,
          "localisation": "Parc Hamelin Oberthür, Rennes",
          "abattu": 0,
          "nom_commun": "Houx",
          "genre": "Ilex",
          "espece": "aquifolium",
          "variete": null,
          "hauteur": 2,
          "circonference": 100,
          "houppier": 1,
          "hauteur_1_ere_feuille": 0,
          "date_plantation": null,
          "date_maj": null,
          "id_gestion": "0473AORN66262",
          "complement": null,
          "type_taille": "Cépée",
          "fonction": "Ornement",
          "gml_id": "arbre.135421",
          "code_insee": "35238",
          "secteur": null,
          "id_regroupement": null,
          "classe_biodiv": null,
          "date_entretien": null,
          "frequence_entretien": null,
          "date_proch_entretien": null
        }
      }
    },
    {
      "type": "Feature",
      "id": "rennes-arbre-135423",
      "geometry": {
        "type": "Point",
        "coordinates": [
          -1.659569520957306,
          48.112856994930326
        ]
      },
      "properties": {
        "source_id": 135423,
        "id_gestion": "0473AORN55666",
        "nom": "Houx",
        "nom_source": "Houx",
        "nom_scientifique": "Ilex aquifolium",
        "espece": "aquifolium",
        "hauteur_m": 10,
        "circonference_cm": 55,
        "houppier_m": 4,
        "hauteur_1_ere_feuille_m": 4,
        "remarquable": null,
        "description": null,
        "photo_url": null,
        "model_3d_url": null,
        "date_plantation": null,
        "date_maj": null,
        "localisation": "Parc Hamelin Oberthür, Rennes",
        "type_taille": "Libre",
        "fonction": "Ornement",
        "source_properties": {
          "id": 135423,
          "localisation": "Parc Hamelin Oberthür, Rennes",
          "abattu": 0,
          "nom_commun": "Houx",
          "genre": "Ilex",
          "espece": "aquifolium",
          "variete": null,
          "hauteur": 10,
          "circonference": 55,
          "houppier": 4,
          "hauteur_1_ere_feuille": 4,
          "date_plantation": null,
          "date_maj": null,
          "id_gestion": "0473AORN55666",
          "complement": null,
          "type_taille": "Libre",
          "fonction": "Ornement",
          "gml_id": "arbre.135423",
          "code_insee": "35238",
          "secteur": null,
          "id_regroupement": null,
          "classe_biodiv": null,
          "date_entretien": null,
          "frequence_entretien": null,
          "date_proch_entretien": null
        }
      }
    },
    {
      "type": "Feature",
      "id": "rennes-arbre-135424",
      "geometry": {
        "type": "Point",
        "coordinates": [
          -1.659028866301078,
          48.111900286191165
        ]
      },
      "properties": {
        "source_id": 135424,
        "id_gestion": "0473AORN45373",
        "nom": "Houx",
        "nom_source": "Houx",
        "nom_scientifique": "Ilex aquifolium J.C Van Tol",
        "espece": "aquifolium",
        "hauteur_m": 9,
        "circonference_cm": 100,
        "houppier_m": 4,
        "hauteur_1_ere_feuille_m": null,
        "remarquable": null,
        "description": null,
        "photo_url": null,
        "model_3d_url": null,
        "date_plantation": null,
        "date_maj": null,
        "localisation": null,
        "type_taille": "Libre",
        "fonction": "Ornement",
        "source_properties": {
          "id": 135424,
          "localisation": null,
          "abattu": 0,
          "nom_commun": "Houx",
          "genre": "Ilex",
          "espece": "aquifolium",
          "variete": "J.C Van Tol",
          "hauteur": 9,
          "circonference": 100,
          "houppier": 4,
          "hauteur_1_ere_feuille": 0,
          "date_plantation": null,
          "date_maj": null,
          "id_gestion": "0473AORN45373",
          "complement": null,
          "type_taille": "Libre",
          "fonction": "Ornement",
          "gml_id": "arbre.135424",
          "code_insee": "35238",
          "secteur": null,
          "id_regroupement": null,
          "classe_biodiv": null,
          "date_entretien": null,
          "frequence_entretien": null,
          "date_proch_entretien": null
        }
      }
    },
    {
      "type": "Feature",
      "id": "rennes-arbre-135425",
      "geometry": {
        "type": "Point",
        "coordinates": [
          -1.659131064609707,
          48.11219125625438
        ]
      },
      "properties": {
        "source_id": 135425,
        "id_gestion": "0473AORN35994",
        "nom": "Hêtre commun",
        "nom_source": "Hêtre commun",
        "nom_scientifique": "Fagus sylvatica",
        "espece": "sylvatica",
        "hauteur_m": 16,
        "circonference_cm": 145,
        "houppier_m": 7,
        "hauteur_1_ere_feuille_m": 3,
        "remarquable": null,
        "description": null,
        "photo_url": null,
        "model_3d_url": null,
        "date_plantation": null,
        "date_maj": null,
        "localisation": "Parc Hamelin Oberthür, Rennes",
        "type_taille": "Libre",
        "fonction": "Ornement",
        "source_properties": {
          "id": 135425,
          "localisation": "Parc Hamelin Oberthür, Rennes",
          "abattu": 0,
          "nom_commun": "Hêtre commun",
          "genre": "Fagus",
          "espece": "sylvatica",
          "variete": null,
          "hauteur": 16,
          "circonference": 145,
          "houppier": 7,
          "hauteur_1_ere_feuille": 3,
          "date_plantation": null,
          "date_maj": null,
          "id_gestion": "0473AORN35994",
          "complement": null,
          "type_taille": "Libre",
          "fonction": "Ornement",
          "gml_id": "arbre.135425",
          "code_insee": "35238",
          "secteur": null,
          "id_regroupement": null,
          "classe_biodiv": null,
          "date_entretien": null,
          "frequence_entretien": null,
          "date_proch_entretien": null
        }
      }
    },
    {
      "type": "Feature",
      "id": "rennes-arbre-135426",
      "geometry": {
        "type": "Point",
        "coordinates": [
          -1.658780160165967,
          48.11167973754993
        ]
      },
      "properties": {
        "source_id": 135426,
        "id_gestion": "0473AORN4155",
        "nom": "If commun",
        "nom_source": "If commun",
        "nom_scientifique": "Taxus baccata",
        "espece": "baccata",
        "hauteur_m": 12,
        "circonference_cm": 115,
        "houppier_m": 5,
        "hauteur_1_ere_feuille_m": 2,
        "remarquable": null,
        "description": null,
        "photo_url": null,
        "model_3d_url": null,
        "date_plantation": null,
        "date_maj": null,
        "localisation": "Parc Hamelin Oberthür, Rennes",
        "type_taille": "Libre",
        "fonction": "Ornement",
        "source_properties": {
          "id": 135426,
          "localisation": "Parc Hamelin Oberthür, Rennes",
          "abattu": 0,
          "nom_commun": "If commun",
          "genre": "Taxus",
          "espece": "baccata",
          "variete": null,
          "hauteur": 12,
          "circonference": 115,
          "houppier": 5,
          "hauteur_1_ere_feuille": 2,
          "date_plantation": null,
          "date_maj": null,
          "id_gestion": "0473AORN4155",
          "complement": null,
          "type_taille": "Libre",
          "fonction": "Ornement",
          "gml_id": "arbre.135426",
          "code_insee": "35238",
          "secteur": null,
          "id_regroupement": null,
          "classe_biodiv": null,
          "date_entretien": null,
          "frequence_entretien": null,
          "date_proch_entretien": null
        }
      }
    },
    {
      "type": "Feature",
      "id": "rennes-arbre-135427",
      "geometry": {
        "type": "Point",
        "coordinates": [
          -1.659582129645966,
          48.113356351384766
        ]
      },
      "properties": {
        "source_id": 135427,
        "id_gestion": "0473AORN39039",
        "nom": "Cèdre de l'Atlas",
        "nom_source": "Cèdre de l'Atlas",
        "nom_scientifique": "Cedrus atlantica Glauca",
        "espece": "atlantica",
        "hauteur_m": 16,
        "circonference_cm": 200,
        "houppier_m": 9,
        "hauteur_1_ere_feuille_m": 1,
        "remarquable": null,
        "description": null,
        "photo_url": null,
        "model_3d_url": null,
        "date_plantation": null,
        "date_maj": null,
        "localisation": "Parc Hamelin Oberthür, Rennes",
        "type_taille": "Libre",
        "fonction": "Ornement",
        "source_properties": {
          "id": 135427,
          "localisation": "Parc Hamelin Oberthür, Rennes",
          "abattu": 0,
          "nom_commun": "Cèdre de l'Atlas",
          "genre": "Cedrus",
          "espece": "atlantica",
          "variete": "Glauca",
          "hauteur": 16,
          "circonference": 200,
          "houppier": 9,
          "hauteur_1_ere_feuille": 1,
          "date_plantation": null,
          "date_maj": null,
          "id_gestion": "0473AORN39039",
          "complement": null,
          "type_taille": "Libre",
          "fonction": "Ornement",
          "gml_id": "arbre.135427",
          "code_insee": "35238",
          "secteur": null,
          "id_regroupement": null,
          "classe_biodiv": null,
          "date_entretien": null,
          "frequence_entretien": null,
          "date_proch_entretien": null
        }
      }
    },
    {
      "type": "Feature",
      "id": "rennes-arbre-135430",
      "geometry": {
        "type": "Point",
        "coordinates": [
          -1.659423673366359,
          48.112259167762204
        ]
      },
      "properties": {
        "source_id": 135430,
        "id_gestion": "0473AORN53287",
        "nom": "Cyprès chauve",
        "nom_source": "Cyprès chauve",
        "nom_scientifique": "Taxodium distichum",
        "espece": "distichum",
        "hauteur_m": 22,
        "circonference_cm": 205,
        "houppier_m": 8,
        "hauteur_1_ere_feuille_m": 4,
        "remarquable": null,
        "description": null,
        "photo_url": null,
        "model_3d_url": null,
        "date_plantation": null,
        "date_maj": null,
        "localisation": "Parc Hamelin Oberthür, Rennes",
        "type_taille": "Libre",
        "fonction": "Ornement",
        "source_properties": {
          "id": 135430,
          "localisation": "Parc Hamelin Oberthür, Rennes",
          "abattu": 0,
          "nom_commun": "Cyprès chauve",
          "genre": "Taxodium",
          "espece": "distichum",
          "variete": null,
          "hauteur": 22,
          "circonference": 205,
          "houppier": 8,
          "hauteur_1_ere_feuille": 4,
          "date_plantation": null,
          "date_maj": null,
          "id_gestion": "0473AORN53287",
          "complement": null,
          "type_taille": "Libre",
          "fonction": "Ornement",
          "gml_id": "arbre.135430",
          "code_insee": "35238",
          "secteur": null,
          "id_regroupement": null,
          "classe_biodiv": null,
          "date_entretien": null,
          "frequence_entretien": null,
          "date_proch_entretien": null
        }
      }
    },
    {
      "type": "Feature",
      "id": "rennes-arbre-135431",
      "geometry": {
        "type": "Point",
        "coordinates": [
          -1.660703895821571,
          48.11321467630853
        ]
      },
      "properties": {
        "source_id": 135431,
        "id_gestion": "0473AORN14914",
        "nom": "Magnolia à grandes fleurs",
        "nom_source": "Magnolia à grandes fleurs",
        "nom_scientifique": "Magnolia grandiflora",
        "espece": "grandiflora",
        "hauteur_m": 15,
        "circonference_cm": 400,
        "houppier_m": 10,
        "hauteur_1_ere_feuille_m": 4,
        "remarquable": null,
        "description": null,
        "photo_url": null,
        "model_3d_url": null,
        "date_plantation": null,
        "date_maj": null,
        "localisation": "Parc Hamelin Oberthür, Rennes",
        "type_taille": "Cépée",
        "fonction": "Ornement",
        "source_properties": {
          "id": 135431,
          "localisation": "Parc Hamelin Oberthür, Rennes",
          "abattu": 0,
          "nom_commun": "Magnolia à grandes fleurs",
          "genre": "Magnolia",
          "espece": "grandiflora",
          "variete": null,
          "hauteur": 15,
          "circonference": 400,
          "houppier": 10,
          "hauteur_1_ere_feuille": 4,
          "date_plantation": null,
          "date_maj": null,
          "id_gestion": "0473AORN14914",
          "complement": null,
          "type_taille": "Cépée",
          "fonction": "Ornement",
          "gml_id": "arbre.135431",
          "code_insee": "35238",
          "secteur": null,
          "id_regroupement": null,
          "classe_biodiv": null,
          "date_entretien": null,
          "frequence_entretien": null,
          "date_proch_entretien": null
        }
      }
    },
    {
      "type": "Feature",
      "id": "rennes-arbre-135433",
      "geometry": {
        "type": "Point",
        "coordinates": [
          -1.659626505066793,
          48.11375398283562
        ]
      },
      "properties": {
        "source_id": 135433,
        "id_gestion": "0473AORN69031",
        "nom": "Marronnier d'Inde",
        "nom_source": "Marronnier d'Inde",
        "nom_scientifique": "Aesculus hippocastanum",
        "espece": "hippocastanum",
        "hauteur_m": 14,
        "circonference_cm": 105,
        "houppier_m": 10,
        "hauteur_1_ere_feuille_m": 2,
        "remarquable": null,
        "description": null,
        "photo_url": null,
        "model_3d_url": null,
        "date_plantation": null,
        "date_maj": null,
        "localisation": "Parc Hamelin Oberthür, Rennes",
        "type_taille": "Libre",
        "fonction": "Ornement",
        "source_properties": {
          "id": 135433,
          "localisation": "Parc Hamelin Oberthür, Rennes",
          "abattu": 0,
          "nom_commun": "Marronnier d'Inde",
          "genre": "Aesculus",
          "espece": "hippocastanum",
          "variete": null,
          "hauteur": 14,
          "circonference": 105,
          "houppier": 10,
          "hauteur_1_ere_feuille": 2,
          "date_plantation": null,
          "date_maj": null,
          "id_gestion": "0473AORN69031",
          "complement": null,
          "type_taille": "Libre",
          "fonction": "Ornement",
          "gml_id": "arbre.135433",
          "code_insee": "35238",
          "secteur": null,
          "id_regroupement": null,
          "classe_biodiv": null,
          "date_entretien": null,
          "frequence_entretien": null,
          "date_proch_entretien": null
        }
      }
    },
    {
      "type": "Feature",
      "id": "rennes-arbre-135434",
      "geometry": {
        "type": "Point",
        "coordinates": [
          -1.658660353431633,
          48.11170785978445
        ]
      },
      "properties": {
        "source_id": 135434,
        "id_gestion": "0473AORN33072",
        "nom": "If commun",
        "nom_source": "If commun",
        "nom_scientifique": "Taxus baccata",
        "espece": "baccata",
        "hauteur_m": 12,
        "circonference_cm": 120,
        "houppier_m": 6,
        "hauteur_1_ere_feuille_m": 4,
        "remarquable": null,
        "description": null,
        "photo_url": null,
        "model_3d_url": null,
        "date_plantation": null,
        "date_maj": null,
        "localisation": "Parc Hamelin Oberthür, Rennes",
        "type_taille": "Libre",
        "fonction": "Ornement",
        "source_properties": {
          "id": 135434,
          "localisation": "Parc Hamelin Oberthür, Rennes",
          "abattu": 0,
          "nom_commun": "If commun",
          "genre": "Taxus",
          "espece": "baccata",
          "variete": null,
          "hauteur": 12,
          "circonference": 120,
          "houppier": 6,
          "hauteur_1_ere_feuille": 4,
          "date_plantation": null,
          "date_maj": null,
          "id_gestion": "0473AORN33072",
          "complement": null,
          "type_taille": "Libre",
          "fonction": "Ornement",
          "gml_id": "arbre.135434",
          "code_insee": "35238",
          "secteur": null,
          "id_regroupement": null,
          "classe_biodiv": null,
          "date_entretien": null,
          "frequence_entretien": null,
          "date_proch_entretien": null
        }
      }
    },
    {
      "type": "Feature",
      "id": "rennes-arbre-135435",
      "geometry": {
        "type": "Point",
        "coordinates": [
          -1.660186130058515,
          48.1123334840969
        ]
      },
      "properties": {
        "source_id": 135435,
        "id_gestion": "0473AORN23809",
        "nom": "Catalpa commun",
        "nom_source": "Catalpa commun",
        "nom_scientifique": "Catalpa bignonioides",
        "espece": "bignonioides",
        "hauteur_m": 8,
        "circonference_cm": 120,
        "houppier_m": 6,
        "hauteur_1_ere_feuille_m": 2,
        "remarquable": null,
        "description": null,
        "photo_url": null,
        "model_3d_url": null,
        "date_plantation": null,
        "date_maj": null,
        "localisation": "Parc Hamelin Oberthür, Rennes",
        "type_taille": "Libre",
        "fonction": "Ornement",
        "source_properties": {
          "id": 135435,
          "localisation": "Parc Hamelin Oberthür, Rennes",
          "abattu": 0,
          "nom_commun": "Catalpa commun",
          "genre": "Catalpa",
          "espece": "bignonioides",
          "variete": null,
          "hauteur": 8,
          "circonference": 120,
          "houppier": 6,
          "hauteur_1_ere_feuille": 2,
          "date_plantation": null,
          "date_maj": null,
          "id_gestion": "0473AORN23809",
          "complement": null,
          "type_taille": "Libre",
          "fonction": "Ornement",
          "gml_id": "arbre.135435",
          "code_insee": "35238",
          "secteur": null,
          "id_regroupement": null,
          "classe_biodiv": null,
          "date_entretien": null,
          "frequence_entretien": null,
          "date_proch_entretien": null
        }
      }
    },
    {
      "type": "Feature",
      "id": "rennes-arbre-135438",
      "geometry": {
        "type": "Point",
        "coordinates": [
          -1.659191930201199,
          48.112311092835746
        ]
      },
      "properties": {
        "source_id": 135438,
        "id_gestion": "0473AORN54773",
        "nom": "Séquoia géant",
        "nom_source": "Séquoia géant",
        "nom_scientifique": "Sequoiadendron giganteum",
        "espece": "giganteum",
        "hauteur_m": 24,
        "circonference_cm": 315,
        "houppier_m": 4,
        "hauteur_1_ere_feuille_m": 4,
        "remarquable": null,
        "description": null,
        "photo_url": null,
        "model_3d_url": null,
        "date_plantation": null,
        "date_maj": null,
        "localisation": "Parc Hamelin Oberthür, Rennes",
        "type_taille": "Libre",
        "fonction": "Ornement",
        "source_properties": {
          "id": 135438,
          "localisation": "Parc Hamelin Oberthür, Rennes",
          "abattu": 0,
          "nom_commun": "Séquoia géant",
          "genre": "Sequoiadendron",
          "espece": "giganteum",
          "variete": null,
          "hauteur": 24,
          "circonference": 315,
          "houppier": 4,
          "hauteur_1_ere_feuille": 4,
          "date_plantation": null,
          "date_maj": null,
          "id_gestion": "0473AORN54773",
          "complement": null,
          "type_taille": "Libre",
          "fonction": "Ornement",
          "gml_id": "arbre.135438",
          "code_insee": "35238",
          "secteur": null,
          "id_regroupement": null,
          "classe_biodiv": null,
          "date_entretien": null,
          "frequence_entretien": null,
          "date_proch_entretien": null
        }
      }
    },
    {
      "type": "Feature",
      "id": "rennes-arbre-135442",
      "geometry": {
        "type": "Point",
        "coordinates": [
          -1.658738977726571,
          48.11172697008117
        ]
      },
      "properties": {
        "source_id": 135442,
        "id_gestion": "0473AORN33760",
        "nom": "If commun",
        "nom_source": "If commun",
        "nom_scientifique": "Taxus baccata",
        "espece": "baccata",
        "hauteur_m": 12,
        "circonference_cm": 150,
        "houppier_m": 5,
        "hauteur_1_ere_feuille_m": 2,
        "remarquable": null,
        "description": null,
        "photo_url": null,
        "model_3d_url": null,
        "date_plantation": null,
        "date_maj": null,
        "localisation": "Parc Hamelin Oberthür, Rennes",
        "type_taille": "Libre",
        "fonction": "Ornement",
        "source_properties": {
          "id": 135442,
          "localisation": "Parc Hamelin Oberthür, Rennes",
          "abattu": 0,
          "nom_commun": "If commun",
          "genre": "Taxus",
          "espece": "baccata",
          "variete": null,
          "hauteur": 12,
          "circonference": 150,
          "houppier": 5,
          "hauteur_1_ere_feuille": 2,
          "date_plantation": null,
          "date_maj": null,
          "id_gestion": "0473AORN33760",
          "complement": null,
          "type_taille": "Libre",
          "fonction": "Ornement",
          "gml_id": "arbre.135442",
          "code_insee": "35238",
          "secteur": null,
          "id_regroupement": null,
          "classe_biodiv": null,
          "date_entretien": null,
          "frequence_entretien": null,
          "date_proch_entretien": null
        }
      }
    },
    {
      "type": "Feature",
      "id": "rennes-arbre-135444",
      "geometry": {
        "type": "Point",
        "coordinates": [
          -1.660653804215868,
          48.11309690411902
        ]
      },
      "properties": {
        "source_id": 135444,
        "id_gestion": "0473AORN4672",
        "nom": "If commun",
        "nom_source": "If commun",
        "nom_scientifique": "Taxus baccata",
        "espece": "baccata",
        "hauteur_m": 16,
        "circonference_cm": 210,
        "houppier_m": 8,
        "hauteur_1_ere_feuille_m": 4,
        "remarquable": null,
        "description": null,
        "photo_url": null,
        "model_3d_url": null,
        "date_plantation": null,
        "date_maj": null,
        "localisation": "Parc Hamelin Oberthür, Rennes",
        "type_taille": "Libre",
        "fonction": "Ornement",
        "source_properties": {
          "id": 135444,
          "localisation": "Parc Hamelin Oberthür, Rennes",
          "abattu": 0,
          "nom_commun": "If commun",
          "genre": "Taxus",
          "espece": "baccata",
          "variete": null,
          "hauteur": 16,
          "circonference": 210,
          "houppier": 8,
          "hauteur_1_ere_feuille": 4,
          "date_plantation": null,
          "date_maj": null,
          "id_gestion": "0473AORN4672",
          "complement": null,
          "type_taille": "Libre",
          "fonction": "Ornement",
          "gml_id": "arbre.135444",
          "code_insee": "35238",
          "secteur": null,
          "id_regroupement": null,
          "classe_biodiv": null,
          "date_entretien": null,
          "frequence_entretien": null,
          "date_proch_entretien": null
        }
      }
    },
    {
      "type": "Feature",
      "id": "rennes-arbre-135445",
      "geometry": {
        "type": "Point",
        "coordinates": [
          -1.658600248739838,
          48.112164504437196
        ]
      },
      "properties": {
        "source_id": 135445,
        "id_gestion": "0473AORN62429",
        "nom": "Houx",
        "nom_source": "Houx",
        "nom_scientifique": "Ilex aquifolium J.C Van Tol",
        "espece": "aquifolium",
        "hauteur_m": 12,
        "circonference_cm": 90,
        "houppier_m": 5,
        "hauteur_1_ere_feuille_m": 2,
        "remarquable": null,
        "description": null,
        "photo_url": null,
        "model_3d_url": null,
        "date_plantation": null,
        "date_maj": null,
        "localisation": "Parc Hamelin Oberthür, Rennes",
        "type_taille": "Libre",
        "fonction": "Ornement",
        "source_properties": {
          "id": 135445,
          "localisation": "Parc Hamelin Oberthür, Rennes",
          "abattu": 0,
          "nom_commun": "Houx",
          "genre": "Ilex",
          "espece": "aquifolium",
          "variete": "J.C Van Tol",
          "hauteur": 12,
          "circonference": 90,
          "houppier": 5,
          "hauteur_1_ere_feuille": 2,
          "date_plantation": null,
          "date_maj": null,
          "id_gestion": "0473AORN62429",
          "complement": null,
          "type_taille": "Libre",
          "fonction": "Ornement",
          "gml_id": "arbre.135445",
          "code_insee": "35238",
          "secteur": null,
          "id_regroupement": null,
          "classe_biodiv": null,
          "date_entretien": null,
          "frequence_entretien": null,
          "date_proch_entretien": null
        }
      }
    },
    {
      "type": "Feature",
      "id": "rennes-arbre-135448",
      "geometry": {
        "type": "Point",
        "coordinates": [
          -1.660177730306595,
          48.11259631917818
        ]
      },
      "properties": {
        "source_id": 135448,
        "id_gestion": "0473AORN46267",
        "nom": "Chêne pédonculé",
        "nom_source": "Chêne pédonculé",
        "nom_scientifique": "Quercus robur",
        "espece": "robur",
        "hauteur_m": 25,
        "circonference_cm": 500,
        "houppier_m": 15,
        "hauteur_1_ere_feuille_m": 4,
        "remarquable": null,
        "description": null,
        "photo_url": null,
        "model_3d_url": null,
        "date_plantation": null,
        "date_maj": null,
        "localisation": "Parc Hamelin Oberthür, Rennes",
        "type_taille": "Libre",
        "fonction": "Ornement",
        "source_properties": {
          "id": 135448,
          "localisation": "Parc Hamelin Oberthür, Rennes",
          "abattu": 0,
          "nom_commun": "Chêne pédonculé",
          "genre": "Quercus",
          "espece": "robur",
          "variete": null,
          "hauteur": 25,
          "circonference": 500,
          "houppier": 15,
          "hauteur_1_ere_feuille": 4,
          "date_plantation": null,
          "date_maj": null,
          "id_gestion": "0473AORN46267",
          "complement": null,
          "type_taille": "Libre",
          "fonction": "Ornement",
          "gml_id": "arbre.135448",
          "code_insee": "35238",
          "secteur": null,
          "id_regroupement": null,
          "classe_biodiv": null,
          "date_entretien": null,
          "frequence_entretien": null,
          "date_proch_entretien": null
        }
      }
    },
    {
      "type": "Feature",
      "id": "rennes-arbre-135449",
      "geometry": {
        "type": "Point",
        "coordinates": [
          -1.658781296771894,
          48.11248597979336
        ]
      },
      "properties": {
        "source_id": 135449,
        "id_gestion": "0473AORN45309",
        "nom": "Arbre aux clochettes d'argent",
        "nom_source": "Arbre aux clochettes d'argent",
        "nom_scientifique": "Halesia carolina",
        "espece": "carolina",
        "hauteur_m": 6,
        "circonference_cm": 120,
        "houppier_m": 3,
        "hauteur_1_ere_feuille_m": 1,
        "remarquable": null,
        "description": null,
        "photo_url": null,
        "model_3d_url": null,
        "date_plantation": null,
        "date_maj": null,
        "localisation": "Parc Hamelin Oberthür, Rennes",
        "type_taille": "Cépée",
        "fonction": "Ornement",
        "source_properties": {
          "id": 135449,
          "localisation": "Parc Hamelin Oberthür, Rennes",
          "abattu": 0,
          "nom_commun": "Arbre aux clochettes d'argent",
          "genre": "Halesia",
          "espece": "carolina",
          "variete": null,
          "hauteur": 6,
          "circonference": 120,
          "houppier": 3,
          "hauteur_1_ere_feuille": 1,
          "date_plantation": null,
          "date_maj": null,
          "id_gestion": "0473AORN45309",
          "complement": null,
          "type_taille": "Cépée",
          "fonction": "Ornement",
          "gml_id": "arbre.135449",
          "code_insee": "35238",
          "secteur": null,
          "id_regroupement": null,
          "classe_biodiv": null,
          "date_entretien": null,
          "frequence_entretien": null,
          "date_proch_entretien": null
        }
      }
    },
    {
      "type": "Feature",
      "id": "rennes-arbre-135450",
      "geometry": {
        "type": "Point",
        "coordinates": [
          -1.659007467281912,
          48.11177457668279
        ]
      },
      "properties": {
        "source_id": 135450,
        "id_gestion": "0473AORN39183",
        "nom": "Hêtre commun",
        "nom_source": "Hêtre commun",
        "nom_scientifique": "Fagus sylvatica",
        "espece": "sylvatica",
        "hauteur_m": 13,
        "circonference_cm": 115,
        "houppier_m": 7,
        "hauteur_1_ere_feuille_m": 2,
        "remarquable": null,
        "description": null,
        "photo_url": null,
        "model_3d_url": null,
        "date_plantation": null,
        "date_maj": null,
        "localisation": "Parc Hamelin Oberthür, Rennes",
        "type_taille": "Libre",
        "fonction": "Ornement",
        "source_properties": {
          "id": 135450,
          "localisation": "Parc Hamelin Oberthür, Rennes",
          "abattu": 0,
          "nom_commun": "Hêtre commun",
          "genre": "Fagus",
          "espece": "sylvatica",
          "variete": null,
          "hauteur": 13,
          "circonference": 115,
          "houppier": 7,
          "hauteur_1_ere_feuille": 2,
          "date_plantation": null,
          "date_maj": null,
          "id_gestion": "0473AORN39183",
          "complement": null,
          "type_taille": "Libre",
          "fonction": "Ornement",
          "gml_id": "arbre.135450",
          "code_insee": "35238",
          "secteur": null,
          "id_regroupement": null,
          "classe_biodiv": null,
          "date_entretien": null,
          "frequence_entretien": null,
          "date_proch_entretien": null
        }
      }
    },
    {
      "type": "Feature",
      "id": "rennes-arbre-135451",
      "geometry": {
        "type": "Point",
        "coordinates": [
          -1.659711823975898,
          48.111611795531864
        ]
      },
      "properties": {
        "source_id": 135451,
        "id_gestion": "0473AORN34325",
        "nom": "Cyprès de Lawson",
        "nom_source": "Cyprès de Lawson",
        "nom_scientifique": "Chamaecyparis lawsoniana",
        "espece": "lawsoniana",
        "hauteur_m": 10,
        "circonference_cm": 115,
        "houppier_m": 4,
        "hauteur_1_ere_feuille_m": 1,
        "remarquable": null,
        "description": null,
        "photo_url": null,
        "model_3d_url": null,
        "date_plantation": null,
        "date_maj": null,
        "localisation": "Parc Hamelin Oberthür, Rennes",
        "type_taille": "Libre",
        "fonction": "Ornement",
        "source_properties": {
          "id": 135451,
          "localisation": "Parc Hamelin Oberthür, Rennes",
          "abattu": 0,
          "nom_commun": "Cyprès de Lawson",
          "genre": "Chamaecyparis",
          "espece": "lawsoniana",
          "variete": null,
          "hauteur": 10,
          "circonference": 115,
          "houppier": 4,
          "hauteur_1_ere_feuille": 1,
          "date_plantation": null,
          "date_maj": null,
          "id_gestion": "0473AORN34325",
          "complement": null,
          "type_taille": "Libre",
          "fonction": "Ornement",
          "gml_id": "arbre.135451",
          "code_insee": "35238",
          "secteur": null,
          "id_regroupement": null,
          "classe_biodiv": null,
          "date_entretien": null,
          "frequence_entretien": null,
          "date_proch_entretien": null
        }
      }
    },
    {
      "type": "Feature",
      "id": "rennes-arbre-135453",
      "geometry": {
        "type": "Point",
        "coordinates": [
          -1.660234304996262,
          48.112765820944446
        ]
      },
      "properties": {
        "source_id": 135453,
        "id_gestion": "0473AORN8241",
        "nom": "Houx",
        "nom_source": "Houx",
        "nom_scientifique": "Ilex aquifolium",
        "espece": "aquifolium",
        "hauteur_m": 2,
        "circonference_cm": 100,
        "houppier_m": 1,
        "hauteur_1_ere_feuille_m": null,
        "remarquable": null,
        "description": null,
        "photo_url": null,
        "model_3d_url": null,
        "date_plantation": null,
        "date_maj": null,
        "localisation": "Parc Hamelin Oberthür, Rennes",
        "type_taille": "Cépée",
        "fonction": "Ornement",
        "source_properties": {
          "id": 135453,
          "localisation": "Parc Hamelin Oberthür, Rennes",
          "abattu": 0,
          "nom_commun": "Houx",
          "genre": "Ilex",
          "espece": "aquifolium",
          "variete": null,
          "hauteur": 2,
          "circonference": 100,
          "houppier": 1,
          "hauteur_1_ere_feuille": 0,
          "date_plantation": null,
          "date_maj": null,
          "id_gestion": "0473AORN8241",
          "complement": null,
          "type_taille": "Cépée",
          "fonction": "Ornement",
          "gml_id": "arbre.135453",
          "code_insee": "35238",
          "secteur": null,
          "id_regroupement": null,
          "classe_biodiv": null,
          "date_entretien": null,
          "frequence_entretien": null,
          "date_proch_entretien": null
        }
      }
    },
    {
      "type": "Feature",
      "id": "rennes-arbre-135454",
      "geometry": {
        "type": "Point",
        "coordinates": [
          -1.658718783592129,
          48.112376284544794
        ]
      },
      "properties": {
        "source_id": 135454,
        "id_gestion": "0473AORN71778",
        "nom": "Cyprès de Lawson",
        "nom_source": "Cyprès de Lawson",
        "nom_scientifique": "Chamaecyparis lawsoniana Allumii",
        "espece": "lawsoniana",
        "hauteur_m": 10,
        "circonference_cm": 100,
        "houppier_m": 4,
        "hauteur_1_ere_feuille_m": 2,
        "remarquable": null,
        "description": null,
        "photo_url": null,
        "model_3d_url": null,
        "date_plantation": null,
        "date_maj": null,
        "localisation": "Parc Hamelin Oberthür, Rennes",
        "type_taille": "Libre",
        "fonction": "Ornement",
        "source_properties": {
          "id": 135454,
          "localisation": "Parc Hamelin Oberthür, Rennes",
          "abattu": 0,
          "nom_commun": "Cyprès de Lawson",
          "genre": "Chamaecyparis",
          "espece": "lawsoniana",
          "variete": "Allumii",
          "hauteur": 10,
          "circonference": 100,
          "houppier": 4,
          "hauteur_1_ere_feuille": 2,
          "date_plantation": null,
          "date_maj": null,
          "id_gestion": "0473AORN71778",
          "complement": null,
          "type_taille": "Libre",
          "fonction": "Ornement",
          "gml_id": "arbre.135454",
          "code_insee": "35238",
          "secteur": null,
          "id_regroupement": null,
          "classe_biodiv": null,
          "date_entretien": null,
          "frequence_entretien": null,
          "date_proch_entretien": null
        }
      }
    },
    {
      "type": "Feature",
      "id": "rennes-arbre-135456",
      "geometry": {
        "type": "Point",
        "coordinates": [
          -1.659613631489688,
          48.11145190496911
        ]
      },
      "properties": {
        "source_id": 135456,
        "id_gestion": "0473AORN22596",
        "nom": "Erable sycomore",
        "nom_source": "Erable sycomore",
        "nom_scientifique": "Acer pseudoplatanus",
        "espece": "pseudoplatanus",
        "hauteur_m": 25,
        "circonference_cm": 290,
        "houppier_m": 16,
        "hauteur_1_ere_feuille_m": 10,
        "remarquable": null,
        "description": null,
        "photo_url": null,
        "model_3d_url": null,
        "date_plantation": null,
        "date_maj": null,
        "localisation": "Parc Hamelin Oberthür, Rennes",
        "type_taille": "Libre",
        "fonction": "Ornement",
        "source_properties": {
          "id": 135456,
          "localisation": "Parc Hamelin Oberthür, Rennes",
          "abattu": 0,
          "nom_commun": "Erable sycomore",
          "genre": "Acer",
          "espece": "pseudoplatanus",
          "variete": null,
          "hauteur": 25,
          "circonference": 290,
          "houppier": 16,
          "hauteur_1_ere_feuille": 10,
          "date_plantation": null,
          "date_maj": null,
          "id_gestion": "0473AORN22596",
          "complement": null,
          "type_taille": "Libre",
          "fonction": "Ornement",
          "gml_id": "arbre.135456",
          "code_insee": "35238",
          "secteur": null,
          "id_regroupement": null,
          "classe_biodiv": null,
          "date_entretien": null,
          "frequence_entretien": null,
          "date_proch_entretien": null
        }
      }
    },
    {
      "type": "Feature",
      "id": "rennes-arbre-135459",
      "geometry": {
        "type": "Point",
        "coordinates": [
          -1.658763720042451,
          48.11194122477695
        ]
      },
      "properties": {
        "source_id": 135459,
        "id_gestion": "0473AORN1342",
        "nom": "Chêne chevelu",
        "nom_source": "Chêne chevelu",
        "nom_scientifique": "Quercus cerris",
        "espece": "cerris",
        "hauteur_m": 26,
        "circonference_cm": 285,
        "houppier_m": 12,
        "hauteur_1_ere_feuille_m": 6,
        "remarquable": null,
        "description": null,
        "photo_url": null,
        "model_3d_url": null,
        "date_plantation": null,
        "date_maj": null,
        "localisation": "Parc Hamelin Oberthür, Rennes",
        "type_taille": "Libre",
        "fonction": "Ornement",
        "source_properties": {
          "id": 135459,
          "localisation": "Parc Hamelin Oberthür, Rennes",
          "abattu": 0,
          "nom_commun": "Chêne chevelu",
          "genre": "Quercus",
          "espece": "cerris",
          "variete": null,
          "hauteur": 26,
          "circonference": 285,
          "houppier": 12,
          "hauteur_1_ere_feuille": 6,
          "date_plantation": null,
          "date_maj": null,
          "id_gestion": "0473AORN1342",
          "complement": null,
          "type_taille": "Libre",
          "fonction": "Ornement",
          "gml_id": "arbre.135459",
          "code_insee": "35238",
          "secteur": null,
          "id_regroupement": null,
          "classe_biodiv": null,
          "date_entretien": null,
          "frequence_entretien": null,
          "date_proch_entretien": null
        }
      }
    },
    {
      "type": "Feature",
      "id": "rennes-arbre-135463",
      "geometry": {
        "type": "Point",
        "coordinates": [
          -1.658943668789251,
          48.11168001920126
        ]
      },
      "properties": {
        "source_id": 135463,
        "id_gestion": "0473AORN1322",
        "nom": "Sapin de Douglas",
        "nom_source": "Sapin de Douglas",
        "nom_scientifique": "Pseudotsuga menziesii",
        "espece": "menziesii",
        "hauteur_m": 25,
        "circonference_cm": 180,
        "houppier_m": 6,
        "hauteur_1_ere_feuille_m": 12,
        "remarquable": null,
        "description": null,
        "photo_url": null,
        "model_3d_url": null,
        "date_plantation": null,
        "date_maj": null,
        "localisation": "Parc Hamelin Oberthür, Rennes",
        "type_taille": "Libre",
        "fonction": "Ornement",
        "source_properties": {
          "id": 135463,
          "localisation": "Parc Hamelin Oberthür, Rennes",
          "abattu": 0,
          "nom_commun": "Sapin de Douglas",
          "genre": "Pseudotsuga",
          "espece": "menziesii",
          "variete": null,
          "hauteur": 25,
          "circonference": 180,
          "houppier": 6,
          "hauteur_1_ere_feuille": 12,
          "date_plantation": null,
          "date_maj": null,
          "id_gestion": "0473AORN1322",
          "complement": null,
          "type_taille": "Libre",
          "fonction": "Ornement",
          "gml_id": "arbre.135463",
          "code_insee": "35238",
          "secteur": null,
          "id_regroupement": null,
          "classe_biodiv": null,
          "date_entretien": null,
          "frequence_entretien": null,
          "date_proch_entretien": null
        }
      }
    },
    {
      "type": "Feature",
      "id": "rennes-arbre-135465",
      "geometry": {
        "type": "Point",
        "coordinates": [
          -1.660199288615775,
          48.1127756578286
        ]
      },
      "properties": {
        "source_id": 135465,
        "id_gestion": "0473AORN55608",
        "nom": "Houx",
        "nom_source": "Houx",
        "nom_scientifique": "Ilex aquifolium",
        "espece": "aquifolium",
        "hauteur_m": 2,
        "circonference_cm": 100,
        "houppier_m": 1,
        "hauteur_1_ere_feuille_m": null,
        "remarquable": null,
        "description": null,
        "photo_url": null,
        "model_3d_url": null,
        "date_plantation": null,
        "date_maj": null,
        "localisation": "Parc Hamelin Oberthür, Rennes",
        "type_taille": "Cépée",
        "fonction": "Ornement",
        "source_properties": {
          "id": 135465,
          "localisation": "Parc Hamelin Oberthür, Rennes",
          "abattu": 0,
          "nom_commun": "Houx",
          "genre": "Ilex",
          "espece": "aquifolium",
          "variete": null,
          "hauteur": 2,
          "circonference": 100,
          "houppier": 1,
          "hauteur_1_ere_feuille": 0,
          "date_plantation": null,
          "date_maj": null,
          "id_gestion": "0473AORN55608",
          "complement": null,
          "type_taille": "Cépée",
          "fonction": "Ornement",
          "gml_id": "arbre.135465",
          "code_insee": "35238",
          "secteur": null,
          "id_regroupement": null,
          "classe_biodiv": null,
          "date_entretien": null,
          "frequence_entretien": null,
          "date_proch_entretien": null
        }
      }
    },
    {
      "type": "Feature",
      "id": "rennes-arbre-135466",
      "geometry": {
        "type": "Point",
        "coordinates": [
          -1.658836778998292,
          48.11200743370578
        ]
      },
      "properties": {
        "source_id": 135466,
        "id_gestion": "0473AORN10887",
        "nom": "Chêne chevelu",
        "nom_source": "Chêne chevelu",
        "nom_scientifique": "Quercus cerris",
        "espece": "cerris",
        "hauteur_m": 26,
        "circonference_cm": 265,
        "houppier_m": 12,
        "hauteur_1_ere_feuille_m": 6,
        "remarquable": null,
        "description": null,
        "photo_url": null,
        "model_3d_url": null,
        "date_plantation": null,
        "date_maj": null,
        "localisation": null,
        "type_taille": "Libre",
        "fonction": "Ornement",
        "source_properties": {
          "id": 135466,
          "localisation": null,
          "abattu": 0,
          "nom_commun": "Chêne chevelu",
          "genre": "Quercus",
          "espece": "cerris",
          "variete": null,
          "hauteur": 26,
          "circonference": 265,
          "houppier": 12,
          "hauteur_1_ere_feuille": 6,
          "date_plantation": null,
          "date_maj": null,
          "id_gestion": "0473AORN10887",
          "complement": null,
          "type_taille": "Libre",
          "fonction": "Ornement",
          "gml_id": "arbre.135466",
          "code_insee": "35238",
          "secteur": null,
          "id_regroupement": null,
          "classe_biodiv": null,
          "date_entretien": null,
          "frequence_entretien": null,
          "date_proch_entretien": null
        }
      }
    },
    {
      "type": "Feature",
      "id": "rennes-arbre-135470",
      "geometry": {
        "type": "Point",
        "coordinates": [
          -1.658810903306148,
          48.111679140692445
        ]
      },
      "properties": {
        "source_id": 135470,
        "id_gestion": "0473AORN18669",
        "nom": "If commun",
        "nom_source": "If commun",
        "nom_scientifique": "Taxus baccata",
        "espece": "baccata",
        "hauteur_m": 12,
        "circonference_cm": 105,
        "houppier_m": 5,
        "hauteur_1_ere_feuille_m": 2,
        "remarquable": null,
        "description": null,
        "photo_url": null,
        "model_3d_url": null,
        "date_plantation": null,
        "date_maj": null,
        "localisation": "Parc Hamelin Oberthür, Rennes",
        "type_taille": "Libre",
        "fonction": "Ornement",
        "source_properties": {
          "id": 135470,
          "localisation": "Parc Hamelin Oberthür, Rennes",
          "abattu": 0,
          "nom_commun": "If commun",
          "genre": "Taxus",
          "espece": "baccata",
          "variete": null,
          "hauteur": 12,
          "circonference": 105,
          "houppier": 5,
          "hauteur_1_ere_feuille": 2,
          "date_plantation": null,
          "date_maj": null,
          "id_gestion": "0473AORN18669",
          "complement": null,
          "type_taille": "Libre",
          "fonction": "Ornement",
          "gml_id": "arbre.135470",
          "code_insee": "35238",
          "secteur": null,
          "id_regroupement": null,
          "classe_biodiv": null,
          "date_entretien": null,
          "frequence_entretien": null,
          "date_proch_entretien": null
        }
      }
    },
    {
      "type": "Feature",
      "id": "rennes-arbre-135471",
      "geometry": {
        "type": "Point",
        "coordinates": [
          -1.659659176946513,
          48.11157712518044
        ]
      },
      "properties": {
        "source_id": 135471,
        "id_gestion": "0473AORN70785",
        "nom": "If commun",
        "nom_source": "If commun",
        "nom_scientifique": "Taxus baccata",
        "espece": "baccata",
        "hauteur_m": 12,
        "circonference_cm": 145,
        "houppier_m": 5,
        "hauteur_1_ere_feuille_m": 2,
        "remarquable": null,
        "description": null,
        "photo_url": null,
        "model_3d_url": null,
        "date_plantation": null,
        "date_maj": null,
        "localisation": "Parc Hamelin Oberthür, Rennes",
        "type_taille": "Libre",
        "fonction": "Ornement",
        "source_properties": {
          "id": 135471,
          "localisation": "Parc Hamelin Oberthür, Rennes",
          "abattu": 0,
          "nom_commun": "If commun",
          "genre": "Taxus",
          "espece": "baccata",
          "variete": null,
          "hauteur": 12,
          "circonference": 145,
          "houppier": 5,
          "hauteur_1_ere_feuille": 2,
          "date_plantation": null,
          "date_maj": null,
          "id_gestion": "0473AORN70785",
          "complement": null,
          "type_taille": "Libre",
          "fonction": "Ornement",
          "gml_id": "arbre.135471",
          "code_insee": "35238",
          "secteur": null,
          "id_regroupement": null,
          "classe_biodiv": null,
          "date_entretien": null,
          "frequence_entretien": null,
          "date_proch_entretien": null
        }
      }
    },
    {
      "type": "Feature",
      "id": "rennes-arbre-135472",
      "geometry": {
        "type": "Point",
        "coordinates": [
          -1.6603105931567,
          48.11256657958123
        ]
      },
      "properties": {
        "source_id": 135472,
        "id_gestion": "0473AORN70371",
        "nom": "If commun",
        "nom_source": "If commun",
        "nom_scientifique": "Taxus baccata",
        "espece": "baccata",
        "hauteur_m": 15,
        "circonference_cm": 135,
        "houppier_m": 8,
        "hauteur_1_ere_feuille_m": 2,
        "remarquable": null,
        "description": null,
        "photo_url": null,
        "model_3d_url": null,
        "date_plantation": null,
        "date_maj": null,
        "localisation": "Parc Hamelin Oberthür, Rennes",
        "type_taille": "Libre",
        "fonction": "Ornement",
        "source_properties": {
          "id": 135472,
          "localisation": "Parc Hamelin Oberthür, Rennes",
          "abattu": 0,
          "nom_commun": "If commun",
          "genre": "Taxus",
          "espece": "baccata",
          "variete": null,
          "hauteur": 15,
          "circonference": 135,
          "houppier": 8,
          "hauteur_1_ere_feuille": 2,
          "date_plantation": null,
          "date_maj": null,
          "id_gestion": "0473AORN70371",
          "complement": null,
          "type_taille": "Libre",
          "fonction": "Ornement",
          "gml_id": "arbre.135472",
          "code_insee": "35238",
          "secteur": null,
          "id_regroupement": null,
          "classe_biodiv": null,
          "date_entretien": null,
          "frequence_entretien": null,
          "date_proch_entretien": null
        }
      }
    },
    {
      "type": "Feature",
      "id": "rennes-arbre-135478",
      "geometry": {
        "type": "Point",
        "coordinates": [
          -1.659928776459157,
          48.112014701169215
        ]
      },
      "properties": {
        "source_id": 135478,
        "id_gestion": "0473AORN32929",
        "nom": "Hêtre pourpre",
        "nom_source": "Hêtre commun",
        "nom_scientifique": "Fagus sylvatica Purpurea",
        "espece": "sylvatica",
        "hauteur_m": 9,
        "circonference_cm": 90,
        "houppier_m": 8,
        "hauteur_1_ere_feuille_m": 2,
        "remarquable": null,
        "description": null,
        "photo_url": null,
        "model_3d_url": null,
        "date_plantation": null,
        "date_maj": null,
        "localisation": "Parc Hamelin Oberthür, Rennes",
        "type_taille": "Libre",
        "fonction": "Ornement",
        "source_properties": {
          "id": 135478,
          "localisation": "Parc Hamelin Oberthür, Rennes",
          "abattu": 0,
          "nom_commun": "Hêtre commun",
          "genre": "Fagus",
          "espece": "sylvatica",
          "variete": "Purpurea",
          "hauteur": 9,
          "circonference": 90,
          "houppier": 8,
          "hauteur_1_ere_feuille": 2,
          "date_plantation": null,
          "date_maj": null,
          "id_gestion": "0473AORN32929",
          "complement": null,
          "type_taille": "Libre",
          "fonction": "Ornement",
          "gml_id": "arbre.135478",
          "code_insee": "35238",
          "secteur": null,
          "id_regroupement": null,
          "classe_biodiv": null,
          "date_entretien": null,
          "frequence_entretien": null,
          "date_proch_entretien": null
        }
      }
    },
    {
      "type": "Feature",
      "id": "rennes-arbre-135480",
      "geometry": {
        "type": "Point",
        "coordinates": [
          -1.65924987078121,
          48.111579998188525
        ]
      },
      "properties": {
        "source_id": 135480,
        "id_gestion": "0473AORN49080",
        "nom": "Thuya de Californie",
        "nom_source": "Thuya de Californie",
        "nom_scientifique": "Thuja plicata Atrovirens",
        "espece": "plicata",
        "hauteur_m": 12,
        "circonference_cm": 80,
        "houppier_m": 4,
        "hauteur_1_ere_feuille_m": null,
        "remarquable": null,
        "description": null,
        "photo_url": null,
        "model_3d_url": null,
        "date_plantation": null,
        "date_maj": null,
        "localisation": "Parc Hamelin Oberthür, Rennes",
        "type_taille": "Libre",
        "fonction": "Ornement",
        "source_properties": {
          "id": 135480,
          "localisation": "Parc Hamelin Oberthür, Rennes",
          "abattu": 0,
          "nom_commun": "Thuya de Californie",
          "genre": "Thuja",
          "espece": "plicata",
          "variete": "Atrovirens",
          "hauteur": 12,
          "circonference": 80,
          "houppier": 4,
          "hauteur_1_ere_feuille": 0,
          "date_plantation": null,
          "date_maj": null,
          "id_gestion": "0473AORN49080",
          "complement": null,
          "type_taille": "Libre",
          "fonction": "Ornement",
          "gml_id": "arbre.135480",
          "code_insee": "35238",
          "secteur": null,
          "id_regroupement": null,
          "classe_biodiv": null,
          "date_entretien": null,
          "frequence_entretien": null,
          "date_proch_entretien": null
        }
      }
    },
    {
      "type": "Feature",
      "id": "rennes-arbre-135482",
      "geometry": {
        "type": "Point",
        "coordinates": [
          -1.659334815469362,
          48.11220268115725
        ]
      },
      "properties": {
        "source_id": 135482,
        "id_gestion": "0473AORN22068",
        "nom": "Copalme d'Amérique",
        "nom_source": "Copalme d'Amérique",
        "nom_scientifique": "Liquidambar styraciflua",
        "espece": "styraciflua",
        "hauteur_m": 22,
        "circonference_cm": 285,
        "houppier_m": 9,
        "hauteur_1_ere_feuille_m": 4,
        "remarquable": null,
        "description": null,
        "photo_url": null,
        "model_3d_url": null,
        "date_plantation": null,
        "date_maj": null,
        "localisation": "Parc Hamelin Oberthür, Rennes",
        "type_taille": "Cépée",
        "fonction": "Ornement",
        "source_properties": {
          "id": 135482,
          "localisation": "Parc Hamelin Oberthür, Rennes",
          "abattu": 0,
          "nom_commun": "Copalme d'Amérique",
          "genre": "Liquidambar",
          "espece": "styraciflua",
          "variete": null,
          "hauteur": 22,
          "circonference": 285,
          "houppier": 9,
          "hauteur_1_ere_feuille": 4,
          "date_plantation": null,
          "date_maj": null,
          "id_gestion": "0473AORN22068",
          "complement": null,
          "type_taille": "Cépée",
          "fonction": "Ornement",
          "gml_id": "arbre.135482",
          "code_insee": "35238",
          "secteur": null,
          "id_regroupement": null,
          "classe_biodiv": null,
          "date_entretien": null,
          "frequence_entretien": null,
          "date_proch_entretien": null
        }
      }
    },
    {
      "type": "Feature",
      "id": "rennes-arbre-135484",
      "geometry": {
        "type": "Point",
        "coordinates": [
          -1.659760221179466,
          48.113827487289406
        ]
      },
      "properties": {
        "source_id": 135484,
        "id_gestion": "0473AORN48331",
        "nom": "Magnolia à grandes fleurs",
        "nom_source": "Magnolia à grandes fleurs",
        "nom_scientifique": "Magnolia grandiflora",
        "espece": "grandiflora",
        "hauteur_m": 12,
        "circonference_cm": 105,
        "houppier_m": 6,
        "hauteur_1_ere_feuille_m": 4,
        "remarquable": null,
        "description": null,
        "photo_url": null,
        "model_3d_url": null,
        "date_plantation": null,
        "date_maj": null,
        "localisation": "Parc Hamelin Oberthür, Rennes",
        "type_taille": "Libre",
        "fonction": "Ornement",
        "source_properties": {
          "id": 135484,
          "localisation": "Parc Hamelin Oberthür, Rennes",
          "abattu": 0,
          "nom_commun": "Magnolia à grandes fleurs",
          "genre": "Magnolia",
          "espece": "grandiflora",
          "variete": null,
          "hauteur": 12,
          "circonference": 105,
          "houppier": 6,
          "hauteur_1_ere_feuille": 4,
          "date_plantation": null,
          "date_maj": null,
          "id_gestion": "0473AORN48331",
          "complement": null,
          "type_taille": "Libre",
          "fonction": "Ornement",
          "gml_id": "arbre.135484",
          "code_insee": "35238",
          "secteur": null,
          "id_regroupement": null,
          "classe_biodiv": null,
          "date_entretien": null,
          "frequence_entretien": null,
          "date_proch_entretien": null
        }
      }
    },
    {
      "type": "Feature",
      "id": "rennes-arbre-135487",
      "geometry": {
        "type": "Point",
        "coordinates": [
          -1.659517345142998,
          48.11183647385695
        ]
      },
      "properties": {
        "source_id": 135487,
        "id_gestion": "0473AORN69885",
        "nom": "Raisinier de Chine",
        "nom_source": "Raisinier de Chine",
        "nom_scientifique": "Hovenia dulcis",
        "espece": "dulcis",
        "hauteur_m": 8,
        "circonference_cm": 65,
        "houppier_m": 5,
        "hauteur_1_ere_feuille_m": 3,
        "remarquable": null,
        "description": null,
        "photo_url": null,
        "model_3d_url": null,
        "date_plantation": null,
        "date_maj": null,
        "localisation": "Parc Hamelin Oberthür, Rennes",
        "type_taille": "Libre",
        "fonction": "Ornement",
        "source_properties": {
          "id": 135487,
          "localisation": "Parc Hamelin Oberthür, Rennes",
          "abattu": 0,
          "nom_commun": "Raisinier de Chine",
          "genre": "Hovenia",
          "espece": "dulcis",
          "variete": null,
          "hauteur": 8,
          "circonference": 65,
          "houppier": 5,
          "hauteur_1_ere_feuille": 3,
          "date_plantation": null,
          "date_maj": null,
          "id_gestion": "0473AORN69885",
          "complement": null,
          "type_taille": "Libre",
          "fonction": "Ornement",
          "gml_id": "arbre.135487",
          "code_insee": "35238",
          "secteur": null,
          "id_regroupement": null,
          "classe_biodiv": null,
          "date_entretien": null,
          "frequence_entretien": null,
          "date_proch_entretien": null
        }
      }
    },
    {
      "type": "Feature",
      "id": "rennes-arbre-135488",
      "geometry": {
        "type": "Point",
        "coordinates": [
          -1.660674023893214,
          48.11313475094893
        ]
      },
      "properties": {
        "source_id": 135488,
        "id_gestion": "0473AORN20499",
        "nom": "If commun",
        "nom_source": "If commun",
        "nom_scientifique": "Taxus baccata",
        "espece": "baccata",
        "hauteur_m": 18,
        "circonference_cm": 140,
        "houppier_m": 10,
        "hauteur_1_ere_feuille_m": 4,
        "remarquable": null,
        "description": null,
        "photo_url": null,
        "model_3d_url": null,
        "date_plantation": null,
        "date_maj": null,
        "localisation": "Parc Hamelin Oberthür, Rennes",
        "type_taille": "Libre",
        "fonction": "Ornement",
        "source_properties": {
          "id": 135488,
          "localisation": "Parc Hamelin Oberthür, Rennes",
          "abattu": 0,
          "nom_commun": "If commun",
          "genre": "Taxus",
          "espece": "baccata",
          "variete": null,
          "hauteur": 18,
          "circonference": 140,
          "houppier": 10,
          "hauteur_1_ere_feuille": 4,
          "date_plantation": null,
          "date_maj": null,
          "id_gestion": "0473AORN20499",
          "complement": null,
          "type_taille": "Libre",
          "fonction": "Ornement",
          "gml_id": "arbre.135488",
          "code_insee": "35238",
          "secteur": null,
          "id_regroupement": null,
          "classe_biodiv": null,
          "date_entretien": null,
          "frequence_entretien": null,
          "date_proch_entretien": null
        }
      }
    },
    {
      "type": "Feature",
      "id": "rennes-arbre-135489",
      "geometry": {
        "type": "Point",
        "coordinates": [
          -1.660086135846275,
          48.11223839194539
        ]
      },
      "properties": {
        "source_id": 135489,
        "id_gestion": "0473AORN53263",
        "nom": "Catalpa commun",
        "nom_source": "Catalpa commun",
        "nom_scientifique": "Catalpa bignonioides",
        "espece": "bignonioides",
        "hauteur_m": 4,
        "circonference_cm": 50,
        "houppier_m": 4,
        "hauteur_1_ere_feuille_m": 2,
        "remarquable": null,
        "description": null,
        "photo_url": null,
        "model_3d_url": null,
        "date_plantation": null,
        "date_maj": null,
        "localisation": "Parc Hamelin Oberthür, Rennes",
        "type_taille": "Cépée",
        "fonction": "Ornement",
        "source_properties": {
          "id": 135489,
          "localisation": "Parc Hamelin Oberthür, Rennes",
          "abattu": 0,
          "nom_commun": "Catalpa commun",
          "genre": "Catalpa",
          "espece": "bignonioides",
          "variete": null,
          "hauteur": 4,
          "circonference": 50,
          "houppier": 4,
          "hauteur_1_ere_feuille": 2,
          "date_plantation": null,
          "date_maj": null,
          "id_gestion": "0473AORN53263",
          "complement": null,
          "type_taille": "Cépée",
          "fonction": "Ornement",
          "gml_id": "arbre.135489",
          "code_insee": "35238",
          "secteur": null,
          "id_regroupement": null,
          "classe_biodiv": null,
          "date_entretien": null,
          "frequence_entretien": null,
          "date_proch_entretien": null
        }
      }
    },
    {
      "type": "Feature",
      "id": "rennes-arbre-135491",
      "geometry": {
        "type": "Point",
        "coordinates": [
          -1.659545510888428,
          48.11208430570537
        ]
      },
      "properties": {
        "source_id": 135491,
        "id_gestion": "0473AORN7790",
        "nom": "Houx",
        "nom_source": "Houx",
        "nom_scientifique": "Ilex aquifolium J.C Van Tol",
        "espece": "aquifolium",
        "hauteur_m": 8,
        "circonference_cm": 150,
        "houppier_m": 6,
        "hauteur_1_ere_feuille_m": null,
        "remarquable": null,
        "description": null,
        "photo_url": null,
        "model_3d_url": null,
        "date_plantation": null,
        "date_maj": null,
        "localisation": "Parc Hamelin Oberthür, Rennes",
        "type_taille": "Cépée",
        "fonction": "Ornement",
        "source_properties": {
          "id": 135491,
          "localisation": "Parc Hamelin Oberthür, Rennes",
          "abattu": 0,
          "nom_commun": "Houx",
          "genre": "Ilex",
          "espece": "aquifolium",
          "variete": "J.C Van Tol",
          "hauteur": 8,
          "circonference": 150,
          "houppier": 6,
          "hauteur_1_ere_feuille": 0,
          "date_plantation": null,
          "date_maj": null,
          "id_gestion": "0473AORN7790",
          "complement": null,
          "type_taille": "Cépée",
          "fonction": "Ornement",
          "gml_id": "arbre.135491",
          "code_insee": "35238",
          "secteur": null,
          "id_regroupement": null,
          "classe_biodiv": null,
          "date_entretien": null,
          "frequence_entretien": null,
          "date_proch_entretien": null
        }
      }
    },
    {
      "type": "Feature",
      "id": "rennes-arbre-135494",
      "geometry": {
        "type": "Point",
        "coordinates": [
          -1.659156862613415,
          48.11176758345482
        ]
      },
      "properties": {
        "source_id": 135494,
        "id_gestion": "0473AORN33260",
        "nom": "Hêtre commun",
        "nom_source": "Hêtre commun",
        "nom_scientifique": "Fagus sylvatica",
        "espece": "sylvatica",
        "hauteur_m": 10,
        "circonference_cm": 65,
        "houppier_m": 6,
        "hauteur_1_ere_feuille_m": 2,
        "remarquable": null,
        "description": null,
        "photo_url": null,
        "model_3d_url": null,
        "date_plantation": null,
        "date_maj": null,
        "localisation": "Parc Hamelin Oberthür, Rennes",
        "type_taille": "Libre",
        "fonction": "Ornement",
        "source_properties": {
          "id": 135494,
          "localisation": "Parc Hamelin Oberthür, Rennes",
          "abattu": 0,
          "nom_commun": "Hêtre commun",
          "genre": "Fagus",
          "espece": "sylvatica",
          "variete": null,
          "hauteur": 10,
          "circonference": 65,
          "houppier": 6,
          "hauteur_1_ere_feuille": 2,
          "date_plantation": null,
          "date_maj": null,
          "id_gestion": "0473AORN33260",
          "complement": null,
          "type_taille": "Libre",
          "fonction": "Ornement",
          "gml_id": "arbre.135494",
          "code_insee": "35238",
          "secteur": null,
          "id_regroupement": null,
          "classe_biodiv": null,
          "date_entretien": null,
          "frequence_entretien": null,
          "date_proch_entretien": null
        }
      }
    },
    {
      "type": "Feature",
      "id": "rennes-arbre-135496",
      "geometry": {
        "type": "Point",
        "coordinates": [
          -1.660272879292691,
          48.11249844700116
        ]
      },
      "properties": {
        "source_id": 135496,
        "id_gestion": "0473AORN27899",
        "nom": "If commun",
        "nom_source": "If commun",
        "nom_scientifique": "Taxus baccata",
        "espece": "baccata",
        "hauteur_m": 15,
        "circonference_cm": 230,
        "houppier_m": 8,
        "hauteur_1_ere_feuille_m": 2,
        "remarquable": null,
        "description": null,
        "photo_url": null,
        "model_3d_url": null,
        "date_plantation": null,
        "date_maj": null,
        "localisation": "Parc Hamelin Oberthür, Rennes",
        "type_taille": "Libre",
        "fonction": "Ornement",
        "source_properties": {
          "id": 135496,
          "localisation": "Parc Hamelin Oberthür, Rennes",
          "abattu": 0,
          "nom_commun": "If commun",
          "genre": "Taxus",
          "espece": "baccata",
          "variete": null,
          "hauteur": 15,
          "circonference": 230,
          "houppier": 8,
          "hauteur_1_ere_feuille": 2,
          "date_plantation": null,
          "date_maj": null,
          "id_gestion": "0473AORN27899",
          "complement": null,
          "type_taille": "Libre",
          "fonction": "Ornement",
          "gml_id": "arbre.135496",
          "code_insee": "35238",
          "secteur": null,
          "id_regroupement": null,
          "classe_biodiv": null,
          "date_entretien": null,
          "frequence_entretien": null,
          "date_proch_entretien": null
        }
      }
    },
    {
      "type": "Feature",
      "id": "rennes-arbre-135497",
      "geometry": {
        "type": "Point",
        "coordinates": [
          -1.659710320730386,
          48.11170881700011
        ]
      },
      "properties": {
        "source_id": 135497,
        "id_gestion": "0473AORN22565",
        "nom": "If commun",
        "nom_source": "If commun",
        "nom_scientifique": "Taxus baccata",
        "espece": "baccata",
        "hauteur_m": 12,
        "circonference_cm": 300,
        "houppier_m": 5,
        "hauteur_1_ere_feuille_m": 2,
        "remarquable": null,
        "description": null,
        "photo_url": null,
        "model_3d_url": null,
        "date_plantation": null,
        "date_maj": null,
        "localisation": "Parc Hamelin Oberthür, Rennes",
        "type_taille": "Libre",
        "fonction": "Ornement",
        "source_properties": {
          "id": 135497,
          "localisation": "Parc Hamelin Oberthür, Rennes",
          "abattu": 0,
          "nom_commun": "If commun",
          "genre": "Taxus",
          "espece": "baccata",
          "variete": null,
          "hauteur": 12,
          "circonference": 300,
          "houppier": 5,
          "hauteur_1_ere_feuille": 2,
          "date_plantation": null,
          "date_maj": null,
          "id_gestion": "0473AORN22565",
          "complement": null,
          "type_taille": "Libre",
          "fonction": "Ornement",
          "gml_id": "arbre.135497",
          "code_insee": "35238",
          "secteur": null,
          "id_regroupement": null,
          "classe_biodiv": null,
          "date_entretien": null,
          "frequence_entretien": null,
          "date_proch_entretien": null
        }
      }
    },
    {
      "type": "Feature",
      "id": "rennes-arbre-135498",
      "geometry": {
        "type": "Point",
        "coordinates": [
          -1.66059743461456,
          48.112997354451686
        ]
      },
      "properties": {
        "source_id": 135498,
        "id_gestion": "0473AORN70192",
        "nom": "Thuya de Californie",
        "nom_source": "Thuya de Californie",
        "nom_scientifique": "Thuja plicata Zebrina",
        "espece": "plicata",
        "hauteur_m": 12,
        "circonference_cm": 95,
        "houppier_m": 4,
        "hauteur_1_ere_feuille_m": 2,
        "remarquable": null,
        "description": null,
        "photo_url": null,
        "model_3d_url": null,
        "date_plantation": null,
        "date_maj": null,
        "localisation": "Parc Hamelin Oberthür, Rennes",
        "type_taille": "Libre",
        "fonction": "Ornement",
        "source_properties": {
          "id": 135498,
          "localisation": "Parc Hamelin Oberthür, Rennes",
          "abattu": 0,
          "nom_commun": "Thuya de Californie",
          "genre": "Thuja",
          "espece": "plicata",
          "variete": "Zebrina",
          "hauteur": 12,
          "circonference": 95,
          "houppier": 4,
          "hauteur_1_ere_feuille": 2,
          "date_plantation": null,
          "date_maj": null,
          "id_gestion": "0473AORN70192",
          "complement": null,
          "type_taille": "Libre",
          "fonction": "Ornement",
          "gml_id": "arbre.135498",
          "code_insee": "35238",
          "secteur": null,
          "id_regroupement": null,
          "classe_biodiv": null,
          "date_entretien": null,
          "frequence_entretien": null,
          "date_proch_entretien": null
        }
      }
    },
    {
      "type": "Feature",
      "id": "rennes-arbre-135499",
      "geometry": {
        "type": "Point",
        "coordinates": [
          -1.658652599659433,
          48.112239522349995
        ]
      },
      "properties": {
        "source_id": 135499,
        "id_gestion": "0473AORN48728",
        "nom": "Cerisier des collines",
        "nom_source": "Cerisier des collines",
        "nom_scientifique": "Prunus serrulata",
        "espece": "serrulata",
        "hauteur_m": 7,
        "circonference_cm": 90,
        "houppier_m": 5,
        "hauteur_1_ere_feuille_m": 3,
        "remarquable": null,
        "description": null,
        "photo_url": null,
        "model_3d_url": null,
        "date_plantation": null,
        "date_maj": null,
        "localisation": "Parc Hamelin Oberthür, Rennes",
        "type_taille": "Libre",
        "fonction": "Ornement",
        "source_properties": {
          "id": 135499,
          "localisation": "Parc Hamelin Oberthür, Rennes",
          "abattu": 0,
          "nom_commun": "Cerisier des collines",
          "genre": "Prunus",
          "espece": "serrulata",
          "variete": null,
          "hauteur": 7,
          "circonference": 90,
          "houppier": 5,
          "hauteur_1_ere_feuille": 3,
          "date_plantation": null,
          "date_maj": null,
          "id_gestion": "0473AORN48728",
          "complement": null,
          "type_taille": "Libre",
          "fonction": "Ornement",
          "gml_id": "arbre.135499",
          "code_insee": "35238",
          "secteur": null,
          "id_regroupement": null,
          "classe_biodiv": null,
          "date_entretien": null,
          "frequence_entretien": null,
          "date_proch_entretien": null
        }
      }
    },
    {
      "type": "Feature",
      "id": "rennes-arbre-135500",
      "geometry": {
        "type": "Point",
        "coordinates": [
          -1.659094941154233,
          48.1118927350506
        ]
      },
      "properties": {
        "source_id": 135500,
        "id_gestion": "0473AORN31863",
        "nom": "Houx",
        "nom_source": "Houx",
        "nom_scientifique": "Ilex aquifolium J.C Van Tol",
        "espece": "aquifolium",
        "hauteur_m": 9,
        "circonference_cm": 100,
        "houppier_m": 4,
        "hauteur_1_ere_feuille_m": null,
        "remarquable": null,
        "description": null,
        "photo_url": null,
        "model_3d_url": null,
        "date_plantation": null,
        "date_maj": null,
        "localisation": null,
        "type_taille": "Libre",
        "fonction": "Ornement",
        "source_properties": {
          "id": 135500,
          "localisation": null,
          "abattu": 0,
          "nom_commun": "Houx",
          "genre": "Ilex",
          "espece": "aquifolium",
          "variete": "J.C Van Tol",
          "hauteur": 9,
          "circonference": 100,
          "houppier": 4,
          "hauteur_1_ere_feuille": 0,
          "date_plantation": null,
          "date_maj": null,
          "id_gestion": "0473AORN31863",
          "complement": null,
          "type_taille": "Libre",
          "fonction": "Ornement",
          "gml_id": "arbre.135500",
          "code_insee": "35238",
          "secteur": null,
          "id_regroupement": null,
          "classe_biodiv": null,
          "date_entretien": null,
          "frequence_entretien": null,
          "date_proch_entretien": null
        }
      }
    },
    {
      "type": "Feature",
      "id": "rennes-arbre-135502",
      "geometry": {
        "type": "Point",
        "coordinates": [
          -1.660081124517832,
          48.11334745878391
        ]
      },
      "properties": {
        "source_id": 135502,
        "id_gestion": "0473AORN29170",
        "nom": "Cèdre de l'Atlas",
        "nom_source": "Cèdre de l'Atlas",
        "nom_scientifique": "Cedrus atlantica Glauca",
        "espece": "atlantica",
        "hauteur_m": 20,
        "circonference_cm": 370,
        "houppier_m": 14,
        "hauteur_1_ere_feuille_m": 4,
        "remarquable": null,
        "description": null,
        "photo_url": null,
        "model_3d_url": null,
        "date_plantation": null,
        "date_maj": null,
        "localisation": null,
        "type_taille": "Libre",
        "fonction": "Ornement",
        "source_properties": {
          "id": 135502,
          "localisation": null,
          "abattu": 0,
          "nom_commun": "Cèdre de l'Atlas",
          "genre": "Cedrus",
          "espece": "atlantica",
          "variete": "Glauca",
          "hauteur": 20,
          "circonference": 370,
          "houppier": 14,
          "hauteur_1_ere_feuille": 4,
          "date_plantation": null,
          "date_maj": null,
          "id_gestion": "0473AORN29170",
          "complement": null,
          "type_taille": "Libre",
          "fonction": "Ornement",
          "gml_id": "arbre.135502",
          "code_insee": "35238",
          "secteur": null,
          "id_regroupement": null,
          "classe_biodiv": null,
          "date_entretien": null,
          "frequence_entretien": null,
          "date_proch_entretien": null
        }
      }
    },
    {
      "type": "Feature",
      "id": "rennes-arbre-135504",
      "geometry": {
        "type": "Point",
        "coordinates": [
          -1.659365333338934,
          48.11215311159557
        ]
      },
      "properties": {
        "source_id": 135504,
        "id_gestion": "0473AORN6508",
        "nom": "Copalme d'Amérique",
        "nom_source": "Copalme d'Amérique",
        "nom_scientifique": "Liquidambar styraciflua",
        "espece": "styraciflua",
        "hauteur_m": 20,
        "circonference_cm": 255,
        "houppier_m": 6,
        "hauteur_1_ere_feuille_m": 4,
        "remarquable": null,
        "description": null,
        "photo_url": null,
        "model_3d_url": null,
        "date_plantation": null,
        "date_maj": null,
        "localisation": "Parc Hamelin Oberthür, Rennes",
        "type_taille": "Cépée",
        "fonction": "Ornement",
        "source_properties": {
          "id": 135504,
          "localisation": "Parc Hamelin Oberthür, Rennes",
          "abattu": 0,
          "nom_commun": "Copalme d'Amérique",
          "genre": "Liquidambar",
          "espece": "styraciflua",
          "variete": null,
          "hauteur": 20,
          "circonference": 255,
          "houppier": 6,
          "hauteur_1_ere_feuille": 4,
          "date_plantation": null,
          "date_maj": null,
          "id_gestion": "0473AORN6508",
          "complement": null,
          "type_taille": "Cépée",
          "fonction": "Ornement",
          "gml_id": "arbre.135504",
          "code_insee": "35238",
          "secteur": null,
          "id_regroupement": null,
          "classe_biodiv": null,
          "date_entretien": null,
          "frequence_entretien": null,
          "date_proch_entretien": null
        }
      }
    },
    {
      "type": "Feature",
      "id": "rennes-arbre-135506",
      "geometry": {
        "type": "Point",
        "coordinates": [
          -1.659256338011782,
          48.11239083190356
        ]
      },
      "properties": {
        "source_id": 135506,
        "id_gestion": "0473AORN67294",
        "nom": "Séquoia géant",
        "nom_source": "Séquoia géant",
        "nom_scientifique": "Sequoiadendron giganteum",
        "espece": "giganteum",
        "hauteur_m": 32,
        "circonference_cm": 540,
        "houppier_m": 8,
        "hauteur_1_ere_feuille_m": 3,
        "remarquable": null,
        "description": null,
        "photo_url": null,
        "model_3d_url": null,
        "date_plantation": null,
        "date_maj": null,
        "localisation": "Parc Hamelin Oberthür, Rennes",
        "type_taille": "Libre",
        "fonction": "Ornement",
        "source_properties": {
          "id": 135506,
          "localisation": "Parc Hamelin Oberthür, Rennes",
          "abattu": 0,
          "nom_commun": "Séquoia géant",
          "genre": "Sequoiadendron",
          "espece": "giganteum",
          "variete": null,
          "hauteur": 32,
          "circonference": 540,
          "houppier": 8,
          "hauteur_1_ere_feuille": 3,
          "date_plantation": null,
          "date_maj": null,
          "id_gestion": "0473AORN67294",
          "complement": null,
          "type_taille": "Libre",
          "fonction": "Ornement",
          "gml_id": "arbre.135506",
          "code_insee": "35238",
          "secteur": null,
          "id_regroupement": null,
          "classe_biodiv": null,
          "date_entretien": null,
          "frequence_entretien": null,
          "date_proch_entretien": null
        }
      }
    },
    {
      "type": "Feature",
      "id": "rennes-arbre-135507",
      "geometry": {
        "type": "Point",
        "coordinates": [
          -1.659482919762965,
          48.11186344821374
        ]
      },
      "properties": {
        "source_id": 135507,
        "id_gestion": "0473AORN34990",
        "nom": "Raisinier de Chine",
        "nom_source": "Raisinier de Chine",
        "nom_scientifique": "Hovenia dulcis",
        "espece": "dulcis",
        "hauteur_m": 8,
        "circonference_cm": 60,
        "houppier_m": 5,
        "hauteur_1_ere_feuille_m": 3,
        "remarquable": null,
        "description": null,
        "photo_url": null,
        "model_3d_url": null,
        "date_plantation": null,
        "date_maj": null,
        "localisation": null,
        "type_taille": "Libre",
        "fonction": "Ornement",
        "source_properties": {
          "id": 135507,
          "localisation": null,
          "abattu": 0,
          "nom_commun": "Raisinier de Chine",
          "genre": "Hovenia",
          "espece": "dulcis",
          "variete": null,
          "hauteur": 8,
          "circonference": 60,
          "houppier": 5,
          "hauteur_1_ere_feuille": 3,
          "date_plantation": null,
          "date_maj": null,
          "id_gestion": "0473AORN34990",
          "complement": null,
          "type_taille": "Libre",
          "fonction": "Ornement",
          "gml_id": "arbre.135507",
          "code_insee": "35238",
          "secteur": null,
          "id_regroupement": null,
          "classe_biodiv": null,
          "date_entretien": null,
          "frequence_entretien": null,
          "date_proch_entretien": null
        }
      }
    },
    {
      "type": "Feature",
      "id": "rennes-arbre-135508",
      "geometry": {
        "type": "Point",
        "coordinates": [
          -1.659602772062493,
          48.1136805105897
        ]
      },
      "properties": {
        "source_id": 135508,
        "id_gestion": "0473AORN5773",
        "nom": "Laurier sauce",
        "nom_source": "Laurier sauce",
        "nom_scientifique": "Laurus nobilis",
        "espece": "nobilis",
        "hauteur_m": 4,
        "circonference_cm": 180,
        "houppier_m": 2,
        "hauteur_1_ere_feuille_m": null,
        "remarquable": null,
        "description": null,
        "photo_url": null,
        "model_3d_url": null,
        "date_plantation": null,
        "date_maj": null,
        "localisation": "Parc Hamelin Oberthür, Rennes",
        "type_taille": "Cépée",
        "fonction": "Ornement",
        "source_properties": {
          "id": 135508,
          "localisation": "Parc Hamelin Oberthür, Rennes",
          "abattu": 0,
          "nom_commun": "Laurier sauce",
          "genre": "Laurus",
          "espece": "nobilis",
          "variete": null,
          "hauteur": 4,
          "circonference": 180,
          "houppier": 2,
          "hauteur_1_ere_feuille": 0,
          "date_plantation": null,
          "date_maj": null,
          "id_gestion": "0473AORN5773",
          "complement": null,
          "type_taille": "Cépée",
          "fonction": "Ornement",
          "gml_id": "arbre.135508",
          "code_insee": "35238",
          "secteur": null,
          "id_regroupement": null,
          "classe_biodiv": null,
          "date_entretien": null,
          "frequence_entretien": null,
          "date_proch_entretien": null
        }
      }
    },
    {
      "type": "Feature",
      "id": "rennes-arbre-135511",
      "geometry": {
        "type": "Point",
        "coordinates": [
          -1.659755848698765,
          48.112124047304455
        ]
      },
      "properties": {
        "source_id": 135511,
        "id_gestion": "0473AORN1371",
        "nom": "Sapin de Nordmann",
        "nom_source": "Sapin de Nordmann",
        "nom_scientifique": "Abies nordmanniana",
        "espece": "nordmanniana",
        "hauteur_m": 12,
        "circonference_cm": 160,
        "houppier_m": 4,
        "hauteur_1_ere_feuille_m": 1,
        "remarquable": null,
        "description": null,
        "photo_url": null,
        "model_3d_url": null,
        "date_plantation": null,
        "date_maj": null,
        "localisation": "Parc Hamelin Oberthür, Rennes",
        "type_taille": "Libre",
        "fonction": "Ornement",
        "source_properties": {
          "id": 135511,
          "localisation": "Parc Hamelin Oberthür, Rennes",
          "abattu": 0,
          "nom_commun": "Sapin de Nordmann",
          "genre": "Abies",
          "espece": "nordmanniana",
          "variete": null,
          "hauteur": 12,
          "circonference": 160,
          "houppier": 4,
          "hauteur_1_ere_feuille": 1,
          "date_plantation": null,
          "date_maj": null,
          "id_gestion": "0473AORN1371",
          "complement": null,
          "type_taille": "Libre",
          "fonction": "Ornement",
          "gml_id": "arbre.135511",
          "code_insee": "35238",
          "secteur": null,
          "id_regroupement": null,
          "classe_biodiv": null,
          "date_entretien": null,
          "frequence_entretien": null,
          "date_proch_entretien": null
        }
      }
    },
    {
      "type": "Feature",
      "id": "rennes-arbre-135512",
      "geometry": {
        "type": "Point",
        "coordinates": [
          -1.660211782273083,
          48.112756054374394
        ]
      },
      "properties": {
        "source_id": 135512,
        "id_gestion": "0473AORN36654",
        "nom": "Houx",
        "nom_source": "Houx",
        "nom_scientifique": "Ilex aquifolium",
        "espece": "aquifolium",
        "hauteur_m": 2,
        "circonference_cm": 100,
        "houppier_m": 1,
        "hauteur_1_ere_feuille_m": null,
        "remarquable": null,
        "description": null,
        "photo_url": null,
        "model_3d_url": null,
        "date_plantation": null,
        "date_maj": null,
        "localisation": "Parc Hamelin Oberthür, Rennes",
        "type_taille": "Cépée",
        "fonction": "Ornement",
        "source_properties": {
          "id": 135512,
          "localisation": "Parc Hamelin Oberthür, Rennes",
          "abattu": 0,
          "nom_commun": "Houx",
          "genre": "Ilex",
          "espece": "aquifolium",
          "variete": null,
          "hauteur": 2,
          "circonference": 100,
          "houppier": 1,
          "hauteur_1_ere_feuille": 0,
          "date_plantation": null,
          "date_maj": null,
          "id_gestion": "0473AORN36654",
          "complement": null,
          "type_taille": "Cépée",
          "fonction": "Ornement",
          "gml_id": "arbre.135512",
          "code_insee": "35238",
          "secteur": null,
          "id_regroupement": null,
          "classe_biodiv": null,
          "date_entretien": null,
          "frequence_entretien": null,
          "date_proch_entretien": null
        }
      }
    },
    {
      "type": "Feature",
      "id": "rennes-arbre-135514",
      "geometry": {
        "type": "Point",
        "coordinates": [
          -1.659668343996879,
          48.11211370354066
        ]
      },
      "properties": {
        "source_id": 135514,
        "id_gestion": "0473AORN44943",
        "nom": "Sapin de Nordmann",
        "nom_source": "Sapin de Nordmann",
        "nom_scientifique": "Abies nordmanniana",
        "espece": "nordmanniana",
        "hauteur_m": 8,
        "circonference_cm": 60,
        "houppier_m": 2,
        "hauteur_1_ere_feuille_m": 2,
        "remarquable": null,
        "description": null,
        "photo_url": null,
        "model_3d_url": null,
        "date_plantation": null,
        "date_maj": null,
        "localisation": "Parc Hamelin Oberthür, Rennes",
        "type_taille": "Libre",
        "fonction": "Ornement",
        "source_properties": {
          "id": 135514,
          "localisation": "Parc Hamelin Oberthür, Rennes",
          "abattu": 0,
          "nom_commun": "Sapin de Nordmann",
          "genre": "Abies",
          "espece": "nordmanniana",
          "variete": null,
          "hauteur": 8,
          "circonference": 60,
          "houppier": 2,
          "hauteur_1_ere_feuille": 2,
          "date_plantation": null,
          "date_maj": null,
          "id_gestion": "0473AORN44943",
          "complement": null,
          "type_taille": "Libre",
          "fonction": "Ornement",
          "gml_id": "arbre.135514",
          "code_insee": "35238",
          "secteur": null,
          "id_regroupement": null,
          "classe_biodiv": null,
          "date_entretien": null,
          "frequence_entretien": null,
          "date_proch_entretien": null
        }
      }
    },
    {
      "type": "Feature",
      "id": "rennes-arbre-135515",
      "geometry": {
        "type": "Point",
        "coordinates": [
          -1.659514702338391,
          48.111498224216916
        ]
      },
      "properties": {
        "source_id": 135515,
        "id_gestion": "0473AORN71889",
        "nom": "If commun",
        "nom_source": "If commun",
        "nom_scientifique": "Taxus baccata",
        "espece": "baccata",
        "hauteur_m": 12,
        "circonference_cm": 150,
        "houppier_m": 5,
        "hauteur_1_ere_feuille_m": 2,
        "remarquable": null,
        "description": null,
        "photo_url": null,
        "model_3d_url": null,
        "date_plantation": null,
        "date_maj": null,
        "localisation": "Parc Hamelin Oberthür, Rennes",
        "type_taille": "Libre",
        "fonction": "Ornement",
        "source_properties": {
          "id": 135515,
          "localisation": "Parc Hamelin Oberthür, Rennes",
          "abattu": 0,
          "nom_commun": "If commun",
          "genre": "Taxus",
          "espece": "baccata",
          "variete": null,
          "hauteur": 12,
          "circonference": 150,
          "houppier": 5,
          "hauteur_1_ere_feuille": 2,
          "date_plantation": null,
          "date_maj": null,
          "id_gestion": "0473AORN71889",
          "complement": null,
          "type_taille": "Libre",
          "fonction": "Ornement",
          "gml_id": "arbre.135515",
          "code_insee": "35238",
          "secteur": null,
          "id_regroupement": null,
          "classe_biodiv": null,
          "date_entretien": null,
          "frequence_entretien": null,
          "date_proch_entretien": null
        }
      }
    },
    {
      "type": "Feature",
      "id": "rennes-arbre-135516",
      "geometry": {
        "type": "Point",
        "coordinates": [
          -1.659666454393222,
          48.113593165363724
        ]
      },
      "properties": {
        "source_id": 135516,
        "id_gestion": "0473AORN37899",
        "nom": "Laurier sauce",
        "nom_source": "Laurier sauce",
        "nom_scientifique": "Laurus nobilis",
        "espece": "nobilis",
        "hauteur_m": 4,
        "circonference_cm": 180,
        "houppier_m": 2,
        "hauteur_1_ere_feuille_m": null,
        "remarquable": null,
        "description": null,
        "photo_url": null,
        "model_3d_url": null,
        "date_plantation": null,
        "date_maj": null,
        "localisation": "Parc Hamelin Oberthür, Rennes",
        "type_taille": "Cépée",
        "fonction": "Ornement",
        "source_properties": {
          "id": 135516,
          "localisation": "Parc Hamelin Oberthür, Rennes",
          "abattu": 0,
          "nom_commun": "Laurier sauce",
          "genre": "Laurus",
          "espece": "nobilis",
          "variete": null,
          "hauteur": 4,
          "circonference": 180,
          "houppier": 2,
          "hauteur_1_ere_feuille": 0,
          "date_plantation": null,
          "date_maj": null,
          "id_gestion": "0473AORN37899",
          "complement": null,
          "type_taille": "Cépée",
          "fonction": "Ornement",
          "gml_id": "arbre.135516",
          "code_insee": "35238",
          "secteur": null,
          "id_regroupement": null,
          "classe_biodiv": null,
          "date_entretien": null,
          "frequence_entretien": null,
          "date_proch_entretien": null
        }
      }
    },
    {
      "type": "Feature",
      "id": "rennes-arbre-135517",
      "geometry": {
        "type": "Point",
        "coordinates": [
          -1.6600693215316,
          48.11215865181762
        ]
      },
      "properties": {
        "source_id": 135517,
        "id_gestion": "0473AORN13062",
        "nom": "If commun",
        "nom_source": "If commun",
        "nom_scientifique": "Taxus baccata",
        "espece": "baccata",
        "hauteur_m": 9,
        "circonference_cm": 180,
        "houppier_m": 7,
        "hauteur_1_ere_feuille_m": 2,
        "remarquable": null,
        "description": null,
        "photo_url": null,
        "model_3d_url": null,
        "date_plantation": null,
        "date_maj": null,
        "localisation": "Parc Hamelin Oberthür, Rennes",
        "type_taille": "Libre",
        "fonction": "Ornement",
        "source_properties": {
          "id": 135517,
          "localisation": "Parc Hamelin Oberthür, Rennes",
          "abattu": 0,
          "nom_commun": "If commun",
          "genre": "Taxus",
          "espece": "baccata",
          "variete": null,
          "hauteur": 9,
          "circonference": 180,
          "houppier": 7,
          "hauteur_1_ere_feuille": 2,
          "date_plantation": null,
          "date_maj": null,
          "id_gestion": "0473AORN13062",
          "complement": null,
          "type_taille": "Libre",
          "fonction": "Ornement",
          "gml_id": "arbre.135517",
          "code_insee": "35238",
          "secteur": null,
          "id_regroupement": null,
          "classe_biodiv": null,
          "date_entretien": null,
          "frequence_entretien": null,
          "date_proch_entretien": null
        }
      }
    },
    {
      "type": "Feature",
      "id": "rennes-arbre-135521",
      "geometry": {
        "type": "Point",
        "coordinates": [
          -1.658989729146496,
          48.112861715581296
        ]
      },
      "properties": {
        "source_id": 135521,
        "id_gestion": "0473AORN14962",
        "nom": "Marronnier d'Inde",
        "nom_source": "Marronnier d'Inde",
        "nom_scientifique": "Aesculus hippocastanum",
        "espece": "hippocastanum",
        "hauteur_m": 30,
        "circonference_cm": 350,
        "houppier_m": 16,
        "hauteur_1_ere_feuille_m": 3,
        "remarquable": null,
        "description": null,
        "photo_url": null,
        "model_3d_url": null,
        "date_plantation": null,
        "date_maj": null,
        "localisation": "Parc Hamelin Oberthür, Rennes",
        "type_taille": "Libre",
        "fonction": "Ornement",
        "source_properties": {
          "id": 135521,
          "localisation": "Parc Hamelin Oberthür, Rennes",
          "abattu": 0,
          "nom_commun": "Marronnier d'Inde",
          "genre": "Aesculus",
          "espece": "hippocastanum",
          "variete": null,
          "hauteur": 30,
          "circonference": 350,
          "houppier": 16,
          "hauteur_1_ere_feuille": 3,
          "date_plantation": null,
          "date_maj": null,
          "id_gestion": "0473AORN14962",
          "complement": null,
          "type_taille": "Libre",
          "fonction": "Ornement",
          "gml_id": "arbre.135521",
          "code_insee": "35238",
          "secteur": null,
          "id_regroupement": null,
          "classe_biodiv": null,
          "date_entretien": null,
          "frequence_entretien": null,
          "date_proch_entretien": null
        }
      }
    },
    {
      "type": "Feature",
      "id": "rennes-arbre-135523",
      "geometry": {
        "type": "Point",
        "coordinates": [
          -1.658695001779378,
          48.11186667452642
        ]
      },
      "properties": {
        "source_id": 135523,
        "id_gestion": "0473AORN15449",
        "nom": "Chêne chevelu",
        "nom_source": "Chêne chevelu",
        "nom_scientifique": "Quercus cerris",
        "espece": "cerris",
        "hauteur_m": 26,
        "circonference_cm": 290,
        "houppier_m": 12,
        "hauteur_1_ere_feuille_m": 6,
        "remarquable": null,
        "description": null,
        "photo_url": null,
        "model_3d_url": null,
        "date_plantation": null,
        "date_maj": null,
        "localisation": "Parc Hamelin Oberthür, Rennes",
        "type_taille": "Libre",
        "fonction": "Ornement",
        "source_properties": {
          "id": 135523,
          "localisation": "Parc Hamelin Oberthür, Rennes",
          "abattu": 0,
          "nom_commun": "Chêne chevelu",
          "genre": "Quercus",
          "espece": "cerris",
          "variete": null,
          "hauteur": 26,
          "circonference": 290,
          "houppier": 12,
          "hauteur_1_ere_feuille": 6,
          "date_plantation": null,
          "date_maj": null,
          "id_gestion": "0473AORN15449",
          "complement": null,
          "type_taille": "Libre",
          "fonction": "Ornement",
          "gml_id": "arbre.135523",
          "code_insee": "35238",
          "secteur": null,
          "id_regroupement": null,
          "classe_biodiv": null,
          "date_entretien": null,
          "frequence_entretien": null,
          "date_proch_entretien": null
        }
      }
    },
    {
      "type": "Feature",
      "id": "rennes-arbre-135524",
      "geometry": {
        "type": "Point",
        "coordinates": [
          -1.660576381375847,
          48.1129679996671
        ]
      },
      "properties": {
        "source_id": 135524,
        "id_gestion": "0473AORN56035",
        "nom": "Thuya de Californie",
        "nom_source": "Thuya de Californie",
        "nom_scientifique": "Thuja plicata Zebrina",
        "espece": "plicata",
        "hauteur_m": 12,
        "circonference_cm": 95,
        "houppier_m": 4,
        "hauteur_1_ere_feuille_m": 2,
        "remarquable": null,
        "description": null,
        "photo_url": null,
        "model_3d_url": null,
        "date_plantation": null,
        "date_maj": null,
        "localisation": "Parc Hamelin Oberthür, Rennes",
        "type_taille": "Libre",
        "fonction": "Ornement",
        "source_properties": {
          "id": 135524,
          "localisation": "Parc Hamelin Oberthür, Rennes",
          "abattu": 0,
          "nom_commun": "Thuya de Californie",
          "genre": "Thuja",
          "espece": "plicata",
          "variete": "Zebrina",
          "hauteur": 12,
          "circonference": 95,
          "houppier": 4,
          "hauteur_1_ere_feuille": 2,
          "date_plantation": null,
          "date_maj": null,
          "id_gestion": "0473AORN56035",
          "complement": null,
          "type_taille": "Libre",
          "fonction": "Ornement",
          "gml_id": "arbre.135524",
          "code_insee": "35238",
          "secteur": null,
          "id_regroupement": null,
          "classe_biodiv": null,
          "date_entretien": null,
          "frequence_entretien": null,
          "date_proch_entretien": null
        }
      }
    },
    {
      "type": "Feature",
      "id": "rennes-arbre-135525",
      "geometry": {
        "type": "Point",
        "coordinates": [
          -1.659467596003816,
          48.113304621233915
        ]
      },
      "properties": {
        "source_id": 135525,
        "id_gestion": "0473AORN4636",
        "nom": "Houx",
        "nom_source": "Houx",
        "nom_scientifique": "Ilex aquifolium Argenteomarginata",
        "espece": "aquifolium",
        "hauteur_m": 10,
        "circonference_cm": 105,
        "houppier_m": 5,
        "hauteur_1_ere_feuille_m": 2,
        "remarquable": null,
        "description": null,
        "photo_url": null,
        "model_3d_url": null,
        "date_plantation": null,
        "date_maj": null,
        "localisation": "Parc Hamelin Oberthür, Rennes",
        "type_taille": "Libre",
        "fonction": "Ornement",
        "source_properties": {
          "id": 135525,
          "localisation": "Parc Hamelin Oberthür, Rennes",
          "abattu": 0,
          "nom_commun": "Houx",
          "genre": "Ilex",
          "espece": "aquifolium",
          "variete": "Argenteomarginata",
          "hauteur": 10,
          "circonference": 105,
          "houppier": 5,
          "hauteur_1_ere_feuille": 2,
          "date_plantation": null,
          "date_maj": null,
          "id_gestion": "0473AORN4636",
          "complement": null,
          "type_taille": "Libre",
          "fonction": "Ornement",
          "gml_id": "arbre.135525",
          "code_insee": "35238",
          "secteur": null,
          "id_regroupement": null,
          "classe_biodiv": null,
          "date_entretien": null,
          "frequence_entretien": null,
          "date_proch_entretien": null
        }
      }
    },
    {
      "type": "Feature",
      "id": "rennes-arbre-135529",
      "geometry": {
        "type": "Point",
        "coordinates": [
          -1.658630843290096,
          48.11219380455182
        ]
      },
      "properties": {
        "source_id": 135529,
        "id_gestion": "0473AORN55015",
        "nom": "Laurier palme",
        "nom_source": "Laurier palme",
        "nom_scientifique": "Prunus laurocerasus",
        "espece": "laurocerasus",
        "hauteur_m": 5,
        "circonference_cm": 200,
        "houppier_m": 4,
        "hauteur_1_ere_feuille_m": 1,
        "remarquable": null,
        "description": null,
        "photo_url": null,
        "model_3d_url": null,
        "date_plantation": null,
        "date_maj": null,
        "localisation": "Parc Hamelin Oberthür, Rennes",
        "type_taille": "Cépée",
        "fonction": "Ornement",
        "source_properties": {
          "id": 135529,
          "localisation": "Parc Hamelin Oberthür, Rennes",
          "abattu": 0,
          "nom_commun": "Laurier palme",
          "genre": "Prunus",
          "espece": "laurocerasus",
          "variete": null,
          "hauteur": 5,
          "circonference": 200,
          "houppier": 4,
          "hauteur_1_ere_feuille": 1,
          "date_plantation": null,
          "date_maj": null,
          "id_gestion": "0473AORN55015",
          "complement": null,
          "type_taille": "Cépée",
          "fonction": "Ornement",
          "gml_id": "arbre.135529",
          "code_insee": "35238",
          "secteur": null,
          "id_regroupement": null,
          "classe_biodiv": null,
          "date_entretien": null,
          "frequence_entretien": null,
          "date_proch_entretien": null
        }
      }
    },
    {
      "type": "Feature",
      "id": "rennes-arbre-135532",
      "geometry": {
        "type": "Point",
        "coordinates": [
          -1.659386622221209,
          48.11152185642174
        ]
      },
      "properties": {
        "source_id": 135532,
        "id_gestion": "0473AORN13172",
        "nom": "Hêtre commun",
        "nom_source": "Hêtre commun",
        "nom_scientifique": "Fagus sylvatica",
        "espece": "sylvatica",
        "hauteur_m": 25,
        "circonference_cm": 210,
        "houppier_m": 15,
        "hauteur_1_ere_feuille_m": 12,
        "remarquable": null,
        "description": null,
        "photo_url": null,
        "model_3d_url": null,
        "date_plantation": null,
        "date_maj": null,
        "localisation": "Parc Hamelin Oberthür, Rennes",
        "type_taille": "Libre",
        "fonction": "Ornement",
        "source_properties": {
          "id": 135532,
          "localisation": "Parc Hamelin Oberthür, Rennes",
          "abattu": 0,
          "nom_commun": "Hêtre commun",
          "genre": "Fagus",
          "espece": "sylvatica",
          "variete": null,
          "hauteur": 25,
          "circonference": 210,
          "houppier": 15,
          "hauteur_1_ere_feuille": 12,
          "date_plantation": null,
          "date_maj": null,
          "id_gestion": "0473AORN13172",
          "complement": null,
          "type_taille": "Libre",
          "fonction": "Ornement",
          "gml_id": "arbre.135532",
          "code_insee": "35238",
          "secteur": null,
          "id_regroupement": null,
          "classe_biodiv": null,
          "date_entretien": null,
          "frequence_entretien": null,
          "date_proch_entretien": null
        }
      }
    },
    {
      "type": "Feature",
      "id": "rennes-arbre-135536",
      "geometry": {
        "type": "Point",
        "coordinates": [
          -1.659061342288136,
          48.11194701397791
        ]
      },
      "properties": {
        "source_id": 135536,
        "id_gestion": "0473AORN1116",
        "nom": "Erable de Montpellier",
        "nom_source": "Erable de Montpellier",
        "nom_scientifique": "Acer monspessulanum",
        "espece": "monspessulanum",
        "hauteur_m": 14,
        "circonference_cm": 160,
        "houppier_m": 12,
        "hauteur_1_ere_feuille_m": 3,
        "remarquable": null,
        "description": null,
        "photo_url": null,
        "model_3d_url": null,
        "date_plantation": null,
        "date_maj": null,
        "localisation": null,
        "type_taille": "Libre",
        "fonction": "Ornement",
        "source_properties": {
          "id": 135536,
          "localisation": null,
          "abattu": 0,
          "nom_commun": "Erable de Montpellier",
          "genre": "Acer",
          "espece": "monspessulanum",
          "variete": null,
          "hauteur": 14,
          "circonference": 160,
          "houppier": 12,
          "hauteur_1_ere_feuille": 3,
          "date_plantation": null,
          "date_maj": null,
          "id_gestion": "0473AORN1116",
          "complement": null,
          "type_taille": "Libre",
          "fonction": "Ornement",
          "gml_id": "arbre.135536",
          "code_insee": "35238",
          "secteur": null,
          "id_regroupement": null,
          "classe_biodiv": null,
          "date_entretien": null,
          "frequence_entretien": null,
          "date_proch_entretien": null
        }
      }
    },
    {
      "type": "Feature",
      "id": "rennes-arbre-135541",
      "geometry": {
        "type": "Point",
        "coordinates": [
          -1.661072955673263,
          48.11349057433189
        ]
      },
      "properties": {
        "source_id": 135541,
        "id_gestion": "0473AORN28054",
        "nom": "Arbre aux quarante écus",
        "nom_source": "Arbre aux quarante écus",
        "nom_scientifique": "Ginkgo biloba",
        "espece": "biloba",
        "hauteur_m": 7,
        "circonference_cm": 50,
        "houppier_m": 5,
        "hauteur_1_ere_feuille_m": 2,
        "remarquable": null,
        "description": null,
        "photo_url": null,
        "model_3d_url": null,
        "date_plantation": null,
        "date_maj": null,
        "localisation": "Rue de Paris, Rennes",
        "type_taille": "Libre",
        "fonction": "Ornement",
        "source_properties": {
          "id": 135541,
          "localisation": "Rue de Paris, Rennes",
          "abattu": 0,
          "nom_commun": "Arbre aux quarante écus",
          "genre": "Ginkgo",
          "espece": "biloba",
          "variete": null,
          "hauteur": 7,
          "circonference": 50,
          "houppier": 5,
          "hauteur_1_ere_feuille": 2,
          "date_plantation": null,
          "date_maj": null,
          "id_gestion": "0473AORN28054",
          "complement": null,
          "type_taille": "Libre",
          "fonction": "Ornement",
          "gml_id": "arbre.135541",
          "code_insee": "35238",
          "secteur": null,
          "id_regroupement": null,
          "classe_biodiv": null,
          "date_entretien": null,
          "frequence_entretien": null,
          "date_proch_entretien": null
        }
      }
    },
    {
      "type": "Feature",
      "id": "rennes-arbre-135542",
      "geometry": {
        "type": "Point",
        "coordinates": [
          -1.659735821982017,
          48.11389566637523
        ]
      },
      "properties": {
        "source_id": 135542,
        "id_gestion": "0473AORN41215",
        "nom": "Magnolia à grandes fleurs",
        "nom_source": "Magnolia à grandes fleurs",
        "nom_scientifique": "Magnolia grandiflora",
        "espece": "grandiflora",
        "hauteur_m": 12,
        "circonference_cm": 105,
        "houppier_m": 6,
        "hauteur_1_ere_feuille_m": 4,
        "remarquable": null,
        "description": null,
        "photo_url": null,
        "model_3d_url": null,
        "date_plantation": null,
        "date_maj": null,
        "localisation": "Parc Hamelin Oberthür, Rennes",
        "type_taille": "Libre",
        "fonction": "Ornement",
        "source_properties": {
          "id": 135542,
          "localisation": "Parc Hamelin Oberthür, Rennes",
          "abattu": 0,
          "nom_commun": "Magnolia à grandes fleurs",
          "genre": "Magnolia",
          "espece": "grandiflora",
          "variete": null,
          "hauteur": 12,
          "circonference": 105,
          "houppier": 6,
          "hauteur_1_ere_feuille": 4,
          "date_plantation": null,
          "date_maj": null,
          "id_gestion": "0473AORN41215",
          "complement": null,
          "type_taille": "Libre",
          "fonction": "Ornement",
          "gml_id": "arbre.135542",
          "code_insee": "35238",
          "secteur": null,
          "id_regroupement": null,
          "classe_biodiv": null,
          "date_entretien": null,
          "frequence_entretien": null,
          "date_proch_entretien": null
        }
      }
    },
    {
      "type": "Feature",
      "id": "rennes-arbre-135543",
      "geometry": {
        "type": "Point",
        "coordinates": [
          -1.659290365612255,
          48.112870649523366
        ]
      },
      "properties": {
        "source_id": 135543,
        "id_gestion": "0473AORN8355",
        "nom": "Chêne pédonculé",
        "nom_source": "Chêne pédonculé",
        "nom_scientifique": "Quercus robur",
        "espece": "robur",
        "hauteur_m": 16,
        "circonference_cm": 320,
        "houppier_m": 6,
        "hauteur_1_ere_feuille_m": 4,
        "remarquable": null,
        "description": null,
        "photo_url": null,
        "model_3d_url": null,
        "date_plantation": null,
        "date_maj": null,
        "localisation": "Parc Hamelin Oberthür, Rennes",
        "type_taille": "Libre",
        "fonction": "Ornement",
        "source_properties": {
          "id": 135543,
          "localisation": "Parc Hamelin Oberthür, Rennes",
          "abattu": 0,
          "nom_commun": "Chêne pédonculé",
          "genre": "Quercus",
          "espece": "robur",
          "variete": null,
          "hauteur": 16,
          "circonference": 320,
          "houppier": 6,
          "hauteur_1_ere_feuille": 4,
          "date_plantation": null,
          "date_maj": null,
          "id_gestion": "0473AORN8355",
          "complement": null,
          "type_taille": "Libre",
          "fonction": "Ornement",
          "gml_id": "arbre.135543",
          "code_insee": "35238",
          "secteur": null,
          "id_regroupement": null,
          "classe_biodiv": null,
          "date_entretien": null,
          "frequence_entretien": null,
          "date_proch_entretien": null
        }
      }
    },
    {
      "type": "Feature",
      "id": "rennes-arbre-135544",
      "geometry": {
        "type": "Point",
        "coordinates": [
          -1.658815275703338,
          48.111846459975894
        ]
      },
      "properties": {
        "source_id": 135544,
        "id_gestion": "0473AORN39782",
        "nom": "Erable plane",
        "nom_source": "Erable plane",
        "nom_scientifique": "Acer platanoides",
        "espece": "platanoides",
        "hauteur_m": 22,
        "circonference_cm": 180,
        "houppier_m": 10,
        "hauteur_1_ere_feuille_m": 6,
        "remarquable": null,
        "description": null,
        "photo_url": null,
        "model_3d_url": null,
        "date_plantation": null,
        "date_maj": null,
        "localisation": "Parc Hamelin Oberthür, Rennes",
        "type_taille": "Libre",
        "fonction": "Ornement",
        "source_properties": {
          "id": 135544,
          "localisation": "Parc Hamelin Oberthür, Rennes",
          "abattu": 0,
          "nom_commun": "Erable plane",
          "genre": "Acer",
          "espece": "platanoides",
          "variete": null,
          "hauteur": 22,
          "circonference": 180,
          "houppier": 10,
          "hauteur_1_ere_feuille": 6,
          "date_plantation": null,
          "date_maj": null,
          "id_gestion": "0473AORN39782",
          "complement": null,
          "type_taille": "Libre",
          "fonction": "Ornement",
          "gml_id": "arbre.135544",
          "code_insee": "35238",
          "secteur": null,
          "id_regroupement": null,
          "classe_biodiv": null,
          "date_entretien": null,
          "frequence_entretien": null,
          "date_proch_entretien": null
        }
      }
    },
    {
      "type": "Feature",
      "id": "rennes-arbre-135547",
      "geometry": {
        "type": "Point",
        "coordinates": [
          -1.659891303171947,
          48.11192366997139
        ]
      },
      "properties": {
        "source_id": 135547,
        "id_gestion": "0473AORN39952",
        "nom": "Arbre à perles",
        "nom_source": "Arbre à perles",
        "nom_scientifique": "Callicarpa bodinieri",
        "espece": "bodinieri",
        "hauteur_m": 2,
        "circonference_cm": 90,
        "houppier_m": 1,
        "hauteur_1_ere_feuille_m": null,
        "remarquable": null,
        "description": null,
        "photo_url": null,
        "model_3d_url": null,
        "date_plantation": null,
        "date_maj": null,
        "localisation": "Parc Hamelin Oberthür, Rennes",
        "type_taille": "Cépée",
        "fonction": "Ornement",
        "source_properties": {
          "id": 135547,
          "localisation": "Parc Hamelin Oberthür, Rennes",
          "abattu": 0,
          "nom_commun": "Arbre à perles",
          "genre": "Callicarpa",
          "espece": "bodinieri",
          "variete": null,
          "hauteur": 2,
          "circonference": 90,
          "houppier": 1,
          "hauteur_1_ere_feuille": 0,
          "date_plantation": null,
          "date_maj": null,
          "id_gestion": "0473AORN39952",
          "complement": null,
          "type_taille": "Cépée",
          "fonction": "Ornement",
          "gml_id": "arbre.135547",
          "code_insee": "35238",
          "secteur": null,
          "id_regroupement": null,
          "classe_biodiv": null,
          "date_entretien": null,
          "frequence_entretien": null,
          "date_proch_entretien": null
        }
      }
    },
    {
      "type": "Feature",
      "id": "rennes-arbre-135548",
      "geometry": {
        "type": "Point",
        "coordinates": [
          -1.660147297305605,
          48.11229132038446
        ]
      },
      "properties": {
        "source_id": 135548,
        "id_gestion": "0473AORN29805",
        "nom": "If commun",
        "nom_source": "If commun",
        "nom_scientifique": "Taxus baccata",
        "espece": "baccata",
        "hauteur_m": 14,
        "circonference_cm": 230,
        "houppier_m": 8,
        "hauteur_1_ere_feuille_m": 2,
        "remarquable": null,
        "description": null,
        "photo_url": null,
        "model_3d_url": null,
        "date_plantation": null,
        "date_maj": null,
        "localisation": "Parc Hamelin Oberthür, Rennes",
        "type_taille": "Libre",
        "fonction": "Ornement",
        "source_properties": {
          "id": 135548,
          "localisation": "Parc Hamelin Oberthür, Rennes",
          "abattu": 0,
          "nom_commun": "If commun",
          "genre": "Taxus",
          "espece": "baccata",
          "variete": null,
          "hauteur": 14,
          "circonference": 230,
          "houppier": 8,
          "hauteur_1_ere_feuille": 2,
          "date_plantation": null,
          "date_maj": null,
          "id_gestion": "0473AORN29805",
          "complement": null,
          "type_taille": "Libre",
          "fonction": "Ornement",
          "gml_id": "arbre.135548",
          "code_insee": "35238",
          "secteur": null,
          "id_regroupement": null,
          "classe_biodiv": null,
          "date_entretien": null,
          "frequence_entretien": null,
          "date_proch_entretien": null
        }
      }
    },
    {
      "type": "Feature",
      "id": "rennes-arbre-135549",
      "geometry": {
        "type": "Point",
        "coordinates": [
          -1.659070184922194,
          48.11187809213072
        ]
      },
      "properties": {
        "source_id": 135549,
        "id_gestion": "0473AORN30585",
        "nom": "Houx",
        "nom_source": "Houx",
        "nom_scientifique": "Ilex aquifolium",
        "espece": "aquifolium",
        "hauteur_m": 6,
        "circonference_cm": 60,
        "houppier_m": 4,
        "hauteur_1_ere_feuille_m": null,
        "remarquable": null,
        "description": null,
        "photo_url": null,
        "model_3d_url": null,
        "date_plantation": null,
        "date_maj": null,
        "localisation": null,
        "type_taille": "Libre",
        "fonction": "Ornement",
        "source_properties": {
          "id": 135549,
          "localisation": null,
          "abattu": 0,
          "nom_commun": "Houx",
          "genre": "Ilex",
          "espece": "aquifolium",
          "variete": null,
          "hauteur": 6,
          "circonference": 60,
          "houppier": 4,
          "hauteur_1_ere_feuille": 0,
          "date_plantation": null,
          "date_maj": null,
          "id_gestion": "0473AORN30585",
          "complement": null,
          "type_taille": "Libre",
          "fonction": "Ornement",
          "gml_id": "arbre.135549",
          "code_insee": "35238",
          "secteur": null,
          "id_regroupement": null,
          "classe_biodiv": null,
          "date_entretien": null,
          "frequence_entretien": null,
          "date_proch_entretien": null
        }
      }
    },
    {
      "type": "Feature",
      "id": "rennes-arbre-135553",
      "geometry": {
        "type": "Point",
        "coordinates": [
          -1.65899470924179,
          48.112782133027636
        ]
      },
      "properties": {
        "source_id": 135553,
        "id_gestion": "0473AORN34665",
        "nom": "Chêne pédonculé",
        "nom_source": "Chêne pédonculé",
        "nom_scientifique": "Quercus robur",
        "espece": "robur",
        "hauteur_m": 8,
        "circonference_cm": 45,
        "houppier_m": 5,
        "hauteur_1_ere_feuille_m": 3,
        "remarquable": null,
        "description": null,
        "photo_url": null,
        "model_3d_url": null,
        "date_plantation": null,
        "date_maj": null,
        "localisation": "Parc Hamelin Oberthür, Rennes",
        "type_taille": "Libre",
        "fonction": "Ornement",
        "source_properties": {
          "id": 135553,
          "localisation": "Parc Hamelin Oberthür, Rennes",
          "abattu": 0,
          "nom_commun": "Chêne pédonculé",
          "genre": "Quercus",
          "espece": "robur",
          "variete": null,
          "hauteur": 8,
          "circonference": 45,
          "houppier": 5,
          "hauteur_1_ere_feuille": 3,
          "date_plantation": null,
          "date_maj": null,
          "id_gestion": "0473AORN34665",
          "complement": null,
          "type_taille": "Libre",
          "fonction": "Ornement",
          "gml_id": "arbre.135553",
          "code_insee": "35238",
          "secteur": null,
          "id_regroupement": null,
          "classe_biodiv": null,
          "date_entretien": null,
          "frequence_entretien": null,
          "date_proch_entretien": null
        }
      }
    },
    {
      "type": "Feature",
      "id": "rennes-arbre-135554",
      "geometry": {
        "type": "Point",
        "coordinates": [
          -1.660784424372795,
          48.11329242405684
        ]
      },
      "properties": {
        "source_id": 135554,
        "id_gestion": "0473AORN7444",
        "nom": "Arbre à soie",
        "nom_source": "Arbre à soie",
        "nom_scientifique": "Albizzia julibrissin",
        "espece": "julibrissin",
        "hauteur_m": 11,
        "circonference_cm": 70,
        "houppier_m": 8,
        "hauteur_1_ere_feuille_m": 4,
        "remarquable": null,
        "description": null,
        "photo_url": null,
        "model_3d_url": null,
        "date_plantation": null,
        "date_maj": null,
        "localisation": "Parc Hamelin Oberthür, Rennes",
        "type_taille": "Libre",
        "fonction": "Ornement",
        "source_properties": {
          "id": 135554,
          "localisation": "Parc Hamelin Oberthür, Rennes",
          "abattu": 0,
          "nom_commun": "Arbre à soie",
          "genre": "Albizzia",
          "espece": "julibrissin",
          "variete": null,
          "hauteur": 11,
          "circonference": 70,
          "houppier": 8,
          "hauteur_1_ere_feuille": 4,
          "date_plantation": null,
          "date_maj": null,
          "id_gestion": "0473AORN7444",
          "complement": null,
          "type_taille": "Libre",
          "fonction": "Ornement",
          "gml_id": "arbre.135554",
          "code_insee": "35238",
          "secteur": null,
          "id_regroupement": null,
          "classe_biodiv": null,
          "date_entretien": null,
          "frequence_entretien": null,
          "date_proch_entretien": null
        }
      }
    },
    {
      "type": "Feature",
      "id": "rennes-arbre-135556",
      "geometry": {
        "type": "Point",
        "coordinates": [
          -1.660545558760909,
          48.112914487804936
        ]
      },
      "properties": {
        "source_id": 135556,
        "id_gestion": "0473AORN28339",
        "nom": "Thuya de Californie",
        "nom_source": "Thuya de Californie",
        "nom_scientifique": "Thuja plicata Zebrina",
        "espece": "plicata",
        "hauteur_m": 12,
        "circonference_cm": 95,
        "houppier_m": 4,
        "hauteur_1_ere_feuille_m": 2,
        "remarquable": null,
        "description": null,
        "photo_url": null,
        "model_3d_url": null,
        "date_plantation": null,
        "date_maj": null,
        "localisation": "Parc Hamelin Oberthür, Rennes",
        "type_taille": "Libre",
        "fonction": "Ornement",
        "source_properties": {
          "id": 135556,
          "localisation": "Parc Hamelin Oberthür, Rennes",
          "abattu": 0,
          "nom_commun": "Thuya de Californie",
          "genre": "Thuja",
          "espece": "plicata",
          "variete": "Zebrina",
          "hauteur": 12,
          "circonference": 95,
          "houppier": 4,
          "hauteur_1_ere_feuille": 2,
          "date_plantation": null,
          "date_maj": null,
          "id_gestion": "0473AORN28339",
          "complement": null,
          "type_taille": "Libre",
          "fonction": "Ornement",
          "gml_id": "arbre.135556",
          "code_insee": "35238",
          "secteur": null,
          "id_regroupement": null,
          "classe_biodiv": null,
          "date_entretien": null,
          "frequence_entretien": null,
          "date_proch_entretien": null
        }
      }
    },
    {
      "type": "Feature",
      "id": "rennes-arbre-135557",
      "geometry": {
        "type": "Point",
        "coordinates": [
          -1.659151607020889,
          48.11257321360061
        ]
      },
      "properties": {
        "source_id": 135557,
        "id_gestion": "0473AORN35252",
        "nom": "Laurier des Iroquois",
        "nom_source": "Laurier des Iroquois",
        "nom_scientifique": "Sassafras albidum",
        "espece": "albidum",
        "hauteur_m": 15,
        "circonference_cm": 90,
        "houppier_m": 2,
        "hauteur_1_ere_feuille_m": 4,
        "remarquable": null,
        "description": null,
        "photo_url": null,
        "model_3d_url": null,
        "date_plantation": null,
        "date_maj": null,
        "localisation": "Parc Hamelin Oberthür, Rennes",
        "type_taille": "Libre",
        "fonction": "Ornement",
        "source_properties": {
          "id": 135557,
          "localisation": "Parc Hamelin Oberthür, Rennes",
          "abattu": 0,
          "nom_commun": "Laurier des Iroquois",
          "genre": "Sassafras",
          "espece": "albidum",
          "variete": null,
          "hauteur": 15,
          "circonference": 90,
          "houppier": 2,
          "hauteur_1_ere_feuille": 4,
          "date_plantation": null,
          "date_maj": null,
          "id_gestion": "0473AORN35252",
          "complement": null,
          "type_taille": "Libre",
          "fonction": "Ornement",
          "gml_id": "arbre.135557",
          "code_insee": "35238",
          "secteur": null,
          "id_regroupement": null,
          "classe_biodiv": null,
          "date_entretien": null,
          "frequence_entretien": null,
          "date_proch_entretien": null
        }
      }
    },
    {
      "type": "Feature",
      "id": "rennes-arbre-167149",
      "geometry": {
        "type": "Point",
        "coordinates": [
          -1.659910326763447,
          48.11322219032997
        ]
      },
      "properties": {
        "source_id": 167149,
        "id_gestion": "0473AORN23723",
        "nom": "Tilleul argenté",
        "nom_source": "Tilleul argenté",
        "nom_scientifique": "Tilia tomentosa",
        "espece": "tomentosa",
        "hauteur_m": 29,
        "circonference_cm": 350,
        "houppier_m": null,
        "hauteur_1_ere_feuille_m": null,
        "remarquable": null,
        "description": null,
        "photo_url": null,
        "model_3d_url": null,
        "date_plantation": null,
        "date_maj": null,
        "localisation": "Parc Hamelin Oberthür, Rennes",
        "type_taille": "Libre",
        "fonction": "Ornement",
        "source_properties": {
          "id": 167149,
          "localisation": "Parc Hamelin Oberthür, Rennes",
          "abattu": 0,
          "nom_commun": "Tilleul argenté",
          "genre": "Tilia",
          "espece": "tomentosa",
          "variete": null,
          "hauteur": 29,
          "circonference": 350,
          "houppier": 0,
          "hauteur_1_ere_feuille": 0,
          "date_plantation": null,
          "date_maj": null,
          "id_gestion": "0473AORN23723",
          "complement": null,
          "type_taille": "Libre",
          "fonction": "Ornement",
          "gml_id": "arbre.167149",
          "code_insee": "35238",
          "secteur": null,
          "id_regroupement": null,
          "classe_biodiv": null,
          "date_entretien": null,
          "frequence_entretien": null,
          "date_proch_entretien": null
        }
      }
    },
    {
      "type": "Feature",
      "id": "rennes-arbre-167176",
      "geometry": {
        "type": "Point",
        "coordinates": [
          -1.660301073506462,
          48.11286337874547
        ]
      },
      "properties": {
        "source_id": 167176,
        "id_gestion": "0473AORN22929",
        "nom": "Tilleul argenté",
        "nom_source": "Tilleul argenté",
        "nom_scientifique": "Tilia tomentosa",
        "espece": "tomentosa",
        "hauteur_m": 18,
        "circonference_cm": 100,
        "houppier_m": 8,
        "hauteur_1_ere_feuille_m": 2,
        "remarquable": null,
        "description": null,
        "photo_url": null,
        "model_3d_url": null,
        "date_plantation": null,
        "date_maj": null,
        "localisation": "Parc Hamelin Oberthür, Rennes",
        "type_taille": "Libre",
        "fonction": "Ornement",
        "source_properties": {
          "id": 167176,
          "localisation": "Parc Hamelin Oberthür, Rennes",
          "abattu": 0,
          "nom_commun": "Tilleul argenté",
          "genre": "Tilia",
          "espece": "tomentosa",
          "variete": null,
          "hauteur": 18,
          "circonference": 100,
          "houppier": 8,
          "hauteur_1_ere_feuille": 2,
          "date_plantation": null,
          "date_maj": null,
          "id_gestion": "0473AORN22929",
          "complement": null,
          "type_taille": "Libre",
          "fonction": "Ornement",
          "gml_id": "arbre.167176",
          "code_insee": "35238",
          "secteur": null,
          "id_regroupement": null,
          "classe_biodiv": null,
          "date_entretien": null,
          "frequence_entretien": null,
          "date_proch_entretien": null
        }
      }
    },
    {
      "type": "Feature",
      "id": "rennes-arbre-167177",
      "geometry": {
        "type": "Point",
        "coordinates": [
          -1.660363861546645,
          48.112864185927215
        ]
      },
      "properties": {
        "source_id": 167177,
        "id_gestion": "0473AORN25033",
        "nom": "Tilleul argenté",
        "nom_source": "Tilleul argenté",
        "nom_scientifique": "Tilia tomentosa",
        "espece": "tomentosa",
        "hauteur_m": 30,
        "circonference_cm": 300,
        "houppier_m": 8,
        "hauteur_1_ere_feuille_m": 4,
        "remarquable": null,
        "description": null,
        "photo_url": null,
        "model_3d_url": null,
        "date_plantation": null,
        "date_maj": null,
        "localisation": "Parc Hamelin Oberthür, Rennes",
        "type_taille": "Libre",
        "fonction": "Ornement",
        "source_properties": {
          "id": 167177,
          "localisation": "Parc Hamelin Oberthür, Rennes",
          "abattu": 0,
          "nom_commun": "Tilleul argenté",
          "genre": "Tilia",
          "espece": "tomentosa",
          "variete": null,
          "hauteur": 30,
          "circonference": 300,
          "houppier": 8,
          "hauteur_1_ere_feuille": 4,
          "date_plantation": null,
          "date_maj": null,
          "id_gestion": "0473AORN25033",
          "complement": null,
          "type_taille": "Libre",
          "fonction": "Ornement",
          "gml_id": "arbre.167177",
          "code_insee": "35238",
          "secteur": null,
          "id_regroupement": null,
          "classe_biodiv": null,
          "date_entretien": null,
          "frequence_entretien": null,
          "date_proch_entretien": null
        }
      }
    },
    {
      "type": "Feature",
      "id": "rennes-arbre-167178",
      "geometry": {
        "type": "Point",
        "coordinates": [
          -1.660366356423487,
          48.11290411899323
        ]
      },
      "properties": {
        "source_id": 167178,
        "id_gestion": "0473AORN42951",
        "nom": "Tilleul argenté",
        "nom_source": "Tilleul argenté",
        "nom_scientifique": "Tilia tomentosa",
        "espece": "tomentosa",
        "hauteur_m": 30,
        "circonference_cm": 300,
        "houppier_m": 8,
        "hauteur_1_ere_feuille_m": 4,
        "remarquable": null,
        "description": null,
        "photo_url": null,
        "model_3d_url": null,
        "date_plantation": null,
        "date_maj": null,
        "localisation": "Parc Hamelin Oberthür, Rennes",
        "type_taille": "Libre",
        "fonction": "Ornement",
        "source_properties": {
          "id": 167178,
          "localisation": "Parc Hamelin Oberthür, Rennes",
          "abattu": 0,
          "nom_commun": "Tilleul argenté",
          "genre": "Tilia",
          "espece": "tomentosa",
          "variete": null,
          "hauteur": 30,
          "circonference": 300,
          "houppier": 8,
          "hauteur_1_ere_feuille": 4,
          "date_plantation": null,
          "date_maj": null,
          "id_gestion": "0473AORN42951",
          "complement": null,
          "type_taille": "Libre",
          "fonction": "Ornement",
          "gml_id": "arbre.167178",
          "code_insee": "35238",
          "secteur": null,
          "id_regroupement": null,
          "classe_biodiv": null,
          "date_entretien": null,
          "frequence_entretien": null,
          "date_proch_entretien": null
        }
      }
    },
    {
      "type": "Feature",
      "id": "rennes-arbre-171163",
      "geometry": {
        "type": "Point",
        "coordinates": [
          -1.659513629576062,
          48.11242744233807
        ]
      },
      "properties": {
        "source_id": 171163,
        "id_gestion": "0473AORN22721",
        "nom": "Cyprès chauve",
        "nom_source": "Cyprès chauve",
        "nom_scientifique": "Taxodium distichum",
        "espece": "distichum",
        "hauteur_m": 30,
        "circonference_cm": 370,
        "houppier_m": 9,
        "hauteur_1_ere_feuille_m": 2,
        "remarquable": null,
        "description": null,
        "photo_url": null,
        "model_3d_url": null,
        "date_plantation": null,
        "date_maj": null,
        "localisation": "Parc Hamelin Oberthür, Rennes",
        "type_taille": "Libre",
        "fonction": "Ornement",
        "source_properties": {
          "id": 171163,
          "localisation": "Parc Hamelin Oberthür, Rennes",
          "abattu": 0,
          "nom_commun": "Cyprès chauve",
          "genre": "Taxodium",
          "espece": "distichum",
          "variete": null,
          "hauteur": 30,
          "circonference": 370,
          "houppier": 9,
          "hauteur_1_ere_feuille": 2,
          "date_plantation": null,
          "date_maj": null,
          "id_gestion": "0473AORN22721",
          "complement": null,
          "type_taille": "Libre",
          "fonction": "Ornement",
          "gml_id": "arbre.171163",
          "code_insee": "35238",
          "secteur": null,
          "id_regroupement": null,
          "classe_biodiv": null,
          "date_entretien": null,
          "frequence_entretien": null,
          "date_proch_entretien": null
        }
      }
    },
    {
      "type": "Feature",
      "id": "rennes-arbre-171811",
      "geometry": {
        "type": "Point",
        "coordinates": [
          -1.660339164095371,
          48.11271434733309
        ]
      },
      "properties": {
        "source_id": 171811,
        "id_gestion": "0473AORN17708",
        "nom": "Chêne pédonculé",
        "nom_source": "Chêne pédonculé",
        "nom_scientifique": "Quercus robur",
        "espece": "robur",
        "hauteur_m": 25,
        "circonference_cm": 285,
        "houppier_m": 12,
        "hauteur_1_ere_feuille_m": 6,
        "remarquable": null,
        "description": null,
        "photo_url": null,
        "model_3d_url": null,
        "date_plantation": null,
        "date_maj": null,
        "localisation": "Parc Hamelin Oberthür, Rennes",
        "type_taille": "Libre",
        "fonction": "Ornement",
        "source_properties": {
          "id": 171811,
          "localisation": "Parc Hamelin Oberthür, Rennes",
          "abattu": 0,
          "nom_commun": "Chêne pédonculé",
          "genre": "Quercus",
          "espece": "robur",
          "variete": null,
          "hauteur": 25,
          "circonference": 285,
          "houppier": 12,
          "hauteur_1_ere_feuille": 6,
          "date_plantation": null,
          "date_maj": null,
          "id_gestion": "0473AORN17708",
          "complement": null,
          "type_taille": "Libre",
          "fonction": "Ornement",
          "gml_id": "arbre.171811",
          "code_insee": "35238",
          "secteur": null,
          "id_regroupement": null,
          "classe_biodiv": null,
          "date_entretien": null,
          "frequence_entretien": null,
          "date_proch_entretien": null
        }
      }
    },
    {
      "type": "Feature",
      "id": "rennes-arbre-171867",
      "geometry": {
        "type": "Point",
        "coordinates": [
          -1.65960822324523,
          48.11358545299404
        ]
      },
      "properties": {
        "source_id": 171867,
        "id_gestion": "0473AORN49938",
        "nom": "Laurier sauce",
        "nom_source": "Laurier sauce",
        "nom_scientifique": "Laurus nobilis",
        "espece": "nobilis",
        "hauteur_m": 4,
        "circonference_cm": 180,
        "houppier_m": 2,
        "hauteur_1_ere_feuille_m": null,
        "remarquable": null,
        "description": null,
        "photo_url": null,
        "model_3d_url": null,
        "date_plantation": null,
        "date_maj": null,
        "localisation": "Parc Hamelin Oberthür, Rennes",
        "type_taille": "Cépée",
        "fonction": "Ornement",
        "source_properties": {
          "id": 171867,
          "localisation": "Parc Hamelin Oberthür, Rennes",
          "abattu": 0,
          "nom_commun": "Laurier sauce",
          "genre": "Laurus",
          "espece": "nobilis",
          "variete": null,
          "hauteur": 4,
          "circonference": 180,
          "houppier": 2,
          "hauteur_1_ere_feuille": 0,
          "date_plantation": null,
          "date_maj": null,
          "id_gestion": "0473AORN49938",
          "complement": null,
          "type_taille": "Cépée",
          "fonction": "Ornement",
          "gml_id": "arbre.171867",
          "code_insee": "35238",
          "secteur": null,
          "id_regroupement": null,
          "classe_biodiv": null,
          "date_entretien": null,
          "frequence_entretien": null,
          "date_proch_entretien": null
        }
      }
    },
    {
      "type": "Feature",
      "id": "rennes-arbre-171868",
      "geometry": {
        "type": "Point",
        "coordinates": [
          -1.659496051040105,
          48.113105568997454
        ]
      },
      "properties": {
        "source_id": 171868,
        "id_gestion": "0473AORN55625",
        "nom": "Hêtre pourpre",
        "nom_source": "Hêtre commun",
        "nom_scientifique": "Fagus sylvatica Purpurea",
        "espece": "sylvatica",
        "hauteur_m": 22,
        "circonference_cm": 160,
        "houppier_m": 12,
        "hauteur_1_ere_feuille_m": 2,
        "remarquable": null,
        "description": null,
        "photo_url": null,
        "model_3d_url": null,
        "date_plantation": null,
        "date_maj": null,
        "localisation": null,
        "type_taille": "Libre",
        "fonction": "Ornement",
        "source_properties": {
          "id": 171868,
          "localisation": null,
          "abattu": 0,
          "nom_commun": "Hêtre commun",
          "genre": "Fagus",
          "espece": "sylvatica",
          "variete": "Purpurea",
          "hauteur": 22,
          "circonference": 160,
          "houppier": 12,
          "hauteur_1_ere_feuille": 2,
          "date_plantation": null,
          "date_maj": null,
          "id_gestion": "0473AORN55625",
          "complement": null,
          "type_taille": "Libre",
          "fonction": "Ornement",
          "gml_id": "arbre.171868",
          "code_insee": "35238",
          "secteur": null,
          "id_regroupement": null,
          "classe_biodiv": null,
          "date_entretien": null,
          "frequence_entretien": null,
          "date_proch_entretien": null
        }
      }
    },
    {
      "type": "Feature",
      "id": "rennes-arbre-171869",
      "geometry": {
        "type": "Point",
        "coordinates": [
          -1.659284353856438,
          48.11210163098603
        ]
      },
      "properties": {
        "source_id": 171869,
        "id_gestion": "0473AORN17844",
        "nom": "If commun",
        "nom_source": "If commun",
        "nom_scientifique": "Taxus baccata Fastigiata",
        "espece": "baccata",
        "hauteur_m": 7,
        "circonference_cm": 135,
        "houppier_m": 4,
        "hauteur_1_ere_feuille_m": null,
        "remarquable": null,
        "description": null,
        "photo_url": null,
        "model_3d_url": null,
        "date_plantation": null,
        "date_maj": null,
        "localisation": "Parc Hamelin Oberthür, Rennes",
        "type_taille": "Libre",
        "fonction": "Ornement",
        "source_properties": {
          "id": 171869,
          "localisation": "Parc Hamelin Oberthür, Rennes",
          "abattu": 0,
          "nom_commun": "If commun",
          "genre": "Taxus",
          "espece": "baccata",
          "variete": "Fastigiata",
          "hauteur": 7,
          "circonference": 135,
          "houppier": 4,
          "hauteur_1_ere_feuille": 0,
          "date_plantation": null,
          "date_maj": null,
          "id_gestion": "0473AORN17844",
          "complement": null,
          "type_taille": "Libre",
          "fonction": "Ornement",
          "gml_id": "arbre.171869",
          "code_insee": "35238",
          "secteur": null,
          "id_regroupement": null,
          "classe_biodiv": null,
          "date_entretien": null,
          "frequence_entretien": null,
          "date_proch_entretien": null
        }
      }
    },
    {
      "type": "Feature",
      "id": "rennes-arbre-171870",
      "geometry": {
        "type": "Point",
        "coordinates": [
          -1.658953744706901,
          48.1122189356779
        ]
      },
      "properties": {
        "source_id": 171870,
        "id_gestion": "0473AORN36108",
        "nom": "Marronnier des bois",
        "nom_source": "Marronnier des bois",
        "nom_scientifique": "Aesculus sylvatica",
        "espece": "sylvatica",
        "hauteur_m": 8,
        "circonference_cm": 75,
        "houppier_m": 6,
        "hauteur_1_ere_feuille_m": 3,
        "remarquable": null,
        "description": null,
        "photo_url": null,
        "model_3d_url": null,
        "date_plantation": null,
        "date_maj": null,
        "localisation": "Parc Hamelin Oberthür, Rennes",
        "type_taille": "Libre",
        "fonction": "Ornement",
        "source_properties": {
          "id": 171870,
          "localisation": "Parc Hamelin Oberthür, Rennes",
          "abattu": 0,
          "nom_commun": "Marronnier des bois",
          "genre": "Aesculus",
          "espece": "sylvatica",
          "variete": null,
          "hauteur": 8,
          "circonference": 75,
          "houppier": 6,
          "hauteur_1_ere_feuille": 3,
          "date_plantation": null,
          "date_maj": null,
          "id_gestion": "0473AORN36108",
          "complement": null,
          "type_taille": "Libre",
          "fonction": "Ornement",
          "gml_id": "arbre.171870",
          "code_insee": "35238",
          "secteur": null,
          "id_regroupement": null,
          "classe_biodiv": null,
          "date_entretien": null,
          "frequence_entretien": null,
          "date_proch_entretien": null
        }
      }
    },
    {
      "type": "Feature",
      "id": "rennes-arbre-171871",
      "geometry": {
        "type": "Point",
        "coordinates": [
          -1.659384269398835,
          48.11237301961242
        ]
      },
      "properties": {
        "source_id": 171871,
        "id_gestion": "0473AORN42869",
        "nom": "Sapin de Nordmann",
        "nom_source": "Sapin de Nordmann",
        "nom_scientifique": "Abies nordmanniana",
        "espece": "nordmanniana",
        "hauteur_m": 18,
        "circonference_cm": 120,
        "houppier_m": 6,
        "hauteur_1_ere_feuille_m": 2,
        "remarquable": null,
        "description": null,
        "photo_url": null,
        "model_3d_url": null,
        "date_plantation": null,
        "date_maj": null,
        "localisation": "Parc Hamelin Oberthür, Rennes",
        "type_taille": "Libre",
        "fonction": "Ornement",
        "source_properties": {
          "id": 171871,
          "localisation": "Parc Hamelin Oberthür, Rennes",
          "abattu": 0,
          "nom_commun": "Sapin de Nordmann",
          "genre": "Abies",
          "espece": "nordmanniana",
          "variete": null,
          "hauteur": 18,
          "circonference": 120,
          "houppier": 6,
          "hauteur_1_ere_feuille": 2,
          "date_plantation": null,
          "date_maj": null,
          "id_gestion": "0473AORN42869",
          "complement": null,
          "type_taille": "Libre",
          "fonction": "Ornement",
          "gml_id": "arbre.171871",
          "code_insee": "35238",
          "secteur": null,
          "id_regroupement": null,
          "classe_biodiv": null,
          "date_entretien": null,
          "frequence_entretien": null,
          "date_proch_entretien": null
        }
      }
    },
    {
      "type": "Feature",
      "id": "rennes-arbre-171872",
      "geometry": {
        "type": "Point",
        "coordinates": [
          -1.659033784755332,
          48.11209265899365
        ]
      },
      "properties": {
        "source_id": 171872,
        "id_gestion": "0473AORN70385",
        "nom": "Tilleul argenté",
        "nom_source": "Tilleul argenté",
        "nom_scientifique": "Tilia tomentosa",
        "espece": "tomentosa",
        "hauteur_m": 19,
        "circonference_cm": 190,
        "houppier_m": 8,
        "hauteur_1_ere_feuille_m": 8,
        "remarquable": null,
        "description": null,
        "photo_url": null,
        "model_3d_url": null,
        "date_plantation": null,
        "date_maj": null,
        "localisation": "Parc Hamelin Oberthür, Rennes",
        "type_taille": "Libre",
        "fonction": "Ornement",
        "source_properties": {
          "id": 171872,
          "localisation": "Parc Hamelin Oberthür, Rennes",
          "abattu": 0,
          "nom_commun": "Tilleul argenté",
          "genre": "Tilia",
          "espece": "tomentosa",
          "variete": null,
          "hauteur": 19,
          "circonference": 190,
          "houppier": 8,
          "hauteur_1_ere_feuille": 8,
          "date_plantation": null,
          "date_maj": null,
          "id_gestion": "0473AORN70385",
          "complement": null,
          "type_taille": "Libre",
          "fonction": "Ornement",
          "gml_id": "arbre.171872",
          "code_insee": "35238",
          "secteur": null,
          "id_regroupement": null,
          "classe_biodiv": null,
          "date_entretien": null,
          "frequence_entretien": null,
          "date_proch_entretien": null
        }
      }
    },
    {
      "type": "Feature",
      "id": "rennes-arbre-171873",
      "geometry": {
        "type": "Point",
        "coordinates": [
          -1.658931393418524,
          48.111868333765024
        ]
      },
      "properties": {
        "source_id": 171873,
        "id_gestion": "0473AORN45872",
        "nom": "Houx",
        "nom_source": "Houx",
        "nom_scientifique": "Ilex aquifolium J.C Van Tol",
        "espece": "aquifolium",
        "hauteur_m": 13,
        "circonference_cm": 120,
        "houppier_m": 8,
        "hauteur_1_ere_feuille_m": 2,
        "remarquable": null,
        "description": null,
        "photo_url": null,
        "model_3d_url": null,
        "date_plantation": null,
        "date_maj": null,
        "localisation": "Parc Hamelin Oberthür, Rennes",
        "type_taille": "Libre",
        "fonction": "Ornement",
        "source_properties": {
          "id": 171873,
          "localisation": "Parc Hamelin Oberthür, Rennes",
          "abattu": 0,
          "nom_commun": "Houx",
          "genre": "Ilex",
          "espece": "aquifolium",
          "variete": "J.C Van Tol",
          "hauteur": 13,
          "circonference": 120,
          "houppier": 8,
          "hauteur_1_ere_feuille": 2,
          "date_plantation": null,
          "date_maj": null,
          "id_gestion": "0473AORN45872",
          "complement": null,
          "type_taille": "Libre",
          "fonction": "Ornement",
          "gml_id": "arbre.171873",
          "code_insee": "35238",
          "secteur": null,
          "id_regroupement": null,
          "classe_biodiv": null,
          "date_entretien": null,
          "frequence_entretien": null,
          "date_proch_entretien": null
        }
      }
    },
    {
      "type": "Feature",
      "id": "rennes-arbre-171875",
      "geometry": {
        "type": "Point",
        "coordinates": [
          -1.65945016923509,
          48.112611894046644
        ]
      },
      "properties": {
        "source_id": 171875,
        "id_gestion": "0473AORN39042",
        "nom": "Hêtre pourpre",
        "nom_source": "Hêtre commun",
        "nom_scientifique": "Fagus sylvatica Purpurea",
        "espece": "sylvatica",
        "hauteur_m": 12,
        "circonference_cm": 90,
        "houppier_m": 6,
        "hauteur_1_ere_feuille_m": 2,
        "remarquable": null,
        "description": null,
        "photo_url": null,
        "model_3d_url": null,
        "date_plantation": null,
        "date_maj": null,
        "localisation": "Parc Hamelin Oberthür, Rennes",
        "type_taille": "Libre",
        "fonction": "Ornement",
        "source_properties": {
          "id": 171875,
          "localisation": "Parc Hamelin Oberthür, Rennes",
          "abattu": 0,
          "nom_commun": "Hêtre commun",
          "genre": "Fagus",
          "espece": "sylvatica",
          "variete": "Purpurea",
          "hauteur": 12,
          "circonference": 90,
          "houppier": 6,
          "hauteur_1_ere_feuille": 2,
          "date_plantation": null,
          "date_maj": null,
          "id_gestion": "0473AORN39042",
          "complement": null,
          "type_taille": "Libre",
          "fonction": "Ornement",
          "gml_id": "arbre.171875",
          "code_insee": "35238",
          "secteur": null,
          "id_regroupement": null,
          "classe_biodiv": null,
          "date_entretien": null,
          "frequence_entretien": null,
          "date_proch_entretien": null
        }
      }
    },
    {
      "type": "Feature",
      "id": "rennes-arbre-171877",
      "geometry": {
        "type": "Point",
        "coordinates": [
          -1.658869458022456,
          48.112286982980926
        ]
      },
      "properties": {
        "source_id": 171877,
        "id_gestion": "0473AORN39040",
        "nom": "Séquoïa toujours vert",
        "nom_source": "Séquoïa toujours vert",
        "nom_scientifique": "Sequoia sempervirens",
        "espece": "sempervirens",
        "hauteur_m": 3,
        "circonference_cm": 30,
        "houppier_m": 3,
        "hauteur_1_ere_feuille_m": null,
        "remarquable": null,
        "description": null,
        "photo_url": null,
        "model_3d_url": null,
        "date_plantation": null,
        "date_maj": null,
        "localisation": "Parc Hamelin Oberthür, Rennes",
        "type_taille": "Libre",
        "fonction": "Ornement",
        "source_properties": {
          "id": 171877,
          "localisation": "Parc Hamelin Oberthür, Rennes",
          "abattu": 0,
          "nom_commun": "Séquoïa toujours vert",
          "genre": "Sequoia",
          "espece": "sempervirens",
          "variete": null,
          "hauteur": 3,
          "circonference": 30,
          "houppier": 3,
          "hauteur_1_ere_feuille": 0,
          "date_plantation": null,
          "date_maj": null,
          "id_gestion": "0473AORN39040",
          "complement": null,
          "type_taille": "Libre",
          "fonction": "Ornement",
          "gml_id": "arbre.171877",
          "code_insee": "35238",
          "secteur": null,
          "id_regroupement": null,
          "classe_biodiv": null,
          "date_entretien": null,
          "frequence_entretien": null,
          "date_proch_entretien": null
        }
      }
    },
    {
      "type": "Feature",
      "id": "rennes-arbre-171878",
      "geometry": {
        "type": "Point",
        "coordinates": [
          -1.658968204034393,
          48.11196275751986
        ]
      },
      "properties": {
        "source_id": 171878,
        "id_gestion": "0473AORN39041",
        "nom": "Hêtre commun",
        "nom_source": "Hêtre commun",
        "nom_scientifique": "Fagus sylvatica",
        "espece": "sylvatica",
        "hauteur_m": 9,
        "circonference_cm": 45,
        "houppier_m": 4,
        "hauteur_1_ere_feuille_m": 2,
        "remarquable": null,
        "description": null,
        "photo_url": null,
        "model_3d_url": null,
        "date_plantation": null,
        "date_maj": null,
        "localisation": null,
        "type_taille": "Libre",
        "fonction": "Ornement",
        "source_properties": {
          "id": 171878,
          "localisation": null,
          "abattu": 0,
          "nom_commun": "Hêtre commun",
          "genre": "Fagus",
          "espece": "sylvatica",
          "variete": null,
          "hauteur": 9,
          "circonference": 45,
          "houppier": 4,
          "hauteur_1_ere_feuille": 2,
          "date_plantation": null,
          "date_maj": null,
          "id_gestion": "0473AORN39041",
          "complement": null,
          "type_taille": "Libre",
          "fonction": "Ornement",
          "gml_id": "arbre.171878",
          "code_insee": "35238",
          "secteur": null,
          "id_regroupement": null,
          "classe_biodiv": null,
          "date_entretien": null,
          "frequence_entretien": null,
          "date_proch_entretien": null
        }
      }
    },
    {
      "type": "Feature",
      "id": "rennes-arbre-171879",
      "geometry": {
        "type": "Point",
        "coordinates": [
          -1.659430147574655,
          48.11251274522024
        ]
      },
      "properties": {
        "source_id": 171879,
        "id_gestion": "0473AORN11260",
        "nom": "Hêtre pourpre",
        "nom_source": "Hêtre commun",
        "nom_scientifique": "Fagus sylvatica Purpurea",
        "espece": "sylvatica",
        "hauteur_m": 30,
        "circonference_cm": 225,
        "houppier_m": 16,
        "hauteur_1_ere_feuille_m": 4,
        "remarquable": null,
        "description": null,
        "photo_url": null,
        "model_3d_url": null,
        "date_plantation": null,
        "date_maj": null,
        "localisation": "Parc Hamelin Oberthür, Rennes",
        "type_taille": "Libre",
        "fonction": "Ornement",
        "source_properties": {
          "id": 171879,
          "localisation": "Parc Hamelin Oberthür, Rennes",
          "abattu": 0,
          "nom_commun": "Hêtre commun",
          "genre": "Fagus",
          "espece": "sylvatica",
          "variete": "Purpurea",
          "hauteur": 30,
          "circonference": 225,
          "houppier": 16,
          "hauteur_1_ere_feuille": 4,
          "date_plantation": null,
          "date_maj": null,
          "id_gestion": "0473AORN11260",
          "complement": null,
          "type_taille": "Libre",
          "fonction": "Ornement",
          "gml_id": "arbre.171879",
          "code_insee": "35238",
          "secteur": null,
          "id_regroupement": null,
          "classe_biodiv": null,
          "date_entretien": null,
          "frequence_entretien": null,
          "date_proch_entretien": null
        }
      }
    },
    {
      "type": "Feature",
      "id": "rennes-arbre-171880",
      "geometry": {
        "type": "Point",
        "coordinates": [
          -1.658886145751004,
          48.11220494553348
        ]
      },
      "properties": {
        "source_id": 171880,
        "id_gestion": "0473AORN66321",
        "nom": "Marronnier des bois",
        "nom_source": "Marronnier des bois",
        "nom_scientifique": "Aesculus sylvatica",
        "espece": "sylvatica",
        "hauteur_m": 8,
        "circonference_cm": 75,
        "houppier_m": 6,
        "hauteur_1_ere_feuille_m": 3,
        "remarquable": null,
        "description": null,
        "photo_url": null,
        "model_3d_url": null,
        "date_plantation": null,
        "date_maj": null,
        "localisation": "Parc Hamelin Oberthür, Rennes",
        "type_taille": "Libre",
        "fonction": "Ornement",
        "source_properties": {
          "id": 171880,
          "localisation": "Parc Hamelin Oberthür, Rennes",
          "abattu": 0,
          "nom_commun": "Marronnier des bois",
          "genre": "Aesculus",
          "espece": "sylvatica",
          "variete": null,
          "hauteur": 8,
          "circonference": 75,
          "houppier": 6,
          "hauteur_1_ere_feuille": 3,
          "date_plantation": null,
          "date_maj": null,
          "id_gestion": "0473AORN66321",
          "complement": null,
          "type_taille": "Libre",
          "fonction": "Ornement",
          "gml_id": "arbre.171880",
          "code_insee": "35238",
          "secteur": null,
          "id_regroupement": null,
          "classe_biodiv": null,
          "date_entretien": null,
          "frequence_entretien": null,
          "date_proch_entretien": null
        }
      }
    },
    {
      "type": "Feature",
      "id": "rennes-arbre-171881",
      "geometry": {
        "type": "Point",
        "coordinates": [
          -1.658934260782458,
          48.11225538281562
        ]
      },
      "properties": {
        "source_id": 171881,
        "id_gestion": "0473AORN67137",
        "nom": "Marronnier des bois",
        "nom_source": "Marronnier des bois",
        "nom_scientifique": "Aesculus sylvatica",
        "espece": "sylvatica",
        "hauteur_m": 8,
        "circonference_cm": 75,
        "houppier_m": 6,
        "hauteur_1_ere_feuille_m": 3,
        "remarquable": null,
        "description": null,
        "photo_url": null,
        "model_3d_url": null,
        "date_plantation": null,
        "date_maj": null,
        "localisation": "Parc Hamelin Oberthür, Rennes",
        "type_taille": "Libre",
        "fonction": "Ornement",
        "source_properties": {
          "id": 171881,
          "localisation": "Parc Hamelin Oberthür, Rennes",
          "abattu": 0,
          "nom_commun": "Marronnier des bois",
          "genre": "Aesculus",
          "espece": "sylvatica",
          "variete": null,
          "hauteur": 8,
          "circonference": 75,
          "houppier": 6,
          "hauteur_1_ere_feuille": 3,
          "date_plantation": null,
          "date_maj": null,
          "id_gestion": "0473AORN67137",
          "complement": null,
          "type_taille": "Libre",
          "fonction": "Ornement",
          "gml_id": "arbre.171881",
          "code_insee": "35238",
          "secteur": null,
          "id_regroupement": null,
          "classe_biodiv": null,
          "date_entretien": null,
          "frequence_entretien": null,
          "date_proch_entretien": null
        }
      }
    },
    {
      "type": "Feature",
      "id": "rennes-arbre-171882",
      "geometry": {
        "type": "Point",
        "coordinates": [
          -1.658730815254448,
          48.11214190778723
        ]
      },
      "properties": {
        "source_id": 171882,
        "id_gestion": "0473AORN62491",
        "nom": "Arbre aux mouchoirs",
        "nom_source": "Arbre aux mouchoirs",
        "nom_scientifique": "Davidia involucrata",
        "espece": "involucrata",
        "hauteur_m": 7,
        "circonference_cm": 30,
        "houppier_m": 4,
        "hauteur_1_ere_feuille_m": 2,
        "remarquable": null,
        "description": null,
        "photo_url": null,
        "model_3d_url": null,
        "date_plantation": null,
        "date_maj": null,
        "localisation": "Parc Hamelin Oberthür, Rennes",
        "type_taille": "Libre",
        "fonction": "Ornement",
        "source_properties": {
          "id": 171882,
          "localisation": "Parc Hamelin Oberthür, Rennes",
          "abattu": 0,
          "nom_commun": "Arbre aux mouchoirs",
          "genre": "Davidia",
          "espece": "involucrata",
          "variete": null,
          "hauteur": 7,
          "circonference": 30,
          "houppier": 4,
          "hauteur_1_ere_feuille": 2,
          "date_plantation": null,
          "date_maj": null,
          "id_gestion": "0473AORN62491",
          "complement": null,
          "type_taille": "Libre",
          "fonction": "Ornement",
          "gml_id": "arbre.171882",
          "code_insee": "35238",
          "secteur": null,
          "id_regroupement": null,
          "classe_biodiv": null,
          "date_entretien": null,
          "frequence_entretien": null,
          "date_proch_entretien": null
        }
      }
    },
    {
      "type": "Feature",
      "id": "rennes-arbre-171883",
      "geometry": {
        "type": "Point",
        "coordinates": [
          -1.659296541277591,
          48.112999339337264
        ]
      },
      "properties": {
        "source_id": 171883,
        "id_gestion": "0473AORN29343",
        "nom": "Marronnier d'Inde",
        "nom_source": "Marronnier d'Inde",
        "nom_scientifique": "Aesculus hippocastanum",
        "espece": "hippocastanum",
        "hauteur_m": 5,
        "circonference_cm": 15,
        "houppier_m": 1,
        "hauteur_1_ere_feuille_m": 2,
        "remarquable": null,
        "description": null,
        "photo_url": null,
        "model_3d_url": null,
        "date_plantation": null,
        "date_maj": null,
        "localisation": "Parc Hamelin Oberthür, Rennes",
        "type_taille": "Libre",
        "fonction": "Ornement",
        "source_properties": {
          "id": 171883,
          "localisation": "Parc Hamelin Oberthür, Rennes",
          "abattu": 0,
          "nom_commun": "Marronnier d'Inde",
          "genre": "Aesculus",
          "espece": "hippocastanum",
          "variete": null,
          "hauteur": 5,
          "circonference": 15,
          "houppier": 1,
          "hauteur_1_ere_feuille": 2,
          "date_plantation": null,
          "date_maj": null,
          "id_gestion": "0473AORN29343",
          "complement": null,
          "type_taille": "Libre",
          "fonction": "Ornement",
          "gml_id": "arbre.171883",
          "code_insee": "35238",
          "secteur": null,
          "id_regroupement": null,
          "classe_biodiv": null,
          "date_entretien": null,
          "frequence_entretien": null,
          "date_proch_entretien": null
        }
      }
    },
    {
      "type": "Feature",
      "id": "rennes-arbre-171884",
      "geometry": {
        "type": "Point",
        "coordinates": [
          -1.659489767903982,
          48.11265272490772
        ]
      },
      "properties": {
        "source_id": 171884,
        "id_gestion": "0473AORN7229",
        "nom": "Hêtre pourpre",
        "nom_source": "Hêtre commun",
        "nom_scientifique": "Fagus sylvatica Purpurea",
        "espece": "sylvatica",
        "hauteur_m": 12,
        "circonference_cm": 70,
        "houppier_m": 6,
        "hauteur_1_ere_feuille_m": 2,
        "remarquable": null,
        "description": null,
        "photo_url": null,
        "model_3d_url": null,
        "date_plantation": null,
        "date_maj": null,
        "localisation": "Parc Hamelin Oberthür, Rennes",
        "type_taille": "Libre",
        "fonction": "Ornement",
        "source_properties": {
          "id": 171884,
          "localisation": "Parc Hamelin Oberthür, Rennes",
          "abattu": 0,
          "nom_commun": "Hêtre commun",
          "genre": "Fagus",
          "espece": "sylvatica",
          "variete": "Purpurea",
          "hauteur": 12,
          "circonference": 70,
          "houppier": 6,
          "hauteur_1_ere_feuille": 2,
          "date_plantation": null,
          "date_maj": null,
          "id_gestion": "0473AORN7229",
          "complement": null,
          "type_taille": "Libre",
          "fonction": "Ornement",
          "gml_id": "arbre.171884",
          "code_insee": "35238",
          "secteur": null,
          "id_regroupement": null,
          "classe_biodiv": null,
          "date_entretien": null,
          "frequence_entretien": null,
          "date_proch_entretien": null
        }
      }
    },
    {
      "type": "Feature",
      "id": "rennes-arbre-171885",
      "geometry": {
        "type": "Point",
        "coordinates": [
          -1.659667286540035,
          48.113632259329634
        ]
      },
      "properties": {
        "source_id": 171885,
        "id_gestion": "0473AORN12528",
        "nom": "Laurier sauce",
        "nom_source": "Laurier sauce",
        "nom_scientifique": "Laurus nobilis",
        "espece": "nobilis",
        "hauteur_m": 4,
        "circonference_cm": 180,
        "houppier_m": 2,
        "hauteur_1_ere_feuille_m": null,
        "remarquable": null,
        "description": null,
        "photo_url": null,
        "model_3d_url": null,
        "date_plantation": null,
        "date_maj": null,
        "localisation": "Parc Hamelin Oberthür, Rennes",
        "type_taille": "Cépée",
        "fonction": "Ornement",
        "source_properties": {
          "id": 171885,
          "localisation": "Parc Hamelin Oberthür, Rennes",
          "abattu": 0,
          "nom_commun": "Laurier sauce",
          "genre": "Laurus",
          "espece": "nobilis",
          "variete": null,
          "hauteur": 4,
          "circonference": 180,
          "houppier": 2,
          "hauteur_1_ere_feuille": 0,
          "date_plantation": null,
          "date_maj": null,
          "id_gestion": "0473AORN12528",
          "complement": null,
          "type_taille": "Cépée",
          "fonction": "Ornement",
          "gml_id": "arbre.171885",
          "code_insee": "35238",
          "secteur": null,
          "id_regroupement": null,
          "classe_biodiv": null,
          "date_entretien": null,
          "frequence_entretien": null,
          "date_proch_entretien": null
        }
      }
    },
    {
      "type": "Feature",
      "id": "rennes-arbre-171886",
      "geometry": {
        "type": "Point",
        "coordinates": [
          -1.659515160833867,
          48.11259087067492
        ]
      },
      "properties": {
        "source_id": 171886,
        "id_gestion": "0473AORN39044",
        "nom": "Hêtre pourpre",
        "nom_source": "Hêtre commun",
        "nom_scientifique": "Fagus sylvatica Purpurea",
        "espece": "sylvatica",
        "hauteur_m": 12,
        "circonference_cm": 105,
        "houppier_m": 6,
        "hauteur_1_ere_feuille_m": 2,
        "remarquable": null,
        "description": null,
        "photo_url": null,
        "model_3d_url": null,
        "date_plantation": null,
        "date_maj": null,
        "localisation": "Parc Hamelin Oberthür, Rennes",
        "type_taille": "Libre",
        "fonction": "Ornement",
        "source_properties": {
          "id": 171886,
          "localisation": "Parc Hamelin Oberthür, Rennes",
          "abattu": 0,
          "nom_commun": "Hêtre commun",
          "genre": "Fagus",
          "espece": "sylvatica",
          "variete": "Purpurea",
          "hauteur": 12,
          "circonference": 105,
          "houppier": 6,
          "hauteur_1_ere_feuille": 2,
          "date_plantation": null,
          "date_maj": null,
          "id_gestion": "0473AORN39044",
          "complement": null,
          "type_taille": "Libre",
          "fonction": "Ornement",
          "gml_id": "arbre.171886",
          "code_insee": "35238",
          "secteur": null,
          "id_regroupement": null,
          "classe_biodiv": null,
          "date_entretien": null,
          "frequence_entretien": null,
          "date_proch_entretien": null
        }
      }
    },
    {
      "type": "Feature",
      "id": "rennes-arbre-172418",
      "geometry": {
        "type": "Point",
        "coordinates": [
          -1.660247507571677,
          48.1131784605669
        ]
      },
      "properties": {
        "source_id": 172418,
        "id_gestion": "0473AORN47947",
        "nom": "Cèdre du Liban",
        "nom_source": "Cèdre du Liban",
        "nom_scientifique": "Cedrus libanii",
        "espece": "libanii",
        "hauteur_m": 28,
        "circonference_cm": 550,
        "houppier_m": 22,
        "hauteur_1_ere_feuille_m": 8,
        "remarquable": null,
        "description": null,
        "photo_url": null,
        "model_3d_url": null,
        "date_plantation": null,
        "date_maj": null,
        "localisation": "Parc Hamelin Oberthür, Rennes",
        "type_taille": "Libre",
        "fonction": "Ornement",
        "source_properties": {
          "id": 172418,
          "localisation": "Parc Hamelin Oberthür, Rennes",
          "abattu": 0,
          "nom_commun": "Cèdre du Liban",
          "genre": "Cedrus",
          "espece": "libanii",
          "variete": null,
          "hauteur": 28,
          "circonference": 550,
          "houppier": 22,
          "hauteur_1_ere_feuille": 8,
          "date_plantation": null,
          "date_maj": null,
          "id_gestion": "0473AORN47947",
          "complement": null,
          "type_taille": "Libre",
          "fonction": "Ornement",
          "gml_id": "arbre.172418",
          "code_insee": "35238",
          "secteur": null,
          "id_regroupement": null,
          "classe_biodiv": null,
          "date_entretien": null,
          "frequence_entretien": null,
          "date_proch_entretien": null
        }
      }
    },
    {
      "type": "Feature",
      "id": "rennes-arbre-172849",
      "geometry": {
        "type": "Point",
        "coordinates": [
          -1.660387640080959,
          48.11304828139032
        ]
      },
      "properties": {
        "source_id": 172849,
        "id_gestion": "0473AORN16963",
        "nom": "Erable japonais",
        "nom_source": "Erable japonais",
        "nom_scientifique": "Acer palmatum Polymorphum",
        "espece": "palmatum",
        "hauteur_m": 9,
        "circonference_cm": 180,
        "houppier_m": 9,
        "hauteur_1_ere_feuille_m": 2,
        "remarquable": null,
        "description": null,
        "photo_url": null,
        "model_3d_url": null,
        "date_plantation": null,
        "date_maj": null,
        "localisation": "Parc Hamelin Oberthür, Rennes",
        "type_taille": "Cépée",
        "fonction": "Ornement",
        "source_properties": {
          "id": 172849,
          "localisation": "Parc Hamelin Oberthür, Rennes",
          "abattu": 0,
          "nom_commun": "Erable japonais",
          "genre": "Acer",
          "espece": "palmatum",
          "variete": "Polymorphum",
          "hauteur": 9,
          "circonference": 180,
          "houppier": 9,
          "hauteur_1_ere_feuille": 2,
          "date_plantation": null,
          "date_maj": null,
          "id_gestion": "0473AORN16963",
          "complement": null,
          "type_taille": "Cépée",
          "fonction": "Ornement",
          "gml_id": "arbre.172849",
          "code_insee": "35238",
          "secteur": null,
          "id_regroupement": null,
          "classe_biodiv": null,
          "date_entretien": null,
          "frequence_entretien": null,
          "date_proch_entretien": null
        }
      }
    },
    {
      "type": "Feature",
      "id": "rennes-arbre-173199",
      "geometry": {
        "type": "Point",
        "coordinates": [
          -1.660497244818658,
          48.11309611869272
        ]
      },
      "properties": {
        "source_id": 173199,
        "id_gestion": "0473AORN28044",
        "nom": "Erable japonais",
        "nom_source": "Erable japonais",
        "nom_scientifique": "Acer palmatum Atropurpurea",
        "espece": "palmatum",
        "hauteur_m": 2,
        "circonference_cm": 45,
        "houppier_m": 5,
        "hauteur_1_ere_feuille_m": null,
        "remarquable": null,
        "description": null,
        "photo_url": null,
        "model_3d_url": null,
        "date_plantation": null,
        "date_maj": null,
        "localisation": "Parc Hamelin Oberthür, Rennes",
        "type_taille": "Libre",
        "fonction": "Ornement",
        "source_properties": {
          "id": 173199,
          "localisation": "Parc Hamelin Oberthür, Rennes",
          "abattu": 0,
          "nom_commun": "Erable japonais",
          "genre": "Acer",
          "espece": "palmatum",
          "variete": "Atropurpurea",
          "hauteur": 2,
          "circonference": 45,
          "houppier": 5,
          "hauteur_1_ere_feuille": 0,
          "date_plantation": null,
          "date_maj": null,
          "id_gestion": "0473AORN28044",
          "complement": null,
          "type_taille": "Libre",
          "fonction": "Ornement",
          "gml_id": "arbre.173199",
          "code_insee": "35238",
          "secteur": null,
          "id_regroupement": null,
          "classe_biodiv": null,
          "date_entretien": null,
          "frequence_entretien": null,
          "date_proch_entretien": null
        }
      }
    },
    {
      "type": "Feature",
      "id": "rennes-arbre-173848",
      "geometry": {
        "type": "Point",
        "coordinates": [
          -1.659785434785276,
          48.113519434270806
        ]
      },
      "properties": {
        "source_id": 173848,
        "id_gestion": "0473AORN69091",
        "nom": "Cèdre du Liban",
        "nom_source": "Cèdre du Liban",
        "nom_scientifique": "Cedrus libanii",
        "espece": "libanii",
        "hauteur_m": 8,
        "circonference_cm": 90,
        "houppier_m": 6,
        "hauteur_1_ere_feuille_m": null,
        "remarquable": null,
        "description": null,
        "photo_url": null,
        "model_3d_url": null,
        "date_plantation": null,
        "date_maj": null,
        "localisation": "Parc Hamelin Oberthür, Rennes",
        "type_taille": "Libre",
        "fonction": "Ornement",
        "source_properties": {
          "id": 173848,
          "localisation": "Parc Hamelin Oberthür, Rennes",
          "abattu": 0,
          "nom_commun": "Cèdre du Liban",
          "genre": "Cedrus",
          "espece": "libanii",
          "variete": null,
          "hauteur": 8,
          "circonference": 90,
          "houppier": 6,
          "hauteur_1_ere_feuille": 0,
          "date_plantation": null,
          "date_maj": null,
          "id_gestion": "0473AORN69091",
          "complement": null,
          "type_taille": "Libre",
          "fonction": "Ornement",
          "gml_id": "arbre.173848",
          "code_insee": "35238",
          "secteur": null,
          "id_regroupement": null,
          "classe_biodiv": null,
          "date_entretien": null,
          "frequence_entretien": null,
          "date_proch_entretien": null
        }
      }
    },
    {
      "type": "Feature",
      "id": "rennes-arbre-173978",
      "geometry": {
        "type": "Point",
        "coordinates": [
          -1.659490467898167,
          48.113442858829785
        ]
      },
      "properties": {
        "source_id": 173978,
        "id_gestion": "0473AORN47392",
        "nom": "Cèdre de l'Atlas",
        "nom_source": "Cèdre de l'Atlas",
        "nom_scientifique": "Cedrus atlantica Glauca",
        "espece": "atlantica",
        "hauteur_m": 20,
        "circonference_cm": 370,
        "houppier_m": 14,
        "hauteur_1_ere_feuille_m": 4,
        "remarquable": null,
        "description": null,
        "photo_url": null,
        "model_3d_url": null,
        "date_plantation": null,
        "date_maj": null,
        "localisation": "Parc Hamelin Oberthür, Rennes",
        "type_taille": "Libre",
        "fonction": "Ornement",
        "source_properties": {
          "id": 173978,
          "localisation": "Parc Hamelin Oberthür, Rennes",
          "abattu": 0,
          "nom_commun": "Cèdre de l'Atlas",
          "genre": "Cedrus",
          "espece": "atlantica",
          "variete": "Glauca",
          "hauteur": 20,
          "circonference": 370,
          "houppier": 14,
          "hauteur_1_ere_feuille": 4,
          "date_plantation": null,
          "date_maj": null,
          "id_gestion": "0473AORN47392",
          "complement": null,
          "type_taille": "Libre",
          "fonction": "Ornement",
          "gml_id": "arbre.173978",
          "code_insee": "35238",
          "secteur": null,
          "id_regroupement": null,
          "classe_biodiv": null,
          "date_entretien": null,
          "frequence_entretien": null,
          "date_proch_entretien": null
        }
      }
    },
    {
      "type": "Feature",
      "id": "rennes-arbre-175044",
      "geometry": {
        "type": "Point",
        "coordinates": [
          -1.660383926102311,
          48.112889644977265
        ]
      },
      "properties": {
        "source_id": 175044,
        "id_gestion": "0473AORN54052",
        "nom": "Tilleul argenté",
        "nom_source": "Tilleul argenté",
        "nom_scientifique": "Tilia tomentosa",
        "espece": "tomentosa",
        "hauteur_m": 30,
        "circonference_cm": 300,
        "houppier_m": null,
        "hauteur_1_ere_feuille_m": null,
        "remarquable": null,
        "description": null,
        "photo_url": null,
        "model_3d_url": null,
        "date_plantation": null,
        "date_maj": null,
        "localisation": "Parc Hamelin Oberthür, Rennes",
        "type_taille": "Libre",
        "fonction": "Ornement",
        "source_properties": {
          "id": 175044,
          "localisation": "Parc Hamelin Oberthür, Rennes",
          "abattu": 0,
          "nom_commun": "Tilleul argenté",
          "genre": "Tilia",
          "espece": "tomentosa",
          "variete": null,
          "hauteur": 30,
          "circonference": 300,
          "houppier": null,
          "hauteur_1_ere_feuille": null,
          "date_plantation": null,
          "date_maj": null,
          "id_gestion": "0473AORN54052",
          "complement": null,
          "type_taille": "Libre",
          "fonction": "Ornement",
          "gml_id": "arbre.175044",
          "code_insee": "35238",
          "secteur": null,
          "id_regroupement": null,
          "classe_biodiv": null,
          "date_entretien": null,
          "frequence_entretien": null,
          "date_proch_entretien": null
        }
      }
    },
    {
      "type": "Feature",
      "id": "rennes-arbre-175515",
      "geometry": {
        "type": "Point",
        "coordinates": [
          -1.65901888135172,
          48.1121268309929
        ]
      },
      "properties": {
        "source_id": 175515,
        "id_gestion": "0473AORN58886",
        "nom": "Hêtre commun",
        "nom_source": "Hêtre commun",
        "nom_scientifique": "Fagus sylvatica Laciniata",
        "espece": "sylvatica",
        "hauteur_m": 14,
        "circonference_cm": 220,
        "houppier_m": 8,
        "hauteur_1_ere_feuille_m": 3,
        "remarquable": null,
        "description": null,
        "photo_url": null,
        "model_3d_url": null,
        "date_plantation": null,
        "date_maj": null,
        "localisation": "Parc Hamelin Oberthür, Rennes",
        "type_taille": "Libre",
        "fonction": "Ornement",
        "source_properties": {
          "id": 175515,
          "localisation": "Parc Hamelin Oberthür, Rennes",
          "abattu": 0,
          "nom_commun": "Hêtre commun",
          "genre": "Fagus",
          "espece": "sylvatica",
          "variete": "Laciniata",
          "hauteur": 14,
          "circonference": 220,
          "houppier": 8,
          "hauteur_1_ere_feuille": 3,
          "date_plantation": null,
          "date_maj": null,
          "id_gestion": "0473AORN58886",
          "complement": null,
          "type_taille": "Libre",
          "fonction": "Ornement",
          "gml_id": "arbre.175515",
          "code_insee": "35238",
          "secteur": null,
          "id_regroupement": null,
          "classe_biodiv": null,
          "date_entretien": null,
          "frequence_entretien": null,
          "date_proch_entretien": null
        }
      }
    },
    {
      "type": "Feature",
      "id": "rennes-arbre-175542",
      "geometry": {
        "type": "Point",
        "coordinates": [
          -1.65914888623593,
          48.112096650755866
        ]
      },
      "properties": {
        "source_id": 175542,
        "id_gestion": "0473AORN35900",
        "nom": "Tilleul argenté",
        "nom_source": "Tilleul argenté",
        "nom_scientifique": "Tilia tomentosa",
        "espece": "tomentosa",
        "hauteur_m": 18,
        "circonference_cm": 245,
        "houppier_m": 12,
        "hauteur_1_ere_feuille_m": 8,
        "remarquable": null,
        "description": null,
        "photo_url": null,
        "model_3d_url": null,
        "date_plantation": null,
        "date_maj": null,
        "localisation": "Parc Hamelin Oberthür, Rennes",
        "type_taille": "Libre",
        "fonction": "Ornement",
        "source_properties": {
          "id": 175542,
          "localisation": "Parc Hamelin Oberthür, Rennes",
          "abattu": 0,
          "nom_commun": "Tilleul argenté",
          "genre": "Tilia",
          "espece": "tomentosa",
          "variete": null,
          "hauteur": 18,
          "circonference": 245,
          "houppier": 12,
          "hauteur_1_ere_feuille": 8,
          "date_plantation": null,
          "date_maj": null,
          "id_gestion": "0473AORN35900",
          "complement": null,
          "type_taille": "Libre",
          "fonction": "Ornement",
          "gml_id": "arbre.175542",
          "code_insee": "35238",
          "secteur": null,
          "id_regroupement": null,
          "classe_biodiv": null,
          "date_entretien": null,
          "frequence_entretien": null,
          "date_proch_entretien": null
        }
      }
    },
    {
      "type": "Feature",
      "id": "rennes-arbre-175765",
      "geometry": {
        "type": "Point",
        "coordinates": [
          -1.660193538786675,
          48.112902728830655
        ]
      },
      "properties": {
        "source_id": 175765,
        "id_gestion": "0473AORN7439",
        "nom": "Arbre aux quarante écus",
        "nom_source": "Arbre aux quarante écus",
        "nom_scientifique": "Ginkgo biloba",
        "espece": "biloba",
        "hauteur_m": 14,
        "circonference_cm": 60,
        "houppier_m": 4,
        "hauteur_1_ere_feuille_m": 4,
        "remarquable": null,
        "description": null,
        "photo_url": null,
        "model_3d_url": null,
        "date_plantation": null,
        "date_maj": null,
        "localisation": "Parc Hamelin Oberthür, Rennes",
        "type_taille": "Libre",
        "fonction": "Ornement",
        "source_properties": {
          "id": 175765,
          "localisation": "Parc Hamelin Oberthür, Rennes",
          "abattu": 0,
          "nom_commun": "Arbre aux quarante écus",
          "genre": "Ginkgo",
          "espece": "biloba",
          "variete": null,
          "hauteur": 14,
          "circonference": 60,
          "houppier": 4,
          "hauteur_1_ere_feuille": 4,
          "date_plantation": null,
          "date_maj": null,
          "id_gestion": "0473AORN7439",
          "complement": null,
          "type_taille": "Libre",
          "fonction": "Ornement",
          "gml_id": "arbre.175765",
          "code_insee": "35238",
          "secteur": null,
          "id_regroupement": null,
          "classe_biodiv": null,
          "date_entretien": null,
          "frequence_entretien": null,
          "date_proch_entretien": null
        }
      }
    },
    {
      "type": "Feature",
      "id": "rennes-arbre-175926",
      "geometry": {
        "type": "Point",
        "coordinates": [
          -1.659381398789582,
          48.11250442868191
        ]
      },
      "properties": {
        "source_id": 175926,
        "id_gestion": "0473AORN49401",
        "nom": "Hêtre commun",
        "nom_source": "Hêtre commun",
        "nom_scientifique": "Fagus sylvatica",
        "espece": "sylvatica",
        "hauteur_m": 30,
        "circonference_cm": 235,
        "houppier_m": 16,
        "hauteur_1_ere_feuille_m": 4,
        "remarquable": null,
        "description": null,
        "photo_url": null,
        "model_3d_url": null,
        "date_plantation": null,
        "date_maj": null,
        "localisation": "Parc Hamelin Oberthür, Rennes",
        "type_taille": "Libre",
        "fonction": "Ornement",
        "source_properties": {
          "id": 175926,
          "localisation": "Parc Hamelin Oberthür, Rennes",
          "abattu": 0,
          "nom_commun": "Hêtre commun",
          "genre": "Fagus",
          "espece": "sylvatica",
          "variete": null,
          "hauteur": 30,
          "circonference": 235,
          "houppier": 16,
          "hauteur_1_ere_feuille": 4,
          "date_plantation": null,
          "date_maj": null,
          "id_gestion": "0473AORN49401",
          "complement": null,
          "type_taille": "Libre",
          "fonction": "Ornement",
          "gml_id": "arbre.175926",
          "code_insee": "35238",
          "secteur": null,
          "id_regroupement": null,
          "classe_biodiv": null,
          "date_entretien": null,
          "frequence_entretien": null,
          "date_proch_entretien": null
        }
      }
    },
    {
      "type": "Feature",
      "id": "rennes-arbre-176940",
      "geometry": {
        "type": "Point",
        "coordinates": [
          -1.659305156377643,
          48.11317510085357
        ]
      },
      "properties": {
        "source_id": 176940,
        "id_gestion": "0473AORN54799",
        "nom": "Chêne pédonculé",
        "nom_source": "Chêne pédonculé",
        "nom_scientifique": "Quercus robur",
        "espece": "robur",
        "hauteur_m": 22,
        "circonference_cm": 430,
        "houppier_m": 20,
        "hauteur_1_ere_feuille_m": 6,
        "remarquable": null,
        "description": null,
        "photo_url": null,
        "model_3d_url": null,
        "date_plantation": null,
        "date_maj": null,
        "localisation": "Parc Hamelin Oberthür, Rennes",
        "type_taille": "Libre",
        "fonction": "Ornement",
        "source_properties": {
          "id": 176940,
          "localisation": "Parc Hamelin Oberthür, Rennes",
          "abattu": 0,
          "nom_commun": "Chêne pédonculé",
          "genre": "Quercus",
          "espece": "robur",
          "variete": null,
          "hauteur": 22,
          "circonference": 430,
          "houppier": 20,
          "hauteur_1_ere_feuille": 6,
          "date_plantation": null,
          "date_maj": null,
          "id_gestion": "0473AORN54799",
          "complement": null,
          "type_taille": "Libre",
          "fonction": "Ornement",
          "gml_id": "arbre.176940",
          "code_insee": "35238",
          "secteur": null,
          "id_regroupement": null,
          "classe_biodiv": null,
          "date_entretien": null,
          "frequence_entretien": null,
          "date_proch_entretien": null
        }
      }
    },
    {
      "type": "Feature",
      "id": "rennes-arbre-176941",
      "geometry": {
        "type": "Point",
        "coordinates": [
          -1.658593209544143,
          48.11176732086378
        ]
      },
      "properties": {
        "source_id": 176941,
        "id_gestion": "0473AORN20163",
        "nom": "Platane à feuilles d'érable",
        "nom_source": "Platane à feuilles d'érable",
        "nom_scientifique": "Platanus x hispanica",
        "espece": "x hispanica",
        "hauteur_m": 28,
        "circonference_cm": 365,
        "houppier_m": 18,
        "hauteur_1_ere_feuille_m": 8,
        "remarquable": null,
        "description": null,
        "photo_url": null,
        "model_3d_url": null,
        "date_plantation": null,
        "date_maj": null,
        "localisation": "Parc Hamelin Oberthür, Rennes",
        "type_taille": "Libre",
        "fonction": "Ornement",
        "source_properties": {
          "id": 176941,
          "localisation": "Parc Hamelin Oberthür, Rennes",
          "abattu": 0,
          "nom_commun": "Platane à feuilles d'érable",
          "genre": "Platanus",
          "espece": "x hispanica",
          "variete": null,
          "hauteur": 28,
          "circonference": 365,
          "houppier": 18,
          "hauteur_1_ere_feuille": 8,
          "date_plantation": null,
          "date_maj": null,
          "id_gestion": "0473AORN20163",
          "complement": null,
          "type_taille": "Libre",
          "fonction": "Ornement",
          "gml_id": "arbre.176941",
          "code_insee": "35238",
          "secteur": null,
          "id_regroupement": null,
          "classe_biodiv": null,
          "date_entretien": null,
          "frequence_entretien": null,
          "date_proch_entretien": null
        }
      }
    },
    {
      "type": "Feature",
      "id": "rennes-arbre-178240",
      "geometry": {
        "type": "Point",
        "coordinates": [
          -1.660217067663404,
          48.11283996870764
        ]
      },
      "properties": {
        "source_id": 178240,
        "id_gestion": "0473AORN50095",
        "nom": "Chêne liège",
        "nom_source": "Chêne liège",
        "nom_scientifique": "Quercus suber",
        "espece": "suber",
        "hauteur_m": 10,
        "circonference_cm": 195,
        "houppier_m": 10,
        "hauteur_1_ere_feuille_m": 6,
        "remarquable": null,
        "description": null,
        "photo_url": null,
        "model_3d_url": null,
        "date_plantation": null,
        "date_maj": null,
        "localisation": "Parc Hamelin Oberthür, Rennes",
        "type_taille": "Libre",
        "fonction": "Ornement",
        "source_properties": {
          "id": 178240,
          "localisation": "Parc Hamelin Oberthür, Rennes",
          "abattu": 0,
          "nom_commun": "Chêne liège",
          "genre": "Quercus",
          "espece": "suber",
          "variete": null,
          "hauteur": 10,
          "circonference": 195,
          "houppier": 10,
          "hauteur_1_ere_feuille": 6,
          "date_plantation": null,
          "date_maj": null,
          "id_gestion": "0473AORN50095",
          "complement": null,
          "type_taille": "Libre",
          "fonction": "Ornement",
          "gml_id": "arbre.178240",
          "code_insee": "35238",
          "secteur": null,
          "id_regroupement": null,
          "classe_biodiv": null,
          "date_entretien": null,
          "frequence_entretien": null,
          "date_proch_entretien": null
        }
      }
    },
    {
      "type": "Feature",
      "id": "rennes-arbre-179549",
      "geometry": {
        "type": "Point",
        "coordinates": [
          -1.659231280066056,
          48.11280081371529
        ]
      },
      "properties": {
        "source_id": 179549,
        "id_gestion": "0473AORN66202",
        "nom": "Chêne pédonculé",
        "nom_source": "Chêne pédonculé",
        "nom_scientifique": "Quercus robur",
        "espece": "robur",
        "hauteur_m": 12,
        "circonference_cm": 270,
        "houppier_m": 8,
        "hauteur_1_ere_feuille_m": 3,
        "remarquable": null,
        "description": null,
        "photo_url": null,
        "model_3d_url": null,
        "date_plantation": null,
        "date_maj": null,
        "localisation": "Parc Hamelin Oberthür, Rennes",
        "type_taille": "Libre",
        "fonction": "Ornement",
        "source_properties": {
          "id": 179549,
          "localisation": "Parc Hamelin Oberthür, Rennes",
          "abattu": 0,
          "nom_commun": "Chêne pédonculé",
          "genre": "Quercus",
          "espece": "robur",
          "variete": null,
          "hauteur": 12,
          "circonference": 270,
          "houppier": 8,
          "hauteur_1_ere_feuille": 3,
          "date_plantation": null,
          "date_maj": null,
          "id_gestion": "0473AORN66202",
          "complement": null,
          "type_taille": "Libre",
          "fonction": "Ornement",
          "gml_id": "arbre.179549",
          "code_insee": "35238",
          "secteur": null,
          "id_regroupement": null,
          "classe_biodiv": null,
          "date_entretien": null,
          "frequence_entretien": null,
          "date_proch_entretien": null
        }
      }
    },
    {
      "type": "Feature",
      "id": "rennes-arbre-179550",
      "geometry": {
        "type": "Point",
        "coordinates": [
          -1.659116280618556,
          48.11270641167453
        ]
      },
      "properties": {
        "source_id": 179550,
        "id_gestion": "0473AORN26284",
        "nom": "Chêne chevelu",
        "nom_source": "Chêne chevelu",
        "nom_scientifique": "Quercus cerris",
        "espece": "cerris",
        "hauteur_m": 30,
        "circonference_cm": 300,
        "houppier_m": 12,
        "hauteur_1_ere_feuille_m": 6,
        "remarquable": null,
        "description": null,
        "photo_url": null,
        "model_3d_url": null,
        "date_plantation": null,
        "date_maj": null,
        "localisation": "Parc Hamelin Oberthür, Rennes",
        "type_taille": "Libre",
        "fonction": "Ornement",
        "source_properties": {
          "id": 179550,
          "localisation": "Parc Hamelin Oberthür, Rennes",
          "abattu": 0,
          "nom_commun": "Chêne chevelu",
          "genre": "Quercus",
          "espece": "cerris",
          "variete": null,
          "hauteur": 30,
          "circonference": 300,
          "houppier": 12,
          "hauteur_1_ere_feuille": 6,
          "date_plantation": null,
          "date_maj": null,
          "id_gestion": "0473AORN26284",
          "complement": null,
          "type_taille": "Libre",
          "fonction": "Ornement",
          "gml_id": "arbre.179550",
          "code_insee": "35238",
          "secteur": null,
          "id_regroupement": null,
          "classe_biodiv": null,
          "date_entretien": null,
          "frequence_entretien": null,
          "date_proch_entretien": null
        }
      }
    },
    {
      "type": "Feature",
      "id": "rennes-arbre-180689",
      "geometry": {
        "type": "Point",
        "coordinates": [
          -1.65902196964973,
          48.11256574608278
        ]
      },
      "properties": {
        "source_id": 180689,
        "id_gestion": "0473AORN7526",
        "nom": "Pavier blanc",
        "nom_source": "Pavier blanc",
        "nom_scientifique": "Aesculus parviflora",
        "espece": "parviflora",
        "hauteur_m": 4,
        "circonference_cm": 200,
        "houppier_m": 5,
        "hauteur_1_ere_feuille_m": 1,
        "remarquable": null,
        "description": null,
        "photo_url": null,
        "model_3d_url": null,
        "date_plantation": null,
        "date_maj": null,
        "localisation": "Parc Hamelin Oberthür, Rennes",
        "type_taille": "Cépée",
        "fonction": "Ornement",
        "source_properties": {
          "id": 180689,
          "localisation": "Parc Hamelin Oberthür, Rennes",
          "abattu": 0,
          "nom_commun": "Pavier blanc",
          "genre": "Aesculus",
          "espece": "parviflora",
          "variete": null,
          "hauteur": 4,
          "circonference": 200,
          "houppier": 5,
          "hauteur_1_ere_feuille": 1,
          "date_plantation": null,
          "date_maj": null,
          "id_gestion": "0473AORN7526",
          "complement": null,
          "type_taille": "Cépée",
          "fonction": "Ornement",
          "gml_id": "arbre.180689",
          "code_insee": "35238",
          "secteur": null,
          "id_regroupement": null,
          "classe_biodiv": null,
          "date_entretien": null,
          "frequence_entretien": null,
          "date_proch_entretien": null
        }
      }
    },
    {
      "type": "Feature",
      "id": "rennes-arbre-187747",
      "geometry": {
        "type": "Point",
        "coordinates": [
          -1.660242028438942,
          48.112632122827776
        ]
      },
      "properties": {
        "source_id": 187747,
        "id_gestion": "0473AORN6928",
        "nom": "Chêne pédonculé",
        "nom_source": "Chêne pédonculé",
        "nom_scientifique": "Quercus robur",
        "espece": "robur",
        "hauteur_m": 19,
        "circonference_cm": 200,
        "houppier_m": 8,
        "hauteur_1_ere_feuille_m": 8,
        "remarquable": null,
        "description": null,
        "photo_url": null,
        "model_3d_url": null,
        "date_plantation": null,
        "date_maj": null,
        "localisation": "Parc Hamelin Oberthür, Rennes",
        "type_taille": "Libre",
        "fonction": "Ornement",
        "source_properties": {
          "id": 187747,
          "localisation": "Parc Hamelin Oberthür, Rennes",
          "abattu": 0,
          "nom_commun": "Chêne pédonculé",
          "genre": "Quercus",
          "espece": "robur",
          "variete": null,
          "hauteur": 19,
          "circonference": 200,
          "houppier": 8,
          "hauteur_1_ere_feuille": 8,
          "date_plantation": null,
          "date_maj": null,
          "id_gestion": "0473AORN6928",
          "complement": null,
          "type_taille": "Libre",
          "fonction": "Ornement",
          "gml_id": "arbre.187747",
          "code_insee": "35238",
          "secteur": null,
          "id_regroupement": null,
          "classe_biodiv": null,
          "date_entretien": null,
          "frequence_entretien": null,
          "date_proch_entretien": null
        }
      }
    },
    {
      "type": "Feature",
      "id": "rennes-arbre-187749",
      "geometry": {
        "type": "Point",
        "coordinates": [
          -1.659811711568402,
          48.11293724782675
        ]
      },
      "properties": {
        "source_id": 187749,
        "id_gestion": "0473AORN21509",
        "nom": "Chêne pédonculé",
        "nom_source": "Chêne pédonculé",
        "nom_scientifique": "Quercus robur",
        "espece": "robur",
        "hauteur_m": 22,
        "circonference_cm": 300,
        "houppier_m": 8,
        "hauteur_1_ere_feuille_m": 4,
        "remarquable": null,
        "description": null,
        "photo_url": null,
        "model_3d_url": null,
        "date_plantation": null,
        "date_maj": null,
        "localisation": "Parc Hamelin Oberthür, Rennes",
        "type_taille": "Libre",
        "fonction": "Ornement",
        "source_properties": {
          "id": 187749,
          "localisation": "Parc Hamelin Oberthür, Rennes",
          "abattu": 0,
          "nom_commun": "Chêne pédonculé",
          "genre": "Quercus",
          "espece": "robur",
          "variete": null,
          "hauteur": 22,
          "circonference": 300,
          "houppier": 8,
          "hauteur_1_ere_feuille": 4,
          "date_plantation": null,
          "date_maj": null,
          "id_gestion": "0473AORN21509",
          "complement": null,
          "type_taille": "Libre",
          "fonction": "Ornement",
          "gml_id": "arbre.187749",
          "code_insee": "35238",
          "secteur": null,
          "id_regroupement": null,
          "classe_biodiv": null,
          "date_entretien": null,
          "frequence_entretien": null,
          "date_proch_entretien": null
        }
      }
    },
    {
      "type": "Feature",
      "id": "rennes-arbre-187750",
      "geometry": {
        "type": "Point",
        "coordinates": [
          -1.659205066940803,
          48.112581386197796
        ]
      },
      "properties": {
        "source_id": 187750,
        "id_gestion": "0473AORN22928",
        "nom": "Laurier des Iroquois",
        "nom_source": "Laurier des Iroquois",
        "nom_scientifique": "Sassafras albidum",
        "espece": "albidum",
        "hauteur_m": 15,
        "circonference_cm": 110,
        "houppier_m": 2,
        "hauteur_1_ere_feuille_m": 4,
        "remarquable": null,
        "description": null,
        "photo_url": null,
        "model_3d_url": null,
        "date_plantation": null,
        "date_maj": null,
        "localisation": "Parc Hamelin Oberthür, Rennes",
        "type_taille": "Libre",
        "fonction": "Ornement",
        "source_properties": {
          "id": 187750,
          "localisation": "Parc Hamelin Oberthür, Rennes",
          "abattu": 0,
          "nom_commun": "Laurier des Iroquois",
          "genre": "Sassafras",
          "espece": "albidum",
          "variete": null,
          "hauteur": 15,
          "circonference": 110,
          "houppier": 2,
          "hauteur_1_ere_feuille": 4,
          "date_plantation": null,
          "date_maj": null,
          "id_gestion": "0473AORN22928",
          "complement": null,
          "type_taille": "Libre",
          "fonction": "Ornement",
          "gml_id": "arbre.187750",
          "code_insee": "35238",
          "secteur": null,
          "id_regroupement": null,
          "classe_biodiv": null,
          "date_entretien": null,
          "frequence_entretien": null,
          "date_proch_entretien": null
        }
      }
    },
    {
      "type": "Feature",
      "id": "rennes-arbre-187751",
      "geometry": {
        "type": "Point",
        "coordinates": [
          -1.659556223548684,
          48.11277398376149
        ]
      },
      "properties": {
        "source_id": 187751,
        "id_gestion": "0473AORN5149",
        "nom": "Charme commun",
        "nom_source": "Charme commun",
        "nom_scientifique": "Carpinus betulus",
        "espece": "betulus",
        "hauteur_m": 21,
        "circonference_cm": 300,
        "houppier_m": 14,
        "hauteur_1_ere_feuille_m": 2,
        "remarquable": null,
        "description": null,
        "photo_url": null,
        "model_3d_url": null,
        "date_plantation": null,
        "date_maj": null,
        "localisation": "Parc Hamelin Oberthür, Rennes",
        "type_taille": "Cépée",
        "fonction": "Ornement",
        "source_properties": {
          "id": 187751,
          "localisation": "Parc Hamelin Oberthür, Rennes",
          "abattu": 0,
          "nom_commun": "Charme commun",
          "genre": "Carpinus",
          "espece": "betulus",
          "variete": null,
          "hauteur": 21,
          "circonference": 300,
          "houppier": 14,
          "hauteur_1_ere_feuille": 2,
          "date_plantation": null,
          "date_maj": null,
          "id_gestion": "0473AORN5149",
          "complement": null,
          "type_taille": "Cépée",
          "fonction": "Ornement",
          "gml_id": "arbre.187751",
          "code_insee": "35238",
          "secteur": null,
          "id_regroupement": null,
          "classe_biodiv": null,
          "date_entretien": null,
          "frequence_entretien": null,
          "date_proch_entretien": null
        }
      }
    },
    {
      "type": "Feature",
      "id": "rennes-arbre-187752",
      "geometry": {
        "type": "Point",
        "coordinates": [
          -1.659986088276046,
          48.11232310516299
        ]
      },
      "properties": {
        "source_id": 187752,
        "id_gestion": "0473AORN40644",
        "nom": "Hêtre pleureur",
        "nom_source": "Hêtre commun",
        "nom_scientifique": "Fagus sylvatica Pendula",
        "espece": "sylvatica",
        "hauteur_m": 18,
        "circonference_cm": 220,
        "houppier_m": 12,
        "hauteur_1_ere_feuille_m": null,
        "remarquable": null,
        "description": null,
        "photo_url": null,
        "model_3d_url": null,
        "date_plantation": null,
        "date_maj": null,
        "localisation": "Parc Hamelin Oberthür, Rennes",
        "type_taille": "Libre",
        "fonction": "Ornement",
        "source_properties": {
          "id": 187752,
          "localisation": "Parc Hamelin Oberthür, Rennes",
          "abattu": 0,
          "nom_commun": "Hêtre commun",
          "genre": "Fagus",
          "espece": "sylvatica",
          "variete": "Pendula",
          "hauteur": 18,
          "circonference": 220,
          "houppier": 12,
          "hauteur_1_ere_feuille": 0,
          "date_plantation": null,
          "date_maj": null,
          "id_gestion": "0473AORN40644",
          "complement": null,
          "type_taille": "Libre",
          "fonction": "Ornement",
          "gml_id": "arbre.187752",
          "code_insee": "35238",
          "secteur": null,
          "id_regroupement": null,
          "classe_biodiv": null,
          "date_entretien": null,
          "frequence_entretien": null,
          "date_proch_entretien": null
        }
      }
    },
    {
      "type": "Feature",
      "id": "rennes-arbre-187753",
      "geometry": {
        "type": "Point",
        "coordinates": [
          -1.659045805493527,
          48.11160333900667
        ]
      },
      "properties": {
        "source_id": 187753,
        "id_gestion": "0473AORN6139",
        "nom": "Chêne pédonculé",
        "nom_source": "Chêne pédonculé",
        "nom_scientifique": "Quercus robur",
        "espece": "robur",
        "hauteur_m": 22,
        "circonference_cm": 275,
        "houppier_m": 12,
        "hauteur_1_ere_feuille_m": 5,
        "remarquable": null,
        "description": null,
        "photo_url": null,
        "model_3d_url": null,
        "date_plantation": null,
        "date_maj": null,
        "localisation": "Parc Hamelin Oberthür, Rennes",
        "type_taille": "Libre",
        "fonction": "Ornement",
        "source_properties": {
          "id": 187753,
          "localisation": "Parc Hamelin Oberthür, Rennes",
          "abattu": 0,
          "nom_commun": "Chêne pédonculé",
          "genre": "Quercus",
          "espece": "robur",
          "variete": null,
          "hauteur": 22,
          "circonference": 275,
          "houppier": 12,
          "hauteur_1_ere_feuille": 5,
          "date_plantation": null,
          "date_maj": null,
          "id_gestion": "0473AORN6139",
          "complement": null,
          "type_taille": "Libre",
          "fonction": "Ornement",
          "gml_id": "arbre.187753",
          "code_insee": "35238",
          "secteur": null,
          "id_regroupement": null,
          "classe_biodiv": null,
          "date_entretien": null,
          "frequence_entretien": null,
          "date_proch_entretien": null
        }
      }
    },
    {
      "type": "Feature",
      "id": "rennes-arbre-216060",
      "geometry": {
        "type": "Point",
        "coordinates": [
          -1.659547243970897,
          48.11320646012017
        ]
      },
      "properties": {
        "source_id": 216060,
        "id_gestion": "0473AORN9248",
        "nom": "Cyprès de Lawson",
        "nom_source": "Cyprès de Lawson",
        "nom_scientifique": "Chamaecyparis lawsoniana",
        "espece": "lawsoniana",
        "hauteur_m": 12,
        "circonference_cm": 130,
        "houppier_m": null,
        "hauteur_1_ere_feuille_m": null,
        "remarquable": null,
        "description": null,
        "photo_url": null,
        "model_3d_url": null,
        "date_plantation": null,
        "date_maj": null,
        "localisation": "Parc Hamelin Oberthür, Rennes",
        "type_taille": "Libre",
        "fonction": "Ornement",
        "source_properties": {
          "id": 216060,
          "localisation": "Parc Hamelin Oberthür, Rennes",
          "abattu": 0,
          "nom_commun": "Cyprès de Lawson",
          "genre": "Chamaecyparis",
          "espece": "lawsoniana",
          "variete": null,
          "hauteur": 12,
          "circonference": 130,
          "houppier": null,
          "hauteur_1_ere_feuille": null,
          "date_plantation": null,
          "date_maj": null,
          "id_gestion": "0473AORN9248",
          "complement": "Non renseigné",
          "type_taille": "Libre",
          "fonction": "Ornement",
          "gml_id": "arbre.216060",
          "code_insee": "35238",
          "secteur": null,
          "id_regroupement": null,
          "classe_biodiv": null,
          "date_entretien": null,
          "frequence_entretien": null,
          "date_proch_entretien": null
        }
      }
    },
    {
      "type": "Feature",
      "id": "rennes-arbre-216061",
      "geometry": {
        "type": "Point",
        "coordinates": [
          -1.659716137856534,
          48.11318078961124
        ]
      },
      "properties": {
        "source_id": 216061,
        "id_gestion": "0473AORN9249",
        "nom": "Erable à feuilles de frêne",
        "nom_source": "Erable à feuilles de frêne",
        "nom_scientifique": "Acer negundo Flamingo",
        "espece": "negundo",
        "hauteur_m": 2,
        "circonference_cm": 20,
        "houppier_m": null,
        "hauteur_1_ere_feuille_m": null,
        "remarquable": null,
        "description": null,
        "photo_url": null,
        "model_3d_url": null,
        "date_plantation": null,
        "date_maj": null,
        "localisation": "Parc Hamelin Oberthür, Rennes",
        "type_taille": "Libre",
        "fonction": "Ornement",
        "source_properties": {
          "id": 216061,
          "localisation": "Parc Hamelin Oberthür, Rennes",
          "abattu": 0,
          "nom_commun": "Erable à feuilles de frêne",
          "genre": "Acer",
          "espece": "negundo",
          "variete": "Flamingo",
          "hauteur": 2,
          "circonference": 20,
          "houppier": null,
          "hauteur_1_ere_feuille": null,
          "date_plantation": null,
          "date_maj": null,
          "id_gestion": "0473AORN9249",
          "complement": "Non renseigné",
          "type_taille": "Libre",
          "fonction": "Ornement",
          "gml_id": "arbre.216061",
          "code_insee": "35238",
          "secteur": null,
          "id_regroupement": null,
          "classe_biodiv": null,
          "date_entretien": null,
          "frequence_entretien": null,
          "date_proch_entretien": null
        }
      }
    },
    {
      "type": "Feature",
      "id": "rennes-arbre-216062",
      "geometry": {
        "type": "Point",
        "coordinates": [
          -1.6597728099808,
          48.113302073684444
        ]
      },
      "properties": {
        "source_id": 216062,
        "id_gestion": "0473AORN9250",
        "nom": "Cèdre du Japon",
        "nom_source": "Cèdre du Japon",
        "nom_scientifique": "Cryptomeria japonica",
        "espece": "japonica",
        "hauteur_m": 2,
        "circonference_cm": 20,
        "houppier_m": null,
        "hauteur_1_ere_feuille_m": null,
        "remarquable": null,
        "description": null,
        "photo_url": null,
        "model_3d_url": null,
        "date_plantation": null,
        "date_maj": null,
        "localisation": "Parc Hamelin Oberthür, Rennes",
        "type_taille": "Libre",
        "fonction": "Ornement",
        "source_properties": {
          "id": 216062,
          "localisation": "Parc Hamelin Oberthür, Rennes",
          "abattu": 0,
          "nom_commun": "Cèdre du Japon",
          "genre": "Cryptomeria",
          "espece": "japonica",
          "variete": null,
          "hauteur": 2,
          "circonference": 20,
          "houppier": null,
          "hauteur_1_ere_feuille": null,
          "date_plantation": null,
          "date_maj": null,
          "id_gestion": "0473AORN9250",
          "complement": "Non renseigné",
          "type_taille": "Libre",
          "fonction": "Ornement",
          "gml_id": "arbre.216062",
          "code_insee": "35238",
          "secteur": null,
          "id_regroupement": null,
          "classe_biodiv": null,
          "date_entretien": null,
          "frequence_entretien": null,
          "date_proch_entretien": null
        }
      }
    },
    {
      "type": "Feature",
      "id": "rennes-arbre-216063",
      "geometry": {
        "type": "Point",
        "coordinates": [
          -1.659700719213314,
          48.11369463799441
        ]
      },
      "properties": {
        "source_id": 216063,
        "id_gestion": "0473AORN9251",
        "nom": "Houx",
        "nom_source": "Houx",
        "nom_scientifique": "Ilex aquifolium",
        "espece": "aquifolium",
        "hauteur_m": 7,
        "circonference_cm": 200,
        "houppier_m": null,
        "hauteur_1_ere_feuille_m": null,
        "remarquable": null,
        "description": null,
        "photo_url": null,
        "model_3d_url": null,
        "date_plantation": null,
        "date_maj": null,
        "localisation": "Parc Hamelin Oberthür, Rennes",
        "type_taille": "Cépée",
        "fonction": "Ornement",
        "source_properties": {
          "id": 216063,
          "localisation": "Parc Hamelin Oberthür, Rennes",
          "abattu": 0,
          "nom_commun": "Houx",
          "genre": "Ilex",
          "espece": "aquifolium",
          "variete": null,
          "hauteur": 7,
          "circonference": 200,
          "houppier": null,
          "hauteur_1_ere_feuille": null,
          "date_plantation": null,
          "date_maj": null,
          "id_gestion": "0473AORN9251",
          "complement": "Non renseigné",
          "type_taille": "Cépée",
          "fonction": "Ornement",
          "gml_id": "arbre.216063",
          "code_insee": "35238",
          "secteur": null,
          "id_regroupement": null,
          "classe_biodiv": null,
          "date_entretien": null,
          "frequence_entretien": null,
          "date_proch_entretien": null
        }
      }
    },
    {
      "type": "Feature",
      "id": "rennes-arbre-216064",
      "geometry": {
        "type": "Point",
        "coordinates": [
          -1.659718003505059,
          48.11388320093091
        ]
      },
      "properties": {
        "source_id": 216064,
        "id_gestion": "0473AORN9252",
        "nom": "Magnolia à grandes fleurs",
        "nom_source": "Magnolia à grandes fleurs",
        "nom_scientifique": "Magnolia grandiflora",
        "espece": "grandiflora",
        "hauteur_m": 12,
        "circonference_cm": 105,
        "houppier_m": null,
        "hauteur_1_ere_feuille_m": null,
        "remarquable": null,
        "description": null,
        "photo_url": null,
        "model_3d_url": null,
        "date_plantation": null,
        "date_maj": null,
        "localisation": "Parc Hamelin Oberthür, Rennes",
        "type_taille": "Libre",
        "fonction": "Ornement",
        "source_properties": {
          "id": 216064,
          "localisation": "Parc Hamelin Oberthür, Rennes",
          "abattu": 0,
          "nom_commun": "Magnolia à grandes fleurs",
          "genre": "Magnolia",
          "espece": "grandiflora",
          "variete": null,
          "hauteur": 12,
          "circonference": 105,
          "houppier": null,
          "hauteur_1_ere_feuille": null,
          "date_plantation": null,
          "date_maj": null,
          "id_gestion": "0473AORN9252",
          "complement": "Non renseigné",
          "type_taille": "Libre",
          "fonction": "Ornement",
          "gml_id": "arbre.216064",
          "code_insee": "35238",
          "secteur": null,
          "id_regroupement": null,
          "classe_biodiv": null,
          "date_entretien": null,
          "frequence_entretien": null,
          "date_proch_entretien": null
        }
      }
    },
    {
      "type": "Feature",
      "id": "rennes-arbre-216065",
      "geometry": {
        "type": "Point",
        "coordinates": [
          -1.65974230219935,
          48.113869975886345
        ]
      },
      "properties": {
        "source_id": 216065,
        "id_gestion": "0473AORN9253",
        "nom": "Magnolia à grandes fleurs",
        "nom_source": "Magnolia à grandes fleurs",
        "nom_scientifique": "Magnolia grandiflora",
        "espece": "grandiflora",
        "hauteur_m": 12,
        "circonference_cm": 105,
        "houppier_m": null,
        "hauteur_1_ere_feuille_m": null,
        "remarquable": null,
        "description": null,
        "photo_url": null,
        "model_3d_url": null,
        "date_plantation": null,
        "date_maj": null,
        "localisation": "Parc Hamelin Oberthür, Rennes",
        "type_taille": "Libre",
        "fonction": "Ornement",
        "source_properties": {
          "id": 216065,
          "localisation": "Parc Hamelin Oberthür, Rennes",
          "abattu": 0,
          "nom_commun": "Magnolia à grandes fleurs",
          "genre": "Magnolia",
          "espece": "grandiflora",
          "variete": null,
          "hauteur": 12,
          "circonference": 105,
          "houppier": null,
          "hauteur_1_ere_feuille": null,
          "date_plantation": null,
          "date_maj": null,
          "id_gestion": "0473AORN9253",
          "complement": "Non renseigné",
          "type_taille": "Libre",
          "fonction": "Ornement",
          "gml_id": "arbre.216065",
          "code_insee": "35238",
          "secteur": null,
          "id_regroupement": null,
          "classe_biodiv": null,
          "date_entretien": null,
          "frequence_entretien": null,
          "date_proch_entretien": null
        }
      }
    },
    {
      "type": "Feature",
      "id": "rennes-arbre-216066",
      "geometry": {
        "type": "Point",
        "coordinates": [
          -1.659758424460013,
          48.1138567600555
        ]
      },
      "properties": {
        "source_id": 216066,
        "id_gestion": "0473AORN9254",
        "nom": "Magnolia à grandes fleurs",
        "nom_source": "Magnolia à grandes fleurs",
        "nom_scientifique": "Magnolia grandiflora",
        "espece": "grandiflora",
        "hauteur_m": 12,
        "circonference_cm": 105,
        "houppier_m": null,
        "hauteur_1_ere_feuille_m": null,
        "remarquable": null,
        "description": null,
        "photo_url": null,
        "model_3d_url": null,
        "date_plantation": null,
        "date_maj": null,
        "localisation": "Parc Hamelin Oberthür, Rennes",
        "type_taille": "Libre",
        "fonction": "Ornement",
        "source_properties": {
          "id": 216066,
          "localisation": "Parc Hamelin Oberthür, Rennes",
          "abattu": 0,
          "nom_commun": "Magnolia à grandes fleurs",
          "genre": "Magnolia",
          "espece": "grandiflora",
          "variete": null,
          "hauteur": 12,
          "circonference": 105,
          "houppier": null,
          "hauteur_1_ere_feuille": null,
          "date_plantation": null,
          "date_maj": null,
          "id_gestion": "0473AORN9254",
          "complement": "Non renseigné",
          "type_taille": "Libre",
          "fonction": "Ornement",
          "gml_id": "arbre.216066",
          "code_insee": "35238",
          "secteur": null,
          "id_regroupement": null,
          "classe_biodiv": null,
          "date_entretien": null,
          "frequence_entretien": null,
          "date_proch_entretien": null
        }
      }
    },
    {
      "type": "Feature",
      "id": "rennes-arbre-216067",
      "geometry": {
        "type": "Point",
        "coordinates": [
          -1.659735886957218,
          48.11384156759727
        ]
      },
      "properties": {
        "source_id": 216067,
        "id_gestion": "0473AORN9255",
        "nom": "Magnolia à grandes fleurs",
        "nom_source": "Magnolia à grandes fleurs",
        "nom_scientifique": "Magnolia grandiflora",
        "espece": "grandiflora",
        "hauteur_m": 12,
        "circonference_cm": 105,
        "houppier_m": null,
        "hauteur_1_ere_feuille_m": null,
        "remarquable": null,
        "description": null,
        "photo_url": null,
        "model_3d_url": null,
        "date_plantation": null,
        "date_maj": null,
        "localisation": "Parc Hamelin Oberthür, Rennes",
        "type_taille": "Libre",
        "fonction": "Ornement",
        "source_properties": {
          "id": 216067,
          "localisation": "Parc Hamelin Oberthür, Rennes",
          "abattu": 0,
          "nom_commun": "Magnolia à grandes fleurs",
          "genre": "Magnolia",
          "espece": "grandiflora",
          "variete": null,
          "hauteur": 12,
          "circonference": 105,
          "houppier": null,
          "hauteur_1_ere_feuille": null,
          "date_plantation": null,
          "date_maj": null,
          "id_gestion": "0473AORN9255",
          "complement": "Non renseigné",
          "type_taille": "Libre",
          "fonction": "Ornement",
          "gml_id": "arbre.216067",
          "code_insee": "35238",
          "secteur": null,
          "id_regroupement": null,
          "classe_biodiv": null,
          "date_entretien": null,
          "frequence_entretien": null,
          "date_proch_entretien": null
        }
      }
    },
    {
      "type": "Feature",
      "id": "rennes-arbre-216068",
      "geometry": {
        "type": "Point",
        "coordinates": [
          -1.659846889974022,
          48.11378056391829
        ]
      },
      "properties": {
        "source_id": 216068,
        "id_gestion": "0473AORN9256",
        "nom": "Arbre de Judée",
        "nom_source": "Arbre de Judée",
        "nom_scientifique": "Cercis siliquastrum",
        "espece": "siliquastrum",
        "hauteur_m": 6,
        "circonference_cm": 200,
        "houppier_m": null,
        "hauteur_1_ere_feuille_m": null,
        "remarquable": null,
        "description": null,
        "photo_url": null,
        "model_3d_url": null,
        "date_plantation": null,
        "date_maj": null,
        "localisation": "Parc Hamelin Oberthür, Rennes",
        "type_taille": "Cépée",
        "fonction": "Ornement",
        "source_properties": {
          "id": 216068,
          "localisation": "Parc Hamelin Oberthür, Rennes",
          "abattu": 0,
          "nom_commun": "Arbre de Judée",
          "genre": "Cercis",
          "espece": "siliquastrum",
          "variete": null,
          "hauteur": 6,
          "circonference": 200,
          "houppier": null,
          "hauteur_1_ere_feuille": null,
          "date_plantation": null,
          "date_maj": null,
          "id_gestion": "0473AORN9256",
          "complement": "Non renseigné",
          "type_taille": "Cépée",
          "fonction": "Ornement",
          "gml_id": "arbre.216068",
          "code_insee": "35238",
          "secteur": null,
          "id_regroupement": null,
          "classe_biodiv": null,
          "date_entretien": null,
          "frequence_entretien": null,
          "date_proch_entretien": null
        }
      }
    },
    {
      "type": "Feature",
      "id": "rennes-arbre-216069",
      "geometry": {
        "type": "Point",
        "coordinates": [
          -1.659859895874875,
          48.11376372024056
        ]
      },
      "properties": {
        "source_id": 216069,
        "id_gestion": "0473AORN9257",
        "nom": "Arbre de Judée",
        "nom_source": "Arbre de Judée",
        "nom_scientifique": "Cercis siliquastrum",
        "espece": "siliquastrum",
        "hauteur_m": 6,
        "circonference_cm": 200,
        "houppier_m": null,
        "hauteur_1_ere_feuille_m": null,
        "remarquable": null,
        "description": null,
        "photo_url": null,
        "model_3d_url": null,
        "date_plantation": null,
        "date_maj": null,
        "localisation": "Parc Hamelin Oberthür, Rennes",
        "type_taille": "Cépée",
        "fonction": "Ornement",
        "source_properties": {
          "id": 216069,
          "localisation": "Parc Hamelin Oberthür, Rennes",
          "abattu": 0,
          "nom_commun": "Arbre de Judée",
          "genre": "Cercis",
          "espece": "siliquastrum",
          "variete": null,
          "hauteur": 6,
          "circonference": 200,
          "houppier": null,
          "hauteur_1_ere_feuille": null,
          "date_plantation": null,
          "date_maj": null,
          "id_gestion": "0473AORN9257",
          "complement": "Non renseigné",
          "type_taille": "Cépée",
          "fonction": "Ornement",
          "gml_id": "arbre.216069",
          "code_insee": "35238",
          "secteur": null,
          "id_regroupement": null,
          "classe_biodiv": null,
          "date_entretien": null,
          "frequence_entretien": null,
          "date_proch_entretien": null
        }
      }
    },
    {
      "type": "Feature",
      "id": "rennes-arbre-216070",
      "geometry": {
        "type": "Point",
        "coordinates": [
          -1.65989027127027,
          48.11378044715886
        ]
      },
      "properties": {
        "source_id": 216070,
        "id_gestion": "0473AORN9258",
        "nom": "Arbre de Judée",
        "nom_source": "Arbre de Judée",
        "nom_scientifique": "Cercis siliquastrum",
        "espece": "siliquastrum",
        "hauteur_m": 6,
        "circonference_cm": 200,
        "houppier_m": null,
        "hauteur_1_ere_feuille_m": null,
        "remarquable": null,
        "description": null,
        "photo_url": null,
        "model_3d_url": null,
        "date_plantation": null,
        "date_maj": null,
        "localisation": "Parc Hamelin Oberthür, Rennes",
        "type_taille": "Cépée",
        "fonction": "Ornement",
        "source_properties": {
          "id": 216070,
          "localisation": "Parc Hamelin Oberthür, Rennes",
          "abattu": 0,
          "nom_commun": "Arbre de Judée",
          "genre": "Cercis",
          "espece": "siliquastrum",
          "variete": null,
          "hauteur": 6,
          "circonference": 200,
          "houppier": null,
          "hauteur_1_ere_feuille": null,
          "date_plantation": null,
          "date_maj": null,
          "id_gestion": "0473AORN9258",
          "complement": "Non renseigné",
          "type_taille": "Cépée",
          "fonction": "Ornement",
          "gml_id": "arbre.216070",
          "code_insee": "35238",
          "secteur": null,
          "id_regroupement": null,
          "classe_biodiv": null,
          "date_entretien": null,
          "frequence_entretien": null,
          "date_proch_entretien": null
        }
      }
    },
    {
      "type": "Feature",
      "id": "rennes-arbre-216120",
      "geometry": {
        "type": "Point",
        "coordinates": [
          -1.659893575897365,
          48.1130385572191
        ]
      },
      "properties": {
        "source_id": 216120,
        "id_gestion": "0473AORN9259",
        "nom": "Charme commun",
        "nom_source": "Charme commun",
        "nom_scientifique": "Carpinus betulus",
        "espece": "betulus",
        "hauteur_m": 10,
        "circonference_cm": 130,
        "houppier_m": null,
        "hauteur_1_ere_feuille_m": null,
        "remarquable": null,
        "description": null,
        "photo_url": null,
        "model_3d_url": null,
        "date_plantation": null,
        "date_maj": null,
        "localisation": "Parc Hamelin Oberthür, Rennes",
        "type_taille": "Libre",
        "fonction": "Ornement",
        "source_properties": {
          "id": 216120,
          "localisation": "Parc Hamelin Oberthür, Rennes",
          "abattu": 0,
          "nom_commun": "Charme commun",
          "genre": "Carpinus",
          "espece": "betulus",
          "variete": null,
          "hauteur": 10,
          "circonference": 130,
          "houppier": null,
          "hauteur_1_ere_feuille": null,
          "date_plantation": null,
          "date_maj": null,
          "id_gestion": "0473AORN9259",
          "complement": "Non renseigné",
          "type_taille": "Libre",
          "fonction": "Ornement",
          "gml_id": "arbre.216120",
          "code_insee": "35238",
          "secteur": null,
          "id_regroupement": null,
          "classe_biodiv": null,
          "date_entretien": null,
          "frequence_entretien": null,
          "date_proch_entretien": null
        }
      }
    },
    {
      "type": "Feature",
      "id": "rennes-arbre-216121",
      "geometry": {
        "type": "Point",
        "coordinates": [
          -1.659852591464065,
          48.11302139024864
        ]
      },
      "properties": {
        "source_id": 216121,
        "id_gestion": "0473AORN9260",
        "nom": "Frêne commun",
        "nom_source": "Frêne commun",
        "nom_scientifique": "Fraxinus excelsior",
        "espece": "excelsior",
        "hauteur_m": 16,
        "circonference_cm": 115,
        "houppier_m": null,
        "hauteur_1_ere_feuille_m": null,
        "remarquable": null,
        "description": null,
        "photo_url": null,
        "model_3d_url": null,
        "date_plantation": null,
        "date_maj": null,
        "localisation": "Parc Hamelin Oberthür, Rennes",
        "type_taille": "Libre",
        "fonction": "Ornement",
        "source_properties": {
          "id": 216121,
          "localisation": "Parc Hamelin Oberthür, Rennes",
          "abattu": 0,
          "nom_commun": "Frêne commun",
          "genre": "Fraxinus",
          "espece": "excelsior",
          "variete": null,
          "hauteur": 16,
          "circonference": 115,
          "houppier": null,
          "hauteur_1_ere_feuille": null,
          "date_plantation": null,
          "date_maj": null,
          "id_gestion": "0473AORN9260",
          "complement": "Non renseigné",
          "type_taille": "Libre",
          "fonction": "Ornement",
          "gml_id": "arbre.216121",
          "code_insee": "35238",
          "secteur": null,
          "id_regroupement": null,
          "classe_biodiv": null,
          "date_entretien": null,
          "frequence_entretien": null,
          "date_proch_entretien": null
        }
      }
    },
    {
      "type": "Feature",
      "id": "rennes-arbre-216122",
      "geometry": {
        "type": "Point",
        "coordinates": [
          -1.659846615388671,
          48.11298263211564
        ]
      },
      "properties": {
        "source_id": 216122,
        "id_gestion": "0473AORN9261",
        "nom": "Charme commun",
        "nom_source": "Charme commun",
        "nom_scientifique": "Carpinus betulus",
        "espece": "betulus",
        "hauteur_m": 12,
        "circonference_cm": 45,
        "houppier_m": null,
        "hauteur_1_ere_feuille_m": null,
        "remarquable": null,
        "description": null,
        "photo_url": null,
        "model_3d_url": null,
        "date_plantation": null,
        "date_maj": null,
        "localisation": "Parc Hamelin Oberthür, Rennes",
        "type_taille": "Libre",
        "fonction": "Ornement",
        "source_properties": {
          "id": 216122,
          "localisation": "Parc Hamelin Oberthür, Rennes",
          "abattu": 0,
          "nom_commun": "Charme commun",
          "genre": "Carpinus",
          "espece": "betulus",
          "variete": null,
          "hauteur": 12,
          "circonference": 45,
          "houppier": null,
          "hauteur_1_ere_feuille": null,
          "date_plantation": null,
          "date_maj": null,
          "id_gestion": "0473AORN9261",
          "complement": "Non renseigné",
          "type_taille": "Libre",
          "fonction": "Ornement",
          "gml_id": "arbre.216122",
          "code_insee": "35238",
          "secteur": null,
          "id_regroupement": null,
          "classe_biodiv": null,
          "date_entretien": null,
          "frequence_entretien": null,
          "date_proch_entretien": null
        }
      }
    },
    {
      "type": "Feature",
      "id": "rennes-arbre-216123",
      "geometry": {
        "type": "Point",
        "coordinates": [
          -1.659718597474537,
          48.11295720506877
        ]
      },
      "properties": {
        "source_id": 216123,
        "id_gestion": "0473AORN9262",
        "nom": "Charme commun",
        "nom_source": "Charme commun",
        "nom_scientifique": "Carpinus betulus",
        "espece": "betulus",
        "hauteur_m": 14,
        "circonference_cm": 95,
        "houppier_m": null,
        "hauteur_1_ere_feuille_m": null,
        "remarquable": null,
        "description": null,
        "photo_url": null,
        "model_3d_url": null,
        "date_plantation": null,
        "date_maj": null,
        "localisation": "Parc Hamelin Oberthür, Rennes",
        "type_taille": "Libre",
        "fonction": "Ornement",
        "source_properties": {
          "id": 216123,
          "localisation": "Parc Hamelin Oberthür, Rennes",
          "abattu": 0,
          "nom_commun": "Charme commun",
          "genre": "Carpinus",
          "espece": "betulus",
          "variete": null,
          "hauteur": 14,
          "circonference": 95,
          "houppier": null,
          "hauteur_1_ere_feuille": null,
          "date_plantation": null,
          "date_maj": null,
          "id_gestion": "0473AORN9262",
          "complement": "Non renseigné",
          "type_taille": "Libre",
          "fonction": "Ornement",
          "gml_id": "arbre.216123",
          "code_insee": "35238",
          "secteur": null,
          "id_regroupement": null,
          "classe_biodiv": null,
          "date_entretien": null,
          "frequence_entretien": null,
          "date_proch_entretien": null
        }
      }
    },
    {
      "type": "Feature",
      "id": "rennes-arbre-216124",
      "geometry": {
        "type": "Point",
        "coordinates": [
          -1.659700238722352,
          48.11290862499667
        ]
      },
      "properties": {
        "source_id": 216124,
        "id_gestion": "0473AORN9263",
        "nom": "Charme commun",
        "nom_source": "Charme commun",
        "nom_scientifique": "Carpinus betulus",
        "espece": "betulus",
        "hauteur_m": 14,
        "circonference_cm": 100,
        "houppier_m": null,
        "hauteur_1_ere_feuille_m": null,
        "remarquable": null,
        "description": null,
        "photo_url": null,
        "model_3d_url": null,
        "date_plantation": null,
        "date_maj": null,
        "localisation": "Parc Hamelin Oberthür, Rennes",
        "type_taille": "Libre",
        "fonction": "Ornement",
        "source_properties": {
          "id": 216124,
          "localisation": "Parc Hamelin Oberthür, Rennes",
          "abattu": 0,
          "nom_commun": "Charme commun",
          "genre": "Carpinus",
          "espece": "betulus",
          "variete": null,
          "hauteur": 14,
          "circonference": 100,
          "houppier": null,
          "hauteur_1_ere_feuille": null,
          "date_plantation": null,
          "date_maj": null,
          "id_gestion": "0473AORN9263",
          "complement": "Non renseigné",
          "type_taille": "Libre",
          "fonction": "Ornement",
          "gml_id": "arbre.216124",
          "code_insee": "35238",
          "secteur": null,
          "id_regroupement": null,
          "classe_biodiv": null,
          "date_entretien": null,
          "frequence_entretien": null,
          "date_proch_entretien": null
        }
      }
    },
    {
      "type": "Feature",
      "id": "rennes-arbre-216125",
      "geometry": {
        "type": "Point",
        "coordinates": [
          -1.65958655615474,
          48.112915357844926
        ]
      },
      "properties": {
        "source_id": 216125,
        "id_gestion": "0473AORN9264",
        "nom": "Houx",
        "nom_source": "Houx",
        "nom_scientifique": "Ilex aquifolium",
        "espece": "aquifolium",
        "hauteur_m": 10,
        "circonference_cm": 70,
        "houppier_m": null,
        "hauteur_1_ere_feuille_m": null,
        "remarquable": null,
        "description": null,
        "photo_url": null,
        "model_3d_url": null,
        "date_plantation": null,
        "date_maj": null,
        "localisation": "Parc Hamelin Oberthür, Rennes",
        "type_taille": "Libre",
        "fonction": "Ornement",
        "source_properties": {
          "id": 216125,
          "localisation": "Parc Hamelin Oberthür, Rennes",
          "abattu": 0,
          "nom_commun": "Houx",
          "genre": "Ilex",
          "espece": "aquifolium",
          "variete": null,
          "hauteur": 10,
          "circonference": 70,
          "houppier": null,
          "hauteur_1_ere_feuille": null,
          "date_plantation": null,
          "date_maj": null,
          "id_gestion": "0473AORN9264",
          "complement": "Non renseigné",
          "type_taille": "Libre",
          "fonction": "Ornement",
          "gml_id": "arbre.216125",
          "code_insee": "35238",
          "secteur": null,
          "id_regroupement": null,
          "classe_biodiv": null,
          "date_entretien": null,
          "frequence_entretien": null,
          "date_proch_entretien": null
        }
      }
    },
    {
      "type": "Feature",
      "id": "rennes-arbre-216126",
      "geometry": {
        "type": "Point",
        "coordinates": [
          -1.659506949006072,
          48.11285650348252
        ]
      },
      "properties": {
        "source_id": 216126,
        "id_gestion": "0473AORN9265",
        "nom": "Platane à feuilles d'érable",
        "nom_source": "Platane à feuilles d'érable",
        "nom_scientifique": "Platanus x hispanica",
        "espece": "x hispanica",
        "hauteur_m": 30,
        "circonference_cm": 330,
        "houppier_m": null,
        "hauteur_1_ere_feuille_m": null,
        "remarquable": null,
        "description": null,
        "photo_url": null,
        "model_3d_url": null,
        "date_plantation": null,
        "date_maj": null,
        "localisation": "Parc Hamelin Oberthür, Rennes",
        "type_taille": "Libre",
        "fonction": "Ornement",
        "source_properties": {
          "id": 216126,
          "localisation": "Parc Hamelin Oberthür, Rennes",
          "abattu": 0,
          "nom_commun": "Platane à feuilles d'érable",
          "genre": "Platanus",
          "espece": "x hispanica",
          "variete": null,
          "hauteur": 30,
          "circonference": 330,
          "houppier": null,
          "hauteur_1_ere_feuille": null,
          "date_plantation": null,
          "date_maj": null,
          "id_gestion": "0473AORN9265",
          "complement": "Non renseigné",
          "type_taille": "Libre",
          "fonction": "Ornement",
          "gml_id": "arbre.216126",
          "code_insee": "35238",
          "secteur": null,
          "id_regroupement": null,
          "classe_biodiv": null,
          "date_entretien": null,
          "frequence_entretien": null,
          "date_proch_entretien": null
        }
      }
    },
    {
      "type": "Feature",
      "id": "rennes-arbre-216127",
      "geometry": {
        "type": "Point",
        "coordinates": [
          -1.659359039824857,
          48.112913096663156
        ]
      },
      "properties": {
        "source_id": 216127,
        "id_gestion": "0473AORN9266",
        "nom": "Chêne chevelu",
        "nom_source": "Chêne chevelu",
        "nom_scientifique": "Quercus cerris",
        "espece": "cerris",
        "hauteur_m": 16,
        "circonference_cm": 125,
        "houppier_m": null,
        "hauteur_1_ere_feuille_m": null,
        "remarquable": null,
        "description": null,
        "photo_url": null,
        "model_3d_url": null,
        "date_plantation": null,
        "date_maj": null,
        "localisation": "Parc Hamelin Oberthür, Rennes",
        "type_taille": "Libre",
        "fonction": "Ornement",
        "source_properties": {
          "id": 216127,
          "localisation": "Parc Hamelin Oberthür, Rennes",
          "abattu": 0,
          "nom_commun": "Chêne chevelu",
          "genre": "Quercus",
          "espece": "cerris",
          "variete": null,
          "hauteur": 16,
          "circonference": 125,
          "houppier": null,
          "hauteur_1_ere_feuille": null,
          "date_plantation": null,
          "date_maj": null,
          "id_gestion": "0473AORN9266",
          "complement": "Non renseigné",
          "type_taille": "Libre",
          "fonction": "Ornement",
          "gml_id": "arbre.216127",
          "code_insee": "35238",
          "secteur": null,
          "id_regroupement": null,
          "classe_biodiv": null,
          "date_entretien": null,
          "frequence_entretien": null,
          "date_proch_entretien": null
        }
      }
    },
    {
      "type": "Feature",
      "id": "rennes-arbre-216128",
      "geometry": {
        "type": "Point",
        "coordinates": [
          -1.660357457379887,
          48.1128366918411
        ]
      },
      "properties": {
        "source_id": 216128,
        "id_gestion": "0473AORN9267",
        "nom": "Erable du fleuve d'Amour",
        "nom_source": "Erable du fleuve d'Amour",
        "nom_scientifique": "Acer ginnala",
        "espece": "ginnala",
        "hauteur_m": 3,
        "circonference_cm": 15,
        "houppier_m": null,
        "hauteur_1_ere_feuille_m": null,
        "remarquable": null,
        "description": null,
        "photo_url": null,
        "model_3d_url": null,
        "date_plantation": null,
        "date_maj": null,
        "localisation": "Parc Hamelin Oberthür, Rennes",
        "type_taille": "Libre",
        "fonction": "Ornement",
        "source_properties": {
          "id": 216128,
          "localisation": "Parc Hamelin Oberthür, Rennes",
          "abattu": 0,
          "nom_commun": "Erable du fleuve d'Amour",
          "genre": "Acer",
          "espece": "ginnala",
          "variete": null,
          "hauteur": 3,
          "circonference": 15,
          "houppier": null,
          "hauteur_1_ere_feuille": null,
          "date_plantation": null,
          "date_maj": null,
          "id_gestion": "0473AORN9267",
          "complement": "Non renseigné",
          "type_taille": "Libre",
          "fonction": "Ornement",
          "gml_id": "arbre.216128",
          "code_insee": "35238",
          "secteur": null,
          "id_regroupement": null,
          "classe_biodiv": null,
          "date_entretien": null,
          "frequence_entretien": null,
          "date_proch_entretien": null
        }
      }
    },
    {
      "type": "Feature",
      "id": "rennes-arbre-216129",
      "geometry": {
        "type": "Point",
        "coordinates": [
          -1.660356391429093,
          48.11274979366483
        ]
      },
      "properties": {
        "source_id": 216129,
        "id_gestion": "0473AORN9268",
        "nom": "Marronnier d'Inde",
        "nom_source": "Marronnier d'Inde",
        "nom_scientifique": "Aesculus hippocastanum",
        "espece": "hippocastanum",
        "hauteur_m": 30,
        "circonference_cm": 370,
        "houppier_m": null,
        "hauteur_1_ere_feuille_m": null,
        "remarquable": null,
        "description": null,
        "photo_url": null,
        "model_3d_url": null,
        "date_plantation": null,
        "date_maj": null,
        "localisation": "Parc Hamelin Oberthür, Rennes",
        "type_taille": "Libre",
        "fonction": "Ornement",
        "source_properties": {
          "id": 216129,
          "localisation": "Parc Hamelin Oberthür, Rennes",
          "abattu": 0,
          "nom_commun": "Marronnier d'Inde",
          "genre": "Aesculus",
          "espece": "hippocastanum",
          "variete": null,
          "hauteur": 30,
          "circonference": 370,
          "houppier": null,
          "hauteur_1_ere_feuille": null,
          "date_plantation": null,
          "date_maj": null,
          "id_gestion": "0473AORN9268",
          "complement": "Non renseigné",
          "type_taille": "Libre",
          "fonction": "Ornement",
          "gml_id": "arbre.216129",
          "code_insee": "35238",
          "secteur": null,
          "id_regroupement": null,
          "classe_biodiv": null,
          "date_entretien": null,
          "frequence_entretien": null,
          "date_proch_entretien": null
        }
      }
    },
    {
      "type": "Feature",
      "id": "rennes-arbre-216130",
      "geometry": {
        "type": "Point",
        "coordinates": [
          -1.660083930798614,
          48.11267175515808
        ]
      },
      "properties": {
        "source_id": 216130,
        "id_gestion": "0473AORN9269",
        "nom": "Saule marsault",
        "nom_source": "Saule marsault",
        "nom_scientifique": "Salix caprea",
        "espece": "caprea",
        "hauteur_m": 7,
        "circonference_cm": 200,
        "houppier_m": null,
        "hauteur_1_ere_feuille_m": null,
        "remarquable": null,
        "description": null,
        "photo_url": null,
        "model_3d_url": null,
        "date_plantation": null,
        "date_maj": null,
        "localisation": null,
        "type_taille": "Cépée",
        "fonction": "Ornement",
        "source_properties": {
          "id": 216130,
          "localisation": null,
          "abattu": 0,
          "nom_commun": "Saule marsault",
          "genre": "Salix",
          "espece": "caprea",
          "variete": null,
          "hauteur": 7,
          "circonference": 200,
          "houppier": null,
          "hauteur_1_ere_feuille": null,
          "date_plantation": null,
          "date_maj": null,
          "id_gestion": "0473AORN9269",
          "complement": "Non renseigné",
          "type_taille": "Cépée",
          "fonction": "Ornement",
          "gml_id": "arbre.216130",
          "code_insee": "35238",
          "secteur": null,
          "id_regroupement": null,
          "classe_biodiv": null,
          "date_entretien": null,
          "frequence_entretien": null,
          "date_proch_entretien": null
        }
      }
    },
    {
      "type": "Feature",
      "id": "rennes-arbre-216131",
      "geometry": {
        "type": "Point",
        "coordinates": [
          -1.659985412963389,
          48.11260388775415
        ]
      },
      "properties": {
        "source_id": 216131,
        "id_gestion": "0473AORN9270",
        "nom": "Charme commun",
        "nom_source": "Charme commun",
        "nom_scientifique": "Carpinus betulus",
        "espece": "betulus",
        "hauteur_m": 16,
        "circonference_cm": 200,
        "houppier_m": null,
        "hauteur_1_ere_feuille_m": null,
        "remarquable": null,
        "description": null,
        "photo_url": null,
        "model_3d_url": null,
        "date_plantation": null,
        "date_maj": null,
        "localisation": null,
        "type_taille": "Libre",
        "fonction": "Ornement",
        "source_properties": {
          "id": 216131,
          "localisation": null,
          "abattu": 0,
          "nom_commun": "Charme commun",
          "genre": "Carpinus",
          "espece": "betulus",
          "variete": null,
          "hauteur": 16,
          "circonference": 200,
          "houppier": null,
          "hauteur_1_ere_feuille": null,
          "date_plantation": null,
          "date_maj": null,
          "id_gestion": "0473AORN9270",
          "complement": "Non renseigné",
          "type_taille": "Libre",
          "fonction": "Ornement",
          "gml_id": "arbre.216131",
          "code_insee": "35238",
          "secteur": null,
          "id_regroupement": null,
          "classe_biodiv": null,
          "date_entretien": null,
          "frequence_entretien": null,
          "date_proch_entretien": null
        }
      }
    },
    {
      "type": "Feature",
      "id": "rennes-arbre-216132",
      "geometry": {
        "type": "Point",
        "coordinates": [
          -1.659978760517292,
          48.11253378552364
        ]
      },
      "properties": {
        "source_id": 216132,
        "id_gestion": "0473AORN9271",
        "nom": "Saule marsault",
        "nom_source": "Saule marsault",
        "nom_scientifique": "Salix caprea",
        "espece": "caprea",
        "hauteur_m": 7,
        "circonference_cm": 200,
        "houppier_m": null,
        "hauteur_1_ere_feuille_m": null,
        "remarquable": null,
        "description": null,
        "photo_url": null,
        "model_3d_url": null,
        "date_plantation": null,
        "date_maj": null,
        "localisation": null,
        "type_taille": "Cépée",
        "fonction": "Ornement",
        "source_properties": {
          "id": 216132,
          "localisation": null,
          "abattu": 0,
          "nom_commun": "Saule marsault",
          "genre": "Salix",
          "espece": "caprea",
          "variete": null,
          "hauteur": 7,
          "circonference": 200,
          "houppier": null,
          "hauteur_1_ere_feuille": null,
          "date_plantation": null,
          "date_maj": null,
          "id_gestion": "0473AORN9271",
          "complement": "Non renseigné",
          "type_taille": "Cépée",
          "fonction": "Ornement",
          "gml_id": "arbre.216132",
          "code_insee": "35238",
          "secteur": null,
          "id_regroupement": null,
          "classe_biodiv": null,
          "date_entretien": null,
          "frequence_entretien": null,
          "date_proch_entretien": null
        }
      }
    },
    {
      "type": "Feature",
      "id": "rennes-arbre-216133",
      "geometry": {
        "type": "Point",
        "coordinates": [
          -1.660052190246546,
          48.11245608205718
        ]
      },
      "properties": {
        "source_id": 216133,
        "id_gestion": "0473AORN9272",
        "nom": "Chêne à feuilles de saule",
        "nom_source": "Chêne à feuilles de saule",
        "nom_scientifique": "Quercus",
        "espece": null,
        "hauteur_m": 25,
        "circonference_cm": 225,
        "houppier_m": null,
        "hauteur_1_ere_feuille_m": null,
        "remarquable": null,
        "description": null,
        "photo_url": null,
        "model_3d_url": null,
        "date_plantation": null,
        "date_maj": null,
        "localisation": "Parc Hamelin Oberthür, Rennes",
        "type_taille": "Libre",
        "fonction": "Ornement",
        "source_properties": {
          "id": 216133,
          "localisation": "Parc Hamelin Oberthür, Rennes",
          "abattu": 0,
          "nom_commun": "Chêne à feuilles de saule",
          "genre": "Quercus",
          "espece": null,
          "variete": null,
          "hauteur": 25,
          "circonference": 225,
          "houppier": null,
          "hauteur_1_ere_feuille": null,
          "date_plantation": null,
          "date_maj": null,
          "id_gestion": "0473AORN9272",
          "complement": "Non renseigné",
          "type_taille": "Libre",
          "fonction": "Ornement",
          "gml_id": "arbre.216133",
          "code_insee": "35238",
          "secteur": null,
          "id_regroupement": null,
          "classe_biodiv": null,
          "date_entretien": null,
          "frequence_entretien": null,
          "date_proch_entretien": null
        }
      }
    },
    {
      "type": "Feature",
      "id": "rennes-arbre-216134",
      "geometry": {
        "type": "Point",
        "coordinates": [
          -1.65996924581163,
          48.11245422419358
        ]
      },
      "properties": {
        "source_id": 216134,
        "id_gestion": "0473AORN9273",
        "nom": "Saule marsault",
        "nom_source": "Saule marsault",
        "nom_scientifique": "Salix caprea",
        "espece": "caprea",
        "hauteur_m": 7,
        "circonference_cm": 200,
        "houppier_m": null,
        "hauteur_1_ere_feuille_m": null,
        "remarquable": null,
        "description": null,
        "photo_url": null,
        "model_3d_url": null,
        "date_plantation": null,
        "date_maj": null,
        "localisation": "Parc Hamelin Oberthür, Rennes",
        "type_taille": "Cépée",
        "fonction": "Ornement",
        "source_properties": {
          "id": 216134,
          "localisation": "Parc Hamelin Oberthür, Rennes",
          "abattu": 0,
          "nom_commun": "Saule marsault",
          "genre": "Salix",
          "espece": "caprea",
          "variete": null,
          "hauteur": 7,
          "circonference": 200,
          "houppier": null,
          "hauteur_1_ere_feuille": null,
          "date_plantation": null,
          "date_maj": null,
          "id_gestion": "0473AORN9273",
          "complement": "Non renseigné",
          "type_taille": "Cépée",
          "fonction": "Ornement",
          "gml_id": "arbre.216134",
          "code_insee": "35238",
          "secteur": null,
          "id_regroupement": null,
          "classe_biodiv": null,
          "date_entretien": null,
          "frequence_entretien": null,
          "date_proch_entretien": null
        }
      }
    },
    {
      "type": "Feature",
      "id": "rennes-arbre-216135",
      "geometry": {
        "type": "Point",
        "coordinates": [
          -1.659970053560766,
          48.11241635593782
        ]
      },
      "properties": {
        "source_id": 216135,
        "id_gestion": "0473AORN9274",
        "nom": "Aubépine",
        "nom_source": "Aubépine",
        "nom_scientifique": "Crataegus oxyacantha",
        "espece": "oxyacantha",
        "hauteur_m": 7,
        "circonference_cm": 75,
        "houppier_m": null,
        "hauteur_1_ere_feuille_m": null,
        "remarquable": null,
        "description": null,
        "photo_url": null,
        "model_3d_url": null,
        "date_plantation": null,
        "date_maj": null,
        "localisation": "Parc Hamelin Oberthür, Rennes",
        "type_taille": "Libre",
        "fonction": "Ornement",
        "source_properties": {
          "id": 216135,
          "localisation": "Parc Hamelin Oberthür, Rennes",
          "abattu": 0,
          "nom_commun": "Aubépine",
          "genre": "Crataegus",
          "espece": "oxyacantha",
          "variete": null,
          "hauteur": 7,
          "circonference": 75,
          "houppier": null,
          "hauteur_1_ere_feuille": null,
          "date_plantation": null,
          "date_maj": null,
          "id_gestion": "0473AORN9274",
          "complement": "Non renseigné",
          "type_taille": "Libre",
          "fonction": "Ornement",
          "gml_id": "arbre.216135",
          "code_insee": "35238",
          "secteur": null,
          "id_regroupement": null,
          "classe_biodiv": null,
          "date_entretien": null,
          "frequence_entretien": null,
          "date_proch_entretien": null
        }
      }
    },
    {
      "type": "Feature",
      "id": "rennes-arbre-216136",
      "geometry": {
        "type": "Point",
        "coordinates": [
          -1.659451655740146,
          48.11235699954842
        ]
      },
      "properties": {
        "source_id": 216136,
        "id_gestion": "0473AORN9275",
        "nom": "Bouleau pendant",
        "nom_source": "Bouleau pendant",
        "nom_scientifique": "Betula verrucosa",
        "espece": "verrucosa",
        "hauteur_m": 10,
        "circonference_cm": 60,
        "houppier_m": null,
        "hauteur_1_ere_feuille_m": null,
        "remarquable": null,
        "description": null,
        "photo_url": null,
        "model_3d_url": null,
        "date_plantation": null,
        "date_maj": null,
        "localisation": "Parc Hamelin Oberthür, Rennes",
        "type_taille": "Libre",
        "fonction": "Ornement",
        "source_properties": {
          "id": 216136,
          "localisation": "Parc Hamelin Oberthür, Rennes",
          "abattu": 0,
          "nom_commun": "Bouleau pendant",
          "genre": "Betula",
          "espece": "verrucosa",
          "variete": null,
          "hauteur": 10,
          "circonference": 60,
          "houppier": null,
          "hauteur_1_ere_feuille": null,
          "date_plantation": null,
          "date_maj": null,
          "id_gestion": "0473AORN9275",
          "complement": "Non renseigné",
          "type_taille": "Libre",
          "fonction": "Ornement",
          "gml_id": "arbre.216136",
          "code_insee": "35238",
          "secteur": null,
          "id_regroupement": null,
          "classe_biodiv": null,
          "date_entretien": null,
          "frequence_entretien": null,
          "date_proch_entretien": null
        }
      }
    },
    {
      "type": "Feature",
      "id": "rennes-arbre-216137",
      "geometry": {
        "type": "Point",
        "coordinates": [
          -1.659064149702136,
          48.112966290607986
        ]
      },
      "properties": {
        "source_id": 216137,
        "id_gestion": "0473AORN9276",
        "nom": "Erable rouge d'Amérique",
        "nom_source": "Erable rouge d'Amérique",
        "nom_scientifique": "Acer rubrum",
        "espece": "rubrum",
        "hauteur_m": 15,
        "circonference_cm": 130,
        "houppier_m": null,
        "hauteur_1_ere_feuille_m": null,
        "remarquable": null,
        "description": null,
        "photo_url": null,
        "model_3d_url": null,
        "date_plantation": null,
        "date_maj": null,
        "localisation": "Parc Hamelin Oberthür, Rennes",
        "type_taille": "Libre",
        "fonction": "Ornement",
        "source_properties": {
          "id": 216137,
          "localisation": "Parc Hamelin Oberthür, Rennes",
          "abattu": 0,
          "nom_commun": "Erable rouge d'Amérique",
          "genre": "Acer",
          "espece": "rubrum",
          "variete": null,
          "hauteur": 15,
          "circonference": 130,
          "houppier": null,
          "hauteur_1_ere_feuille": null,
          "date_plantation": null,
          "date_maj": null,
          "id_gestion": "0473AORN9276",
          "complement": "Non renseigné",
          "type_taille": "Libre",
          "fonction": "Ornement",
          "gml_id": "arbre.216137",
          "code_insee": "35238",
          "secteur": null,
          "id_regroupement": null,
          "classe_biodiv": null,
          "date_entretien": null,
          "frequence_entretien": null,
          "date_proch_entretien": null
        }
      }
    },
    {
      "type": "Feature",
      "id": "rennes-arbre-216138",
      "geometry": {
        "type": "Point",
        "coordinates": [
          -1.660185584144882,
          48.11278680872653
        ]
      },
      "properties": {
        "source_id": 216138,
        "id_gestion": "0473AORN9277",
        "nom": "Saule",
        "nom_source": "Saule",
        "nom_scientifique": "Salix",
        "espece": null,
        "hauteur_m": 3,
        "circonference_cm": 60,
        "houppier_m": null,
        "hauteur_1_ere_feuille_m": null,
        "remarquable": null,
        "description": null,
        "photo_url": null,
        "model_3d_url": null,
        "date_plantation": null,
        "date_maj": null,
        "localisation": "Parc Hamelin Oberthür, Rennes",
        "type_taille": "Cépée",
        "fonction": "Ornement",
        "source_properties": {
          "id": 216138,
          "localisation": "Parc Hamelin Oberthür, Rennes",
          "abattu": 0,
          "nom_commun": "Saule",
          "genre": "Salix",
          "espece": null,
          "variete": null,
          "hauteur": 3,
          "circonference": 60,
          "houppier": null,
          "hauteur_1_ere_feuille": null,
          "date_plantation": null,
          "date_maj": null,
          "id_gestion": "0473AORN9277",
          "complement": "Non renseigné",
          "type_taille": "Cépée",
          "fonction": "Ornement",
          "gml_id": "arbre.216138",
          "code_insee": "35238",
          "secteur": null,
          "id_regroupement": null,
          "classe_biodiv": null,
          "date_entretien": null,
          "frequence_entretien": null,
          "date_proch_entretien": null
        }
      }
    },
    {
      "type": "Feature",
      "id": "rennes-arbre-216180",
      "geometry": {
        "type": "Point",
        "coordinates": [
          -1.659957063108165,
          48.11175085833594
        ]
      },
      "properties": {
        "source_id": 216180,
        "id_gestion": "0473AORN9278",
        "nom": "Magnolia de Soulange",
        "nom_source": "Magnolia de Soulange",
        "nom_scientifique": "Magnolia x soulangeana",
        "espece": "x soulangeana",
        "hauteur_m": 8,
        "circonference_cm": 75,
        "houppier_m": null,
        "hauteur_1_ere_feuille_m": null,
        "remarquable": null,
        "description": null,
        "photo_url": null,
        "model_3d_url": null,
        "date_plantation": null,
        "date_maj": null,
        "localisation": null,
        "type_taille": "Libre",
        "fonction": "Ornement",
        "source_properties": {
          "id": 216180,
          "localisation": null,
          "abattu": 0,
          "nom_commun": "Magnolia de Soulange",
          "genre": "Magnolia",
          "espece": "x soulangeana",
          "variete": null,
          "hauteur": 8,
          "circonference": 75,
          "houppier": null,
          "hauteur_1_ere_feuille": null,
          "date_plantation": null,
          "date_maj": null,
          "id_gestion": "0473AORN9278",
          "complement": "Non renseigné",
          "type_taille": "Libre",
          "fonction": "Ornement",
          "gml_id": "arbre.216180",
          "code_insee": "35238",
          "secteur": null,
          "id_regroupement": null,
          "classe_biodiv": null,
          "date_entretien": null,
          "frequence_entretien": null,
          "date_proch_entretien": null
        }
      }
    },
    {
      "type": "Feature",
      "id": "rennes-arbre-216181",
      "geometry": {
        "type": "Point",
        "coordinates": [
          -1.659938660644433,
          48.11174669979777
        ]
      },
      "properties": {
        "source_id": 216181,
        "id_gestion": "0473AORN9279",
        "nom": "Magnolia de Soulange",
        "nom_source": "Magnolia de Soulange",
        "nom_scientifique": "Magnolia x soulangeana",
        "espece": "x soulangeana",
        "hauteur_m": 8,
        "circonference_cm": 75,
        "houppier_m": null,
        "hauteur_1_ere_feuille_m": null,
        "remarquable": null,
        "description": null,
        "photo_url": null,
        "model_3d_url": null,
        "date_plantation": null,
        "date_maj": null,
        "localisation": null,
        "type_taille": "Libre",
        "fonction": "Ornement",
        "source_properties": {
          "id": 216181,
          "localisation": null,
          "abattu": 0,
          "nom_commun": "Magnolia de Soulange",
          "genre": "Magnolia",
          "espece": "x soulangeana",
          "variete": null,
          "hauteur": 8,
          "circonference": 75,
          "houppier": null,
          "hauteur_1_ere_feuille": null,
          "date_plantation": null,
          "date_maj": null,
          "id_gestion": "0473AORN9279",
          "complement": "Non renseigné",
          "type_taille": "Libre",
          "fonction": "Ornement",
          "gml_id": "arbre.216181",
          "code_insee": "35238",
          "secteur": null,
          "id_regroupement": null,
          "classe_biodiv": null,
          "date_entretien": null,
          "frequence_entretien": null,
          "date_proch_entretien": null
        }
      }
    },
    {
      "type": "Feature",
      "id": "rennes-arbre-216182",
      "geometry": {
        "type": "Point",
        "coordinates": [
          -1.659878973328216,
          48.11169200387848
        ]
      },
      "properties": {
        "source_id": 216182,
        "id_gestion": "0473AORN9280",
        "nom": "Palmier de Chine",
        "nom_source": "Palmier de Chine",
        "nom_scientifique": "Trachycarpus fortunei",
        "espece": "fortunei",
        "hauteur_m": 10,
        "circonference_cm": 70,
        "houppier_m": null,
        "hauteur_1_ere_feuille_m": null,
        "remarquable": null,
        "description": null,
        "photo_url": null,
        "model_3d_url": null,
        "date_plantation": null,
        "date_maj": null,
        "localisation": null,
        "type_taille": "Libre",
        "fonction": "Ornement",
        "source_properties": {
          "id": 216182,
          "localisation": null,
          "abattu": 0,
          "nom_commun": "Palmier de Chine",
          "genre": "Trachycarpus",
          "espece": "fortunei",
          "variete": null,
          "hauteur": 10,
          "circonference": 70,
          "houppier": null,
          "hauteur_1_ere_feuille": null,
          "date_plantation": null,
          "date_maj": null,
          "id_gestion": "0473AORN9280",
          "complement": "Non renseigné",
          "type_taille": "Libre",
          "fonction": "Ornement",
          "gml_id": "arbre.216182",
          "code_insee": "35238",
          "secteur": null,
          "id_regroupement": null,
          "classe_biodiv": null,
          "date_entretien": null,
          "frequence_entretien": null,
          "date_proch_entretien": null
        }
      }
    },
    {
      "type": "Feature",
      "id": "rennes-arbre-216183",
      "geometry": {
        "type": "Point",
        "coordinates": [
          -1.659795148523744,
          48.111789338914896
        ]
      },
      "properties": {
        "source_id": 216183,
        "id_gestion": "0473AORN9281",
        "nom": "Tulipier de virginie",
        "nom_source": "Tulipier de virginie",
        "nom_scientifique": "Liriodendron tulipifera",
        "espece": "tulipifera",
        "hauteur_m": 10,
        "circonference_cm": 70,
        "houppier_m": null,
        "hauteur_1_ere_feuille_m": null,
        "remarquable": null,
        "description": null,
        "photo_url": null,
        "model_3d_url": null,
        "date_plantation": null,
        "date_maj": null,
        "localisation": "Parc Hamelin Oberthür, Rennes",
        "type_taille": "Libre",
        "fonction": "Ornement",
        "source_properties": {
          "id": 216183,
          "localisation": "Parc Hamelin Oberthür, Rennes",
          "abattu": 0,
          "nom_commun": "Tulipier de virginie",
          "genre": "Liriodendron",
          "espece": "tulipifera",
          "variete": null,
          "hauteur": 10,
          "circonference": 70,
          "houppier": null,
          "hauteur_1_ere_feuille": null,
          "date_plantation": null,
          "date_maj": null,
          "id_gestion": "0473AORN9281",
          "complement": "Non renseigné",
          "type_taille": "Libre",
          "fonction": "Ornement",
          "gml_id": "arbre.216183",
          "code_insee": "35238",
          "secteur": null,
          "id_regroupement": null,
          "classe_biodiv": null,
          "date_entretien": null,
          "frequence_entretien": null,
          "date_proch_entretien": null
        }
      }
    },
    {
      "type": "Feature",
      "id": "rennes-arbre-216184",
      "geometry": {
        "type": "Point",
        "coordinates": [
          -1.659578059110006,
          48.11177083675222
        ]
      },
      "properties": {
        "source_id": 216184,
        "id_gestion": "0473AORN9282",
        "nom": "Erable de Pensylvanie",
        "nom_source": "Erable de Pensylvanie",
        "nom_scientifique": "Acer pensylvanicum",
        "espece": "pensylvanicum",
        "hauteur_m": 4,
        "circonference_cm": 30,
        "houppier_m": null,
        "hauteur_1_ere_feuille_m": null,
        "remarquable": null,
        "description": null,
        "photo_url": null,
        "model_3d_url": null,
        "date_plantation": null,
        "date_maj": null,
        "localisation": "Parc Hamelin Oberthür, Rennes",
        "type_taille": "Libre",
        "fonction": "Ornement",
        "source_properties": {
          "id": 216184,
          "localisation": "Parc Hamelin Oberthür, Rennes",
          "abattu": 0,
          "nom_commun": "Erable de Pensylvanie",
          "genre": "Acer",
          "espece": "pensylvanicum",
          "variete": null,
          "hauteur": 4,
          "circonference": 30,
          "houppier": null,
          "hauteur_1_ere_feuille": null,
          "date_plantation": null,
          "date_maj": null,
          "id_gestion": "0473AORN9282",
          "complement": "Non renseigné",
          "type_taille": "Libre",
          "fonction": "Ornement",
          "gml_id": "arbre.216184",
          "code_insee": "35238",
          "secteur": null,
          "id_regroupement": null,
          "classe_biodiv": null,
          "date_entretien": null,
          "frequence_entretien": null,
          "date_proch_entretien": null
        }
      }
    },
    {
      "type": "Feature",
      "id": "rennes-arbre-216185",
      "geometry": {
        "type": "Point",
        "coordinates": [
          -1.65951034489518,
          48.11173255522029
        ]
      },
      "properties": {
        "source_id": 216185,
        "id_gestion": "0473AORN9283",
        "nom": "Cornouiller des pagodes",
        "nom_source": "Cornouiller des pagodes",
        "nom_scientifique": "Cornus controversa Variegata",
        "espece": "controversa",
        "hauteur_m": 2,
        "circonference_cm": 20,
        "houppier_m": null,
        "hauteur_1_ere_feuille_m": null,
        "remarquable": null,
        "description": null,
        "photo_url": null,
        "model_3d_url": null,
        "date_plantation": null,
        "date_maj": null,
        "localisation": "Parc Hamelin Oberthür, Rennes",
        "type_taille": "Libre",
        "fonction": "Ornement",
        "source_properties": {
          "id": 216185,
          "localisation": "Parc Hamelin Oberthür, Rennes",
          "abattu": 0,
          "nom_commun": "Cornouiller des pagodes",
          "genre": "Cornus",
          "espece": "controversa",
          "variete": "Variegata",
          "hauteur": 2,
          "circonference": 20,
          "houppier": null,
          "hauteur_1_ere_feuille": null,
          "date_plantation": null,
          "date_maj": null,
          "id_gestion": "0473AORN9283",
          "complement": "Non renseigné",
          "type_taille": "Libre",
          "fonction": "Ornement",
          "gml_id": "arbre.216185",
          "code_insee": "35238",
          "secteur": null,
          "id_regroupement": null,
          "classe_biodiv": null,
          "date_entretien": null,
          "frequence_entretien": null,
          "date_proch_entretien": null
        }
      }
    },
    {
      "type": "Feature",
      "id": "rennes-arbre-216186",
      "geometry": {
        "type": "Point",
        "coordinates": [
          -1.65926316415231,
          48.11174775343223
        ]
      },
      "properties": {
        "source_id": 216186,
        "id_gestion": "0473AORN9284",
        "nom": "Hêtre pourpre",
        "nom_source": "Hêtre commun",
        "nom_scientifique": "Fagus sylvatica Purpurea",
        "espece": "sylvatica",
        "hauteur_m": 12,
        "circonference_cm": 70,
        "houppier_m": null,
        "hauteur_1_ere_feuille_m": null,
        "remarquable": null,
        "description": null,
        "photo_url": null,
        "model_3d_url": null,
        "date_plantation": null,
        "date_maj": null,
        "localisation": "Parc Hamelin Oberthür, Rennes",
        "type_taille": "Libre",
        "fonction": "Ornement",
        "source_properties": {
          "id": 216186,
          "localisation": "Parc Hamelin Oberthür, Rennes",
          "abattu": 0,
          "nom_commun": "Hêtre commun",
          "genre": "Fagus",
          "espece": "sylvatica",
          "variete": "Purpurea",
          "hauteur": 12,
          "circonference": 70,
          "houppier": null,
          "hauteur_1_ere_feuille": null,
          "date_plantation": null,
          "date_maj": null,
          "id_gestion": "0473AORN9284",
          "complement": "Non renseigné",
          "type_taille": "Libre",
          "fonction": "Ornement",
          "gml_id": "arbre.216186",
          "code_insee": "35238",
          "secteur": null,
          "id_regroupement": null,
          "classe_biodiv": null,
          "date_entretien": null,
          "frequence_entretien": null,
          "date_proch_entretien": null
        }
      }
    },
    {
      "type": "Feature",
      "id": "rennes-arbre-216187",
      "geometry": {
        "type": "Point",
        "coordinates": [
          -1.659070341259771,
          48.11182361425645
        ]
      },
      "properties": {
        "source_id": 216187,
        "id_gestion": "0473AORN9285",
        "nom": "Hêtre pourpre",
        "nom_source": "Hêtre commun",
        "nom_scientifique": "Fagus sylvatica Purpurea",
        "espece": "sylvatica",
        "hauteur_m": 10,
        "circonference_cm": 70,
        "houppier_m": null,
        "hauteur_1_ere_feuille_m": null,
        "remarquable": null,
        "description": null,
        "photo_url": null,
        "model_3d_url": null,
        "date_plantation": null,
        "date_maj": null,
        "localisation": "Parc Hamelin Oberthür, Rennes",
        "type_taille": "Libre",
        "fonction": "Ornement",
        "source_properties": {
          "id": 216187,
          "localisation": "Parc Hamelin Oberthür, Rennes",
          "abattu": 0,
          "nom_commun": "Hêtre commun",
          "genre": "Fagus",
          "espece": "sylvatica",
          "variete": "Purpurea",
          "hauteur": 10,
          "circonference": 70,
          "houppier": null,
          "hauteur_1_ere_feuille": null,
          "date_plantation": null,
          "date_maj": null,
          "id_gestion": "0473AORN9285",
          "complement": "Non renseigné",
          "type_taille": "Libre",
          "fonction": "Ornement",
          "gml_id": "arbre.216187",
          "code_insee": "35238",
          "secteur": null,
          "id_regroupement": null,
          "classe_biodiv": null,
          "date_entretien": null,
          "frequence_entretien": null,
          "date_proch_entretien": null
        }
      }
    },
    {
      "type": "Feature",
      "id": "rennes-arbre-216188",
      "geometry": {
        "type": "Point",
        "coordinates": [
          -1.659480837656744,
          48.11157174665393
        ]
      },
      "properties": {
        "source_id": 216188,
        "id_gestion": "0473AORN9286",
        "nom": "Marronnier d'Inde",
        "nom_source": "Marronnier d'Inde",
        "nom_scientifique": "Aesculus hippocastanum",
        "espece": "hippocastanum",
        "hauteur_m": 20,
        "circonference_cm": 190,
        "houppier_m": null,
        "hauteur_1_ere_feuille_m": null,
        "remarquable": null,
        "description": null,
        "photo_url": null,
        "model_3d_url": null,
        "date_plantation": null,
        "date_maj": null,
        "localisation": "Parc Hamelin Oberthür, Rennes",
        "type_taille": "Libre",
        "fonction": "Ornement",
        "source_properties": {
          "id": 216188,
          "localisation": "Parc Hamelin Oberthür, Rennes",
          "abattu": 0,
          "nom_commun": "Marronnier d'Inde",
          "genre": "Aesculus",
          "espece": "hippocastanum",
          "variete": null,
          "hauteur": 20,
          "circonference": 190,
          "houppier": null,
          "hauteur_1_ere_feuille": null,
          "date_plantation": null,
          "date_maj": null,
          "id_gestion": "0473AORN9286",
          "complement": "Non renseigné",
          "type_taille": "Libre",
          "fonction": "Ornement",
          "gml_id": "arbre.216188",
          "code_insee": "35238",
          "secteur": null,
          "id_regroupement": null,
          "classe_biodiv": null,
          "date_entretien": null,
          "frequence_entretien": null,
          "date_proch_entretien": null
        }
      }
    },
    {
      "type": "Feature",
      "id": "rennes-arbre-216189",
      "geometry": {
        "type": "Point",
        "coordinates": [
          -1.659412317841431,
          48.11159604938625
        ]
      },
      "properties": {
        "source_id": 216189,
        "id_gestion": "0473AORN9287",
        "nom": "Tilleul à grandes feuilles",
        "nom_source": "Tilleul à grandes feuilles",
        "nom_scientifique": "Tilia platyphyllos",
        "espece": "platyphyllos",
        "hauteur_m": 20,
        "circonference_cm": 190,
        "houppier_m": null,
        "hauteur_1_ere_feuille_m": null,
        "remarquable": null,
        "description": null,
        "photo_url": null,
        "model_3d_url": null,
        "date_plantation": null,
        "date_maj": null,
        "localisation": "Parc Hamelin Oberthür, Rennes",
        "type_taille": "Libre",
        "fonction": "Ornement",
        "source_properties": {
          "id": 216189,
          "localisation": "Parc Hamelin Oberthür, Rennes",
          "abattu": 0,
          "nom_commun": "Tilleul à grandes feuilles",
          "genre": "Tilia",
          "espece": "platyphyllos",
          "variete": null,
          "hauteur": 20,
          "circonference": 190,
          "houppier": null,
          "hauteur_1_ere_feuille": null,
          "date_plantation": null,
          "date_maj": null,
          "id_gestion": "0473AORN9287",
          "complement": "Non renseigné",
          "type_taille": "Libre",
          "fonction": "Ornement",
          "gml_id": "arbre.216189",
          "code_insee": "35238",
          "secteur": null,
          "id_regroupement": null,
          "classe_biodiv": null,
          "date_entretien": null,
          "frequence_entretien": null,
          "date_proch_entretien": null
        }
      }
    },
    {
      "type": "Feature",
      "id": "rennes-arbre-216190",
      "geometry": {
        "type": "Point",
        "coordinates": [
          -1.659385925100082,
          48.11156482970417
        ]
      },
      "properties": {
        "source_id": 216190,
        "id_gestion": "0473AORN9288",
        "nom": "Tilleul à grandes feuilles",
        "nom_source": "Tilleul à grandes feuilles",
        "nom_scientifique": "Tilia platyphyllos",
        "espece": "platyphyllos",
        "hauteur_m": 20,
        "circonference_cm": 115,
        "houppier_m": null,
        "hauteur_1_ere_feuille_m": null,
        "remarquable": null,
        "description": null,
        "photo_url": null,
        "model_3d_url": null,
        "date_plantation": null,
        "date_maj": null,
        "localisation": "Parc Hamelin Oberthür, Rennes",
        "type_taille": "Libre",
        "fonction": "Ornement",
        "source_properties": {
          "id": 216190,
          "localisation": "Parc Hamelin Oberthür, Rennes",
          "abattu": 0,
          "nom_commun": "Tilleul à grandes feuilles",
          "genre": "Tilia",
          "espece": "platyphyllos",
          "variete": null,
          "hauteur": 20,
          "circonference": 115,
          "houppier": null,
          "hauteur_1_ere_feuille": null,
          "date_plantation": null,
          "date_maj": null,
          "id_gestion": "0473AORN9288",
          "complement": "Non renseigné",
          "type_taille": "Libre",
          "fonction": "Ornement",
          "gml_id": "arbre.216190",
          "code_insee": "35238",
          "secteur": null,
          "id_regroupement": null,
          "classe_biodiv": null,
          "date_entretien": null,
          "frequence_entretien": null,
          "date_proch_entretien": null
        }
      }
    },
    {
      "type": "Feature",
      "id": "rennes-arbre-216191",
      "geometry": {
        "type": "Point",
        "coordinates": [
          -1.659455935696751,
          48.11152145183354
        ]
      },
      "properties": {
        "source_id": 216191,
        "id_gestion": "0473AORN9289",
        "nom": "Tilleul à grandes feuilles",
        "nom_source": "Tilleul à grandes feuilles",
        "nom_scientifique": "Tilia platyphyllos",
        "espece": "platyphyllos",
        "hauteur_m": 20,
        "circonference_cm": 115,
        "houppier_m": null,
        "hauteur_1_ere_feuille_m": null,
        "remarquable": null,
        "description": null,
        "photo_url": null,
        "model_3d_url": null,
        "date_plantation": null,
        "date_maj": null,
        "localisation": "Parc Hamelin Oberthür, Rennes",
        "type_taille": "Libre",
        "fonction": "Ornement",
        "source_properties": {
          "id": 216191,
          "localisation": "Parc Hamelin Oberthür, Rennes",
          "abattu": 0,
          "nom_commun": "Tilleul à grandes feuilles",
          "genre": "Tilia",
          "espece": "platyphyllos",
          "variete": null,
          "hauteur": 20,
          "circonference": 115,
          "houppier": null,
          "hauteur_1_ere_feuille": null,
          "date_plantation": null,
          "date_maj": null,
          "id_gestion": "0473AORN9289",
          "complement": "Non renseigné",
          "type_taille": "Libre",
          "fonction": "Ornement",
          "gml_id": "arbre.216191",
          "code_insee": "35238",
          "secteur": null,
          "id_regroupement": null,
          "classe_biodiv": null,
          "date_entretien": null,
          "frequence_entretien": null,
          "date_proch_entretien": null
        }
      }
    },
    {
      "type": "Feature",
      "id": "rennes-arbre-216192",
      "geometry": {
        "type": "Point",
        "coordinates": [
          -1.65940483825908,
          48.111531056585235
        ]
      },
      "properties": {
        "source_id": 216192,
        "id_gestion": "0473AORN9290",
        "nom": "Erable sycomore",
        "nom_source": "Erable sycomore",
        "nom_scientifique": "Acer pseudoplatanus",
        "espece": "pseudoplatanus",
        "hauteur_m": 24,
        "circonference_cm": 190,
        "houppier_m": null,
        "hauteur_1_ere_feuille_m": null,
        "remarquable": null,
        "description": null,
        "photo_url": null,
        "model_3d_url": null,
        "date_plantation": null,
        "date_maj": null,
        "localisation": "Parc Hamelin Oberthür, Rennes",
        "type_taille": "Libre",
        "fonction": "Ornement",
        "source_properties": {
          "id": 216192,
          "localisation": "Parc Hamelin Oberthür, Rennes",
          "abattu": 0,
          "nom_commun": "Erable sycomore",
          "genre": "Acer",
          "espece": "pseudoplatanus",
          "variete": null,
          "hauteur": 24,
          "circonference": 190,
          "houppier": null,
          "hauteur_1_ere_feuille": null,
          "date_plantation": null,
          "date_maj": null,
          "id_gestion": "0473AORN9290",
          "complement": "Non renseigné",
          "type_taille": "Libre",
          "fonction": "Ornement",
          "gml_id": "arbre.216192",
          "code_insee": "35238",
          "secteur": null,
          "id_regroupement": null,
          "classe_biodiv": null,
          "date_entretien": null,
          "frequence_entretien": null,
          "date_proch_entretien": null
        }
      }
    },
    {
      "type": "Feature",
      "id": "rennes-arbre-216193",
      "geometry": {
        "type": "Point",
        "coordinates": [
          -1.659314534202924,
          48.11153363958521
        ]
      },
      "properties": {
        "source_id": 216193,
        "id_gestion": "0473AORN9291",
        "nom": "Erable sycomore",
        "nom_source": "Erable sycomore",
        "nom_scientifique": "Acer pseudoplatanus",
        "espece": "pseudoplatanus",
        "hauteur_m": 22,
        "circonference_cm": 190,
        "houppier_m": null,
        "hauteur_1_ere_feuille_m": null,
        "remarquable": null,
        "description": null,
        "photo_url": null,
        "model_3d_url": null,
        "date_plantation": null,
        "date_maj": null,
        "localisation": "Parc Hamelin Oberthür, Rennes",
        "type_taille": "Libre",
        "fonction": "Ornement",
        "source_properties": {
          "id": 216193,
          "localisation": "Parc Hamelin Oberthür, Rennes",
          "abattu": 0,
          "nom_commun": "Erable sycomore",
          "genre": "Acer",
          "espece": "pseudoplatanus",
          "variete": null,
          "hauteur": 22,
          "circonference": 190,
          "houppier": null,
          "hauteur_1_ere_feuille": null,
          "date_plantation": null,
          "date_maj": null,
          "id_gestion": "0473AORN9291",
          "complement": "Non renseigné",
          "type_taille": "Libre",
          "fonction": "Ornement",
          "gml_id": "arbre.216193",
          "code_insee": "35238",
          "secteur": null,
          "id_regroupement": null,
          "classe_biodiv": null,
          "date_entretien": null,
          "frequence_entretien": null,
          "date_proch_entretien": null
        }
      }
    },
    {
      "type": "Feature",
      "id": "rennes-arbre-216194",
      "geometry": {
        "type": "Point",
        "coordinates": [
          -1.659290886095283,
          48.11149973083861
        ]
      },
      "properties": {
        "source_id": 216194,
        "id_gestion": "0473AORN9292",
        "nom": "Chêne pédonculé",
        "nom_source": "Chêne pédonculé",
        "nom_scientifique": "Quercus robur",
        "espece": "robur",
        "hauteur_m": 15,
        "circonference_cm": 90,
        "houppier_m": null,
        "hauteur_1_ere_feuille_m": null,
        "remarquable": null,
        "description": null,
        "photo_url": null,
        "model_3d_url": null,
        "date_plantation": null,
        "date_maj": null,
        "localisation": "Parc Hamelin Oberthür, Rennes",
        "type_taille": "Libre",
        "fonction": "Ornement",
        "source_properties": {
          "id": 216194,
          "localisation": "Parc Hamelin Oberthür, Rennes",
          "abattu": 0,
          "nom_commun": "Chêne pédonculé",
          "genre": "Quercus",
          "espece": "robur",
          "variete": null,
          "hauteur": 15,
          "circonference": 90,
          "houppier": null,
          "hauteur_1_ere_feuille": null,
          "date_plantation": null,
          "date_maj": null,
          "id_gestion": "0473AORN9292",
          "complement": "Non renseigné",
          "type_taille": "Libre",
          "fonction": "Ornement",
          "gml_id": "arbre.216194",
          "code_insee": "35238",
          "secteur": null,
          "id_regroupement": null,
          "classe_biodiv": null,
          "date_entretien": null,
          "frequence_entretien": null,
          "date_proch_entretien": null
        }
      }
    },
    {
      "type": "Feature",
      "id": "rennes-arbre-216195",
      "geometry": {
        "type": "Point",
        "coordinates": [
          -1.659208555466347,
          48.111515801247975
        ]
      },
      "properties": {
        "source_id": 216195,
        "id_gestion": "0473AORN9293",
        "nom": "Chêne vert",
        "nom_source": "Chêne vert",
        "nom_scientifique": "Quercus ilex",
        "espece": "ilex",
        "hauteur_m": 8,
        "circonference_cm": 70,
        "houppier_m": null,
        "hauteur_1_ere_feuille_m": null,
        "remarquable": null,
        "description": null,
        "photo_url": null,
        "model_3d_url": null,
        "date_plantation": null,
        "date_maj": null,
        "localisation": "Parc Hamelin Oberthür, Rennes",
        "type_taille": "Libre",
        "fonction": "Ornement",
        "source_properties": {
          "id": 216195,
          "localisation": "Parc Hamelin Oberthür, Rennes",
          "abattu": 0,
          "nom_commun": "Chêne vert",
          "genre": "Quercus",
          "espece": "ilex",
          "variete": null,
          "hauteur": 8,
          "circonference": 70,
          "houppier": null,
          "hauteur_1_ere_feuille": null,
          "date_plantation": null,
          "date_maj": null,
          "id_gestion": "0473AORN9293",
          "complement": "Non renseigné",
          "type_taille": "Libre",
          "fonction": "Ornement",
          "gml_id": "arbre.216195",
          "code_insee": "35238",
          "secteur": null,
          "id_regroupement": null,
          "classe_biodiv": null,
          "date_entretien": null,
          "frequence_entretien": null,
          "date_proch_entretien": null
        }
      }
    },
    {
      "type": "Feature",
      "id": "rennes-arbre-216196",
      "geometry": {
        "type": "Point",
        "coordinates": [
          -1.659126927123712,
          48.111523384606535
        ]
      },
      "properties": {
        "source_id": 216196,
        "id_gestion": "0473AORN9294",
        "nom": "Hêtre commun",
        "nom_source": "Hêtre commun",
        "nom_scientifique": "Fagus sylvatica",
        "espece": "sylvatica",
        "hauteur_m": 7,
        "circonference_cm": 50,
        "houppier_m": null,
        "hauteur_1_ere_feuille_m": null,
        "remarquable": null,
        "description": null,
        "photo_url": null,
        "model_3d_url": null,
        "date_plantation": null,
        "date_maj": null,
        "localisation": "Parc Hamelin Oberthür, Rennes",
        "type_taille": "Libre",
        "fonction": "Ornement",
        "source_properties": {
          "id": 216196,
          "localisation": "Parc Hamelin Oberthür, Rennes",
          "abattu": 0,
          "nom_commun": "Hêtre commun",
          "genre": "Fagus",
          "espece": "sylvatica",
          "variete": null,
          "hauteur": 7,
          "circonference": 50,
          "houppier": null,
          "hauteur_1_ere_feuille": null,
          "date_plantation": null,
          "date_maj": null,
          "id_gestion": "0473AORN9294",
          "complement": "Non renseigné",
          "type_taille": "Libre",
          "fonction": "Ornement",
          "gml_id": "arbre.216196",
          "code_insee": "35238",
          "secteur": null,
          "id_regroupement": null,
          "classe_biodiv": null,
          "date_entretien": null,
          "frequence_entretien": null,
          "date_proch_entretien": null
        }
      }
    },
    {
      "type": "Feature",
      "id": "rennes-arbre-216197",
      "geometry": {
        "type": "Point",
        "coordinates": [
          -1.659128484423134,
          48.111585307018565
        ]
      },
      "properties": {
        "source_id": 216197,
        "id_gestion": "0473AORN9295",
        "nom": "Erable plane",
        "nom_source": "Erable plane",
        "nom_scientifique": "Acer platanoides",
        "espece": "platanoides",
        "hauteur_m": 22,
        "circonference_cm": 280,
        "houppier_m": null,
        "hauteur_1_ere_feuille_m": null,
        "remarquable": null,
        "description": null,
        "photo_url": null,
        "model_3d_url": null,
        "date_plantation": null,
        "date_maj": null,
        "localisation": "Parc Hamelin Oberthür, Rennes",
        "type_taille": "Libre",
        "fonction": "Ornement",
        "source_properties": {
          "id": 216197,
          "localisation": "Parc Hamelin Oberthür, Rennes",
          "abattu": 0,
          "nom_commun": "Erable plane",
          "genre": "Acer",
          "espece": "platanoides",
          "variete": null,
          "hauteur": 22,
          "circonference": 280,
          "houppier": null,
          "hauteur_1_ere_feuille": null,
          "date_plantation": null,
          "date_maj": null,
          "id_gestion": "0473AORN9295",
          "complement": "Non renseigné",
          "type_taille": "Libre",
          "fonction": "Ornement",
          "gml_id": "arbre.216197",
          "code_insee": "35238",
          "secteur": null,
          "id_regroupement": null,
          "classe_biodiv": null,
          "date_entretien": null,
          "frequence_entretien": null,
          "date_proch_entretien": null
        }
      }
    },
    {
      "type": "Feature",
      "id": "rennes-arbre-216198",
      "geometry": {
        "type": "Point",
        "coordinates": [
          -1.659126993503358,
          48.11160438216739
        ]
      },
      "properties": {
        "source_id": 216198,
        "id_gestion": "0473AORN9296",
        "nom": "Erable plane",
        "nom_source": "Erable plane",
        "nom_scientifique": "Acer platanoides",
        "espece": "platanoides",
        "hauteur_m": 22,
        "circonference_cm": 130,
        "houppier_m": null,
        "hauteur_1_ere_feuille_m": null,
        "remarquable": null,
        "description": null,
        "photo_url": null,
        "model_3d_url": null,
        "date_plantation": null,
        "date_maj": null,
        "localisation": "Parc Hamelin Oberthür, Rennes",
        "type_taille": "Libre",
        "fonction": "Ornement",
        "source_properties": {
          "id": 216198,
          "localisation": "Parc Hamelin Oberthür, Rennes",
          "abattu": 0,
          "nom_commun": "Erable plane",
          "genre": "Acer",
          "espece": "platanoides",
          "variete": null,
          "hauteur": 22,
          "circonference": 130,
          "houppier": null,
          "hauteur_1_ere_feuille": null,
          "date_plantation": null,
          "date_maj": null,
          "id_gestion": "0473AORN9296",
          "complement": "Non renseigné",
          "type_taille": "Libre",
          "fonction": "Ornement",
          "gml_id": "arbre.216198",
          "code_insee": "35238",
          "secteur": null,
          "id_regroupement": null,
          "classe_biodiv": null,
          "date_entretien": null,
          "frequence_entretien": null,
          "date_proch_entretien": null
        }
      }
    },
    {
      "type": "Feature",
      "id": "rennes-arbre-216199",
      "geometry": {
        "type": "Point",
        "coordinates": [
          -1.65921780745943,
          48.11165487641259
        ]
      },
      "properties": {
        "source_id": 216199,
        "id_gestion": "0473AORN9297",
        "nom": "Tilleul argenté",
        "nom_source": "Tilleul argenté",
        "nom_scientifique": "Tilia tomentosa",
        "espece": "tomentosa",
        "hauteur_m": 24,
        "circonference_cm": 220,
        "houppier_m": null,
        "hauteur_1_ere_feuille_m": null,
        "remarquable": null,
        "description": null,
        "photo_url": null,
        "model_3d_url": null,
        "date_plantation": null,
        "date_maj": null,
        "localisation": "Parc Hamelin Oberthür, Rennes",
        "type_taille": "Libre",
        "fonction": "Ornement",
        "source_properties": {
          "id": 216199,
          "localisation": "Parc Hamelin Oberthür, Rennes",
          "abattu": 0,
          "nom_commun": "Tilleul argenté",
          "genre": "Tilia",
          "espece": "tomentosa",
          "variete": null,
          "hauteur": 24,
          "circonference": 220,
          "houppier": null,
          "hauteur_1_ere_feuille": null,
          "date_plantation": null,
          "date_maj": null,
          "id_gestion": "0473AORN9297",
          "complement": "Non renseigné",
          "type_taille": "Libre",
          "fonction": "Ornement",
          "gml_id": "arbre.216199",
          "code_insee": "35238",
          "secteur": null,
          "id_regroupement": null,
          "classe_biodiv": null,
          "date_entretien": null,
          "frequence_entretien": null,
          "date_proch_entretien": null
        }
      }
    },
    {
      "type": "Feature",
      "id": "rennes-arbre-216200",
      "geometry": {
        "type": "Point",
        "coordinates": [
          -1.65906593825243,
          48.111681659360485
        ]
      },
      "properties": {
        "source_id": 216200,
        "id_gestion": "0473AORN9298",
        "nom": "Chêne pédonculé",
        "nom_source": "Chêne pédonculé",
        "nom_scientifique": "Quercus robur",
        "espece": "robur",
        "hauteur_m": 8,
        "circonference_cm": 45,
        "houppier_m": null,
        "hauteur_1_ere_feuille_m": null,
        "remarquable": null,
        "description": null,
        "photo_url": null,
        "model_3d_url": null,
        "date_plantation": null,
        "date_maj": null,
        "localisation": "Parc Hamelin Oberthür, Rennes",
        "type_taille": "Libre",
        "fonction": "Ornement",
        "source_properties": {
          "id": 216200,
          "localisation": "Parc Hamelin Oberthür, Rennes",
          "abattu": 0,
          "nom_commun": "Chêne pédonculé",
          "genre": "Quercus",
          "espece": "robur",
          "variete": null,
          "hauteur": 8,
          "circonference": 45,
          "houppier": null,
          "hauteur_1_ere_feuille": null,
          "date_plantation": null,
          "date_maj": null,
          "id_gestion": "0473AORN9298",
          "complement": "Non renseigné",
          "type_taille": "Libre",
          "fonction": "Ornement",
          "gml_id": "arbre.216200",
          "code_insee": "35238",
          "secteur": null,
          "id_regroupement": null,
          "classe_biodiv": null,
          "date_entretien": null,
          "frequence_entretien": null,
          "date_proch_entretien": null
        }
      }
    },
    {
      "type": "Feature",
      "id": "rennes-arbre-216201",
      "geometry": {
        "type": "Point",
        "coordinates": [
          -1.659063317203081,
          48.11162457659272
        ]
      },
      "properties": {
        "source_id": 216201,
        "id_gestion": "0473AORN9299",
        "nom": "Erable plane",
        "nom_source": "Erable plane",
        "nom_scientifique": "Acer platanoides",
        "espece": "platanoides",
        "hauteur_m": 22,
        "circonference_cm": 160,
        "houppier_m": null,
        "hauteur_1_ere_feuille_m": null,
        "remarquable": null,
        "description": null,
        "photo_url": null,
        "model_3d_url": null,
        "date_plantation": null,
        "date_maj": null,
        "localisation": "Parc Hamelin Oberthür, Rennes",
        "type_taille": "Libre",
        "fonction": "Ornement",
        "source_properties": {
          "id": 216201,
          "localisation": "Parc Hamelin Oberthür, Rennes",
          "abattu": 0,
          "nom_commun": "Erable plane",
          "genre": "Acer",
          "espece": "platanoides",
          "variete": null,
          "hauteur": 22,
          "circonference": 160,
          "houppier": null,
          "hauteur_1_ere_feuille": null,
          "date_plantation": null,
          "date_maj": null,
          "id_gestion": "0473AORN9299",
          "complement": "Non renseigné",
          "type_taille": "Libre",
          "fonction": "Ornement",
          "gml_id": "arbre.216201",
          "code_insee": "35238",
          "secteur": null,
          "id_regroupement": null,
          "classe_biodiv": null,
          "date_entretien": null,
          "frequence_entretien": null,
          "date_proch_entretien": null
        }
      }
    },
    {
      "type": "Feature",
      "id": "rennes-arbre-216202",
      "geometry": {
        "type": "Point",
        "coordinates": [
          -1.658951386165427,
          48.1115919647259
        ]
      },
      "properties": {
        "source_id": 216202,
        "id_gestion": "0473AORN9300",
        "nom": "Chêne pédonculé",
        "nom_source": "Chêne pédonculé",
        "nom_scientifique": "Quercus robur",
        "espece": "robur",
        "hauteur_m": 12,
        "circonference_cm": 90,
        "houppier_m": null,
        "hauteur_1_ere_feuille_m": null,
        "remarquable": null,
        "description": null,
        "photo_url": null,
        "model_3d_url": null,
        "date_plantation": null,
        "date_maj": null,
        "localisation": "Parc Hamelin Oberthür, Rennes",
        "type_taille": "Libre",
        "fonction": "Ornement",
        "source_properties": {
          "id": 216202,
          "localisation": "Parc Hamelin Oberthür, Rennes",
          "abattu": 0,
          "nom_commun": "Chêne pédonculé",
          "genre": "Quercus",
          "espece": "robur",
          "variete": null,
          "hauteur": 12,
          "circonference": 90,
          "houppier": null,
          "hauteur_1_ere_feuille": null,
          "date_plantation": null,
          "date_maj": null,
          "id_gestion": "0473AORN9300",
          "complement": "Non renseigné",
          "type_taille": "Libre",
          "fonction": "Ornement",
          "gml_id": "arbre.216202",
          "code_insee": "35238",
          "secteur": null,
          "id_regroupement": null,
          "classe_biodiv": null,
          "date_entretien": null,
          "frequence_entretien": null,
          "date_proch_entretien": null
        }
      }
    },
    {
      "type": "Feature",
      "id": "rennes-arbre-216203",
      "geometry": {
        "type": "Point",
        "coordinates": [
          -1.658937517276454,
          48.11161129588408
        ]
      },
      "properties": {
        "source_id": 216203,
        "id_gestion": "0473AORN9301",
        "nom": "Chêne vert",
        "nom_source": "Chêne vert",
        "nom_scientifique": "Quercus ilex",
        "espece": "ilex",
        "hauteur_m": 5,
        "circonference_cm": 50,
        "houppier_m": null,
        "hauteur_1_ere_feuille_m": null,
        "remarquable": null,
        "description": null,
        "photo_url": null,
        "model_3d_url": null,
        "date_plantation": null,
        "date_maj": null,
        "localisation": "Parc Hamelin Oberthür, Rennes",
        "type_taille": "Libre",
        "fonction": "Ornement",
        "source_properties": {
          "id": 216203,
          "localisation": "Parc Hamelin Oberthür, Rennes",
          "abattu": 0,
          "nom_commun": "Chêne vert",
          "genre": "Quercus",
          "espece": "ilex",
          "variete": null,
          "hauteur": 5,
          "circonference": 50,
          "houppier": null,
          "hauteur_1_ere_feuille": null,
          "date_plantation": null,
          "date_maj": null,
          "id_gestion": "0473AORN9301",
          "complement": "Non renseigné",
          "type_taille": "Libre",
          "fonction": "Ornement",
          "gml_id": "arbre.216203",
          "code_insee": "35238",
          "secteur": null,
          "id_regroupement": null,
          "classe_biodiv": null,
          "date_entretien": null,
          "frequence_entretien": null,
          "date_proch_entretien": null
        }
      }
    },
    {
      "type": "Feature",
      "id": "rennes-arbre-216204",
      "geometry": {
        "type": "Point",
        "coordinates": [
          -1.658850827645341,
          48.111623169813356
        ]
      },
      "properties": {
        "source_id": 216204,
        "id_gestion": "0473AORN9302",
        "nom": "Chêne vert",
        "nom_source": "Chêne vert",
        "nom_scientifique": "Quercus ilex",
        "espece": "ilex",
        "hauteur_m": 9,
        "circonference_cm": 70,
        "houppier_m": null,
        "hauteur_1_ere_feuille_m": null,
        "remarquable": null,
        "description": null,
        "photo_url": null,
        "model_3d_url": null,
        "date_plantation": null,
        "date_maj": null,
        "localisation": "Parc Hamelin Oberthür, Rennes",
        "type_taille": "Libre",
        "fonction": "Ornement",
        "source_properties": {
          "id": 216204,
          "localisation": "Parc Hamelin Oberthür, Rennes",
          "abattu": 0,
          "nom_commun": "Chêne vert",
          "genre": "Quercus",
          "espece": "ilex",
          "variete": null,
          "hauteur": 9,
          "circonference": 70,
          "houppier": null,
          "hauteur_1_ere_feuille": null,
          "date_plantation": null,
          "date_maj": null,
          "id_gestion": "0473AORN9302",
          "complement": "Non renseigné",
          "type_taille": "Libre",
          "fonction": "Ornement",
          "gml_id": "arbre.216204",
          "code_insee": "35238",
          "secteur": null,
          "id_regroupement": null,
          "classe_biodiv": null,
          "date_entretien": null,
          "frequence_entretien": null,
          "date_proch_entretien": null
        }
      }
    },
    {
      "type": "Feature",
      "id": "rennes-arbre-216205",
      "geometry": {
        "type": "Point",
        "coordinates": [
          -1.658874679213211,
          48.11164701441888
        ]
      },
      "properties": {
        "source_id": 216205,
        "id_gestion": "0473AORN9303",
        "nom": "Erable plane",
        "nom_source": "Erable plane",
        "nom_scientifique": "Acer platanoides",
        "espece": "platanoides",
        "hauteur_m": 22,
        "circonference_cm": 110,
        "houppier_m": null,
        "hauteur_1_ere_feuille_m": null,
        "remarquable": null,
        "description": null,
        "photo_url": null,
        "model_3d_url": null,
        "date_plantation": null,
        "date_maj": null,
        "localisation": "Parc Hamelin Oberthür, Rennes",
        "type_taille": "Libre",
        "fonction": "Ornement",
        "source_properties": {
          "id": 216205,
          "localisation": "Parc Hamelin Oberthür, Rennes",
          "abattu": 0,
          "nom_commun": "Erable plane",
          "genre": "Acer",
          "espece": "platanoides",
          "variete": null,
          "hauteur": 22,
          "circonference": 110,
          "houppier": null,
          "hauteur_1_ere_feuille": null,
          "date_plantation": null,
          "date_maj": null,
          "id_gestion": "0473AORN9303",
          "complement": "Non renseigné",
          "type_taille": "Libre",
          "fonction": "Ornement",
          "gml_id": "arbre.216205",
          "code_insee": "35238",
          "secteur": null,
          "id_regroupement": null,
          "classe_biodiv": null,
          "date_entretien": null,
          "frequence_entretien": null,
          "date_proch_entretien": null
        }
      }
    },
    {
      "type": "Feature",
      "id": "rennes-arbre-216206",
      "geometry": {
        "type": "Point",
        "coordinates": [
          -1.658926121594255,
          48.111716765232025
        ]
      },
      "properties": {
        "source_id": 216206,
        "id_gestion": "0473AORN9304",
        "nom": "Cytise",
        "nom_source": "Cytise",
        "nom_scientifique": "Laburnum anagyroides",
        "espece": "anagyroides",
        "hauteur_m": 5,
        "circonference_cm": 50,
        "houppier_m": null,
        "hauteur_1_ere_feuille_m": null,
        "remarquable": null,
        "description": null,
        "photo_url": null,
        "model_3d_url": null,
        "date_plantation": null,
        "date_maj": null,
        "localisation": "Parc Hamelin Oberthür, Rennes",
        "type_taille": "Libre",
        "fonction": "Ornement",
        "source_properties": {
          "id": 216206,
          "localisation": "Parc Hamelin Oberthür, Rennes",
          "abattu": 0,
          "nom_commun": "Cytise",
          "genre": "Laburnum",
          "espece": "anagyroides",
          "variete": null,
          "hauteur": 5,
          "circonference": 50,
          "houppier": null,
          "hauteur_1_ere_feuille": null,
          "date_plantation": null,
          "date_maj": null,
          "id_gestion": "0473AORN9304",
          "complement": "Non renseigné",
          "type_taille": "Libre",
          "fonction": "Ornement",
          "gml_id": "arbre.216206",
          "code_insee": "35238",
          "secteur": null,
          "id_regroupement": null,
          "classe_biodiv": null,
          "date_entretien": null,
          "frequence_entretien": null,
          "date_proch_entretien": null
        }
      }
    },
    {
      "type": "Feature",
      "id": "rennes-arbre-216207",
      "geometry": {
        "type": "Point",
        "coordinates": [
          -1.658871156846784,
          48.11170881387591
        ]
      },
      "properties": {
        "source_id": 216207,
        "id_gestion": "0473AORN9305",
        "nom": "Erable sycomore",
        "nom_source": "Erable sycomore",
        "nom_scientifique": "Acer pseudoplatanus",
        "espece": "pseudoplatanus",
        "hauteur_m": 3,
        "circonference_cm": 200,
        "houppier_m": null,
        "hauteur_1_ere_feuille_m": null,
        "remarquable": null,
        "description": null,
        "photo_url": null,
        "model_3d_url": null,
        "date_plantation": null,
        "date_maj": null,
        "localisation": "Parc Hamelin Oberthür, Rennes",
        "type_taille": "Totem",
        "fonction": "Ornement",
        "source_properties": {
          "id": 216207,
          "localisation": "Parc Hamelin Oberthür, Rennes",
          "abattu": 0,
          "nom_commun": "Erable sycomore",
          "genre": "Acer",
          "espece": "pseudoplatanus",
          "variete": null,
          "hauteur": 3,
          "circonference": 200,
          "houppier": 0,
          "hauteur_1_ere_feuille": 0,
          "date_plantation": null,
          "date_maj": null,
          "id_gestion": "0473AORN9305",
          "complement": "Non renseigné",
          "type_taille": "Totem",
          "fonction": "Ornement",
          "gml_id": "arbre.216207",
          "code_insee": "35238",
          "secteur": null,
          "id_regroupement": null,
          "classe_biodiv": null,
          "date_entretien": null,
          "frequence_entretien": null,
          "date_proch_entretien": null
        }
      }
    },
    {
      "type": "Feature",
      "id": "rennes-arbre-216208",
      "geometry": {
        "type": "Point",
        "coordinates": [
          -1.658836919558915,
          48.111729534758034
        ]
      },
      "properties": {
        "source_id": 216208,
        "id_gestion": "0473AORN9306",
        "nom": "Erable sycomore",
        "nom_source": "Erable sycomore",
        "nom_scientifique": "Acer pseudoplatanus",
        "espece": "pseudoplatanus",
        "hauteur_m": 12,
        "circonference_cm": 65,
        "houppier_m": null,
        "hauteur_1_ere_feuille_m": null,
        "remarquable": null,
        "description": null,
        "photo_url": null,
        "model_3d_url": null,
        "date_plantation": null,
        "date_maj": null,
        "localisation": "Parc Hamelin Oberthür, Rennes",
        "type_taille": "Libre",
        "fonction": "Ornement",
        "source_properties": {
          "id": 216208,
          "localisation": "Parc Hamelin Oberthür, Rennes",
          "abattu": 0,
          "nom_commun": "Erable sycomore",
          "genre": "Acer",
          "espece": "pseudoplatanus",
          "variete": null,
          "hauteur": 12,
          "circonference": 65,
          "houppier": null,
          "hauteur_1_ere_feuille": null,
          "date_plantation": null,
          "date_maj": null,
          "id_gestion": "0473AORN9306",
          "complement": "Non renseigné",
          "type_taille": "Libre",
          "fonction": "Ornement",
          "gml_id": "arbre.216208",
          "code_insee": "35238",
          "secteur": null,
          "id_regroupement": null,
          "classe_biodiv": null,
          "date_entretien": null,
          "frequence_entretien": null,
          "date_proch_entretien": null
        }
      }
    },
    {
      "type": "Feature",
      "id": "rennes-arbre-216209",
      "geometry": {
        "type": "Point",
        "coordinates": [
          -1.658702886934384,
          48.111611401076026
        ]
      },
      "properties": {
        "source_id": 216209,
        "id_gestion": "0473AORN9307",
        "nom": "Houx",
        "nom_source": "Houx",
        "nom_scientifique": "Ilex aquifolium",
        "espece": "aquifolium",
        "hauteur_m": 6,
        "circonference_cm": 50,
        "houppier_m": null,
        "hauteur_1_ere_feuille_m": null,
        "remarquable": null,
        "description": null,
        "photo_url": null,
        "model_3d_url": null,
        "date_plantation": null,
        "date_maj": null,
        "localisation": "Parc Hamelin Oberthür, Rennes",
        "type_taille": "Libre",
        "fonction": "Ornement",
        "source_properties": {
          "id": 216209,
          "localisation": "Parc Hamelin Oberthür, Rennes",
          "abattu": 0,
          "nom_commun": "Houx",
          "genre": "Ilex",
          "espece": "aquifolium",
          "variete": null,
          "hauteur": 6,
          "circonference": 50,
          "houppier": null,
          "hauteur_1_ere_feuille": null,
          "date_plantation": null,
          "date_maj": null,
          "id_gestion": "0473AORN9307",
          "complement": "Non renseigné",
          "type_taille": "Libre",
          "fonction": "Ornement",
          "gml_id": "arbre.216209",
          "code_insee": "35238",
          "secteur": null,
          "id_regroupement": null,
          "classe_biodiv": null,
          "date_entretien": null,
          "frequence_entretien": null,
          "date_proch_entretien": null
        }
      }
    },
    {
      "type": "Feature",
      "id": "rennes-arbre-216210",
      "geometry": {
        "type": "Point",
        "coordinates": [
          -1.658637145135406,
          48.11165855195291
        ]
      },
      "properties": {
        "source_id": 216210,
        "id_gestion": "0473AORN9308",
        "nom": "Palmier de Chine",
        "nom_source": "Palmier de Chine",
        "nom_scientifique": "Trachycarpus fortunei",
        "espece": "fortunei",
        "hauteur_m": 4,
        "circonference_cm": 60,
        "houppier_m": null,
        "hauteur_1_ere_feuille_m": null,
        "remarquable": null,
        "description": null,
        "photo_url": null,
        "model_3d_url": null,
        "date_plantation": null,
        "date_maj": null,
        "localisation": "Parc Hamelin Oberthür, Rennes",
        "type_taille": "Libre",
        "fonction": "Ornement",
        "source_properties": {
          "id": 216210,
          "localisation": "Parc Hamelin Oberthür, Rennes",
          "abattu": 0,
          "nom_commun": "Palmier de Chine",
          "genre": "Trachycarpus",
          "espece": "fortunei",
          "variete": null,
          "hauteur": 4,
          "circonference": 60,
          "houppier": null,
          "hauteur_1_ere_feuille": null,
          "date_plantation": null,
          "date_maj": null,
          "id_gestion": "0473AORN9308",
          "complement": "Non renseigné",
          "type_taille": "Libre",
          "fonction": "Ornement",
          "gml_id": "arbre.216210",
          "code_insee": "35238",
          "secteur": null,
          "id_regroupement": null,
          "classe_biodiv": null,
          "date_entretien": null,
          "frequence_entretien": null,
          "date_proch_entretien": null
        }
      }
    },
    {
      "type": "Feature",
      "id": "rennes-arbre-216211",
      "geometry": {
        "type": "Point",
        "coordinates": [
          -1.659213194927093,
          48.111972516607636
        ]
      },
      "properties": {
        "source_id": 216211,
        "id_gestion": "0473AORN9309",
        "nom": "Hêtre commun",
        "nom_source": "Hêtre commun",
        "nom_scientifique": "Fagus sylvatica",
        "espece": "sylvatica",
        "hauteur_m": 12,
        "circonference_cm": 80,
        "houppier_m": null,
        "hauteur_1_ere_feuille_m": null,
        "remarquable": null,
        "description": null,
        "photo_url": null,
        "model_3d_url": null,
        "date_plantation": null,
        "date_maj": null,
        "localisation": "Parc Hamelin Oberthür, Rennes",
        "type_taille": "Libre",
        "fonction": "Ornement",
        "source_properties": {
          "id": 216211,
          "localisation": "Parc Hamelin Oberthür, Rennes",
          "abattu": 0,
          "nom_commun": "Hêtre commun",
          "genre": "Fagus",
          "espece": "sylvatica",
          "variete": null,
          "hauteur": 12,
          "circonference": 80,
          "houppier": null,
          "hauteur_1_ere_feuille": null,
          "date_plantation": null,
          "date_maj": null,
          "id_gestion": "0473AORN9309",
          "complement": "Non renseigné",
          "type_taille": "Libre",
          "fonction": "Ornement",
          "gml_id": "arbre.216211",
          "code_insee": "35238",
          "secteur": null,
          "id_regroupement": null,
          "classe_biodiv": null,
          "date_entretien": null,
          "frequence_entretien": null,
          "date_proch_entretien": null
        }
      }
    },
    {
      "type": "Feature",
      "id": "rennes-arbre-216212",
      "geometry": {
        "type": "Point",
        "coordinates": [
          -1.659202659118577,
          48.1119196265357
        ]
      },
      "properties": {
        "source_id": 216212,
        "id_gestion": "0473AORN9310",
        "nom": "Sapin du Colorado",
        "nom_source": "Sapin du Colorado",
        "nom_scientifique": "Abies concolor",
        "espece": "concolor",
        "hauteur_m": 10,
        "circonference_cm": 105,
        "houppier_m": null,
        "hauteur_1_ere_feuille_m": null,
        "remarquable": null,
        "description": null,
        "photo_url": null,
        "model_3d_url": null,
        "date_plantation": null,
        "date_maj": null,
        "localisation": null,
        "type_taille": "Libre",
        "fonction": "Ornement",
        "source_properties": {
          "id": 216212,
          "localisation": null,
          "abattu": 0,
          "nom_commun": "Sapin du Colorado",
          "genre": "Abies",
          "espece": "concolor",
          "variete": null,
          "hauteur": 10,
          "circonference": 105,
          "houppier": null,
          "hauteur_1_ere_feuille": null,
          "date_plantation": null,
          "date_maj": null,
          "id_gestion": "0473AORN9310",
          "complement": "Non renseigné",
          "type_taille": "Libre",
          "fonction": "Ornement",
          "gml_id": "arbre.216212",
          "code_insee": "35238",
          "secteur": null,
          "id_regroupement": null,
          "classe_biodiv": null,
          "date_entretien": null,
          "frequence_entretien": null,
          "date_proch_entretien": null
        }
      }
    },
    {
      "type": "Feature",
      "id": "rennes-arbre-216213",
      "geometry": {
        "type": "Point",
        "coordinates": [
          -1.659045880484592,
          48.11203046484968
        ]
      },
      "properties": {
        "source_id": 216213,
        "id_gestion": "0473AORN9311",
        "nom": "Hêtre commun",
        "nom_source": "Hêtre commun",
        "nom_scientifique": "Fagus sylvatica",
        "espece": "sylvatica",
        "hauteur_m": 8,
        "circonference_cm": 35,
        "houppier_m": null,
        "hauteur_1_ere_feuille_m": null,
        "remarquable": null,
        "description": null,
        "photo_url": null,
        "model_3d_url": null,
        "date_plantation": null,
        "date_maj": null,
        "localisation": "Parc Hamelin Oberthür, Rennes",
        "type_taille": "Libre",
        "fonction": "Ornement",
        "source_properties": {
          "id": 216213,
          "localisation": "Parc Hamelin Oberthür, Rennes",
          "abattu": 0,
          "nom_commun": "Hêtre commun",
          "genre": "Fagus",
          "espece": "sylvatica",
          "variete": null,
          "hauteur": 8,
          "circonference": 35,
          "houppier": null,
          "hauteur_1_ere_feuille": null,
          "date_plantation": null,
          "date_maj": null,
          "id_gestion": "0473AORN9311",
          "complement": "Non renseigné",
          "type_taille": "Libre",
          "fonction": "Ornement",
          "gml_id": "arbre.216213",
          "code_insee": "35238",
          "secteur": null,
          "id_regroupement": null,
          "classe_biodiv": null,
          "date_entretien": null,
          "frequence_entretien": null,
          "date_proch_entretien": null
        }
      }
    },
    {
      "type": "Feature",
      "id": "rennes-arbre-216214",
      "geometry": {
        "type": "Point",
        "coordinates": [
          -1.65904624049097,
          48.11200861132367
        ]
      },
      "properties": {
        "source_id": 216214,
        "id_gestion": "0473AORN9312",
        "nom": "Merisier",
        "nom_source": "Merisier",
        "nom_scientifique": "Prunus avium",
        "espece": "avium",
        "hauteur_m": 10,
        "circonference_cm": 50,
        "houppier_m": null,
        "hauteur_1_ere_feuille_m": null,
        "remarquable": null,
        "description": null,
        "photo_url": null,
        "model_3d_url": null,
        "date_plantation": null,
        "date_maj": null,
        "localisation": "Parc Hamelin Oberthür, Rennes",
        "type_taille": "Libre",
        "fonction": "Ornement",
        "source_properties": {
          "id": 216214,
          "localisation": "Parc Hamelin Oberthür, Rennes",
          "abattu": 0,
          "nom_commun": "Merisier",
          "genre": "Prunus",
          "espece": "avium",
          "variete": null,
          "hauteur": 10,
          "circonference": 50,
          "houppier": null,
          "hauteur_1_ere_feuille": null,
          "date_plantation": null,
          "date_maj": null,
          "id_gestion": "0473AORN9312",
          "complement": "Non renseigné",
          "type_taille": "Libre",
          "fonction": "Ornement",
          "gml_id": "arbre.216214",
          "code_insee": "35238",
          "secteur": null,
          "id_regroupement": null,
          "classe_biodiv": null,
          "date_entretien": null,
          "frequence_entretien": null,
          "date_proch_entretien": null
        }
      }
    },
    {
      "type": "Feature",
      "id": "rennes-arbre-216215",
      "geometry": {
        "type": "Point",
        "coordinates": [
          -1.658807702886224,
          48.11189836797528
        ]
      },
      "properties": {
        "source_id": 216215,
        "id_gestion": "0473AORN9313",
        "nom": "Tilleul à grandes feuilles",
        "nom_source": "Tilleul à grandes feuilles",
        "nom_scientifique": "Tilia platyphyllos",
        "espece": "platyphyllos",
        "hauteur_m": 20,
        "circonference_cm": 170,
        "houppier_m": null,
        "hauteur_1_ere_feuille_m": null,
        "remarquable": null,
        "description": null,
        "photo_url": null,
        "model_3d_url": null,
        "date_plantation": null,
        "date_maj": null,
        "localisation": "Parc Hamelin Oberthür, Rennes",
        "type_taille": "Libre",
        "fonction": "Ornement",
        "source_properties": {
          "id": 216215,
          "localisation": "Parc Hamelin Oberthür, Rennes",
          "abattu": 0,
          "nom_commun": "Tilleul à grandes feuilles",
          "genre": "Tilia",
          "espece": "platyphyllos",
          "variete": null,
          "hauteur": 20,
          "circonference": 170,
          "houppier": null,
          "hauteur_1_ere_feuille": null,
          "date_plantation": null,
          "date_maj": null,
          "id_gestion": "0473AORN9313",
          "complement": "Non renseigné",
          "type_taille": "Libre",
          "fonction": "Ornement",
          "gml_id": "arbre.216215",
          "code_insee": "35238",
          "secteur": null,
          "id_regroupement": null,
          "classe_biodiv": null,
          "date_entretien": null,
          "frequence_entretien": null,
          "date_proch_entretien": null
        }
      }
    },
    {
      "type": "Feature",
      "id": "rennes-arbre-216216",
      "geometry": {
        "type": "Point",
        "coordinates": [
          -1.658581799514431,
          48.111727658116784
        ]
      },
      "properties": {
        "source_id": 216216,
        "id_gestion": "0473AORN9314",
        "nom": "If commun",
        "nom_source": "If commun",
        "nom_scientifique": "Taxus baccata",
        "espece": "baccata",
        "hauteur_m": 12,
        "circonference_cm": 200,
        "houppier_m": null,
        "hauteur_1_ere_feuille_m": null,
        "remarquable": null,
        "description": null,
        "photo_url": null,
        "model_3d_url": null,
        "date_plantation": null,
        "date_maj": null,
        "localisation": "Parc Hamelin Oberthür, Rennes",
        "type_taille": "Libre",
        "fonction": "Ornement",
        "source_properties": {
          "id": 216216,
          "localisation": "Parc Hamelin Oberthür, Rennes",
          "abattu": 0,
          "nom_commun": "If commun",
          "genre": "Taxus",
          "espece": "baccata",
          "variete": null,
          "hauteur": 12,
          "circonference": 200,
          "houppier": null,
          "hauteur_1_ere_feuille": null,
          "date_plantation": null,
          "date_maj": null,
          "id_gestion": "0473AORN9314",
          "complement": "Non renseigné",
          "type_taille": "Libre",
          "fonction": "Ornement",
          "gml_id": "arbre.216216",
          "code_insee": "35238",
          "secteur": null,
          "id_regroupement": null,
          "classe_biodiv": null,
          "date_entretien": null,
          "frequence_entretien": null,
          "date_proch_entretien": null
        }
      }
    },
    {
      "type": "Feature",
      "id": "rennes-arbre-216217",
      "geometry": {
        "type": "Point",
        "coordinates": [
          -1.658487048305606,
          48.11175653444448
        ]
      },
      "properties": {
        "source_id": 216217,
        "id_gestion": "0473AORN9315",
        "nom": "If commun",
        "nom_source": "If commun",
        "nom_scientifique": "Taxus baccata",
        "espece": "baccata",
        "hauteur_m": 12,
        "circonference_cm": 200,
        "houppier_m": null,
        "hauteur_1_ere_feuille_m": null,
        "remarquable": null,
        "description": null,
        "photo_url": null,
        "model_3d_url": null,
        "date_plantation": null,
        "date_maj": null,
        "localisation": "Parc Hamelin Oberthür, Rennes",
        "type_taille": "Libre",
        "fonction": "Ornement",
        "source_properties": {
          "id": 216217,
          "localisation": "Parc Hamelin Oberthür, Rennes",
          "abattu": 0,
          "nom_commun": "If commun",
          "genre": "Taxus",
          "espece": "baccata",
          "variete": null,
          "hauteur": 12,
          "circonference": 200,
          "houppier": null,
          "hauteur_1_ere_feuille": null,
          "date_plantation": null,
          "date_maj": null,
          "id_gestion": "0473AORN9315",
          "complement": "Non renseigné",
          "type_taille": "Libre",
          "fonction": "Ornement",
          "gml_id": "arbre.216217",
          "code_insee": "35238",
          "secteur": null,
          "id_regroupement": null,
          "classe_biodiv": null,
          "date_entretien": null,
          "frequence_entretien": null,
          "date_proch_entretien": null
        }
      }
    },
    {
      "type": "Feature",
      "id": "rennes-arbre-216218",
      "geometry": {
        "type": "Point",
        "coordinates": [
          -1.658422839632952,
          48.11174277802842
        ]
      },
      "properties": {
        "source_id": 216218,
        "id_gestion": "0473AORN9316",
        "nom": "If commun",
        "nom_source": "If commun",
        "nom_scientifique": "Taxus baccata",
        "espece": "baccata",
        "hauteur_m": 12,
        "circonference_cm": 200,
        "houppier_m": null,
        "hauteur_1_ere_feuille_m": null,
        "remarquable": null,
        "description": null,
        "photo_url": null,
        "model_3d_url": null,
        "date_plantation": null,
        "date_maj": null,
        "localisation": "Parc Hamelin Oberthür, Rennes",
        "type_taille": "Libre",
        "fonction": "Ornement",
        "source_properties": {
          "id": 216218,
          "localisation": "Parc Hamelin Oberthür, Rennes",
          "abattu": 0,
          "nom_commun": "If commun",
          "genre": "Taxus",
          "espece": "baccata",
          "variete": null,
          "hauteur": 12,
          "circonference": 200,
          "houppier": null,
          "hauteur_1_ere_feuille": null,
          "date_plantation": null,
          "date_maj": null,
          "id_gestion": "0473AORN9316",
          "complement": "Non renseigné",
          "type_taille": "Libre",
          "fonction": "Ornement",
          "gml_id": "arbre.216218",
          "code_insee": "35238",
          "secteur": null,
          "id_regroupement": null,
          "classe_biodiv": null,
          "date_entretien": null,
          "frequence_entretien": null,
          "date_proch_entretien": null
        }
      }
    },
    {
      "type": "Feature",
      "id": "rennes-arbre-216219",
      "geometry": {
        "type": "Point",
        "coordinates": [
          -1.658454139698677,
          48.11182212366209
        ]
      },
      "properties": {
        "source_id": 216219,
        "id_gestion": "0473AORN9317",
        "nom": "If commun",
        "nom_source": "If commun",
        "nom_scientifique": "Taxus baccata",
        "espece": "baccata",
        "hauteur_m": 12,
        "circonference_cm": 200,
        "houppier_m": null,
        "hauteur_1_ere_feuille_m": null,
        "remarquable": null,
        "description": null,
        "photo_url": null,
        "model_3d_url": null,
        "date_plantation": null,
        "date_maj": null,
        "localisation": "Parc Hamelin Oberthür, Rennes",
        "type_taille": "Libre",
        "fonction": "Ornement",
        "source_properties": {
          "id": 216219,
          "localisation": "Parc Hamelin Oberthür, Rennes",
          "abattu": 0,
          "nom_commun": "If commun",
          "genre": "Taxus",
          "espece": "baccata",
          "variete": null,
          "hauteur": 12,
          "circonference": 200,
          "houppier": null,
          "hauteur_1_ere_feuille": null,
          "date_plantation": null,
          "date_maj": null,
          "id_gestion": "0473AORN9317",
          "complement": "Non renseigné",
          "type_taille": "Libre",
          "fonction": "Ornement",
          "gml_id": "arbre.216219",
          "code_insee": "35238",
          "secteur": null,
          "id_regroupement": null,
          "classe_biodiv": null,
          "date_entretien": null,
          "frequence_entretien": null,
          "date_proch_entretien": null
        }
      }
    },
    {
      "type": "Feature",
      "id": "rennes-arbre-216220",
      "geometry": {
        "type": "Point",
        "coordinates": [
          -1.659749554701315,
          48.11276817457311
        ]
      },
      "properties": {
        "source_id": 216220,
        "id_gestion": "0473AORN9318",
        "nom": "Orme champêtre",
        "nom_source": "Orme champêtre",
        "nom_scientifique": "Ulmus minor",
        "espece": "minor",
        "hauteur_m": 8,
        "circonference_cm": 60,
        "houppier_m": null,
        "hauteur_1_ere_feuille_m": null,
        "remarquable": null,
        "description": null,
        "photo_url": null,
        "model_3d_url": null,
        "date_plantation": null,
        "date_maj": null,
        "localisation": "Parc Hamelin Oberthür, Rennes",
        "type_taille": "Libre",
        "fonction": "Ornement",
        "source_properties": {
          "id": 216220,
          "localisation": "Parc Hamelin Oberthür, Rennes",
          "abattu": 0,
          "nom_commun": "Orme champêtre",
          "genre": "Ulmus",
          "espece": "minor",
          "variete": null,
          "hauteur": 8,
          "circonference": 60,
          "houppier": null,
          "hauteur_1_ere_feuille": null,
          "date_plantation": null,
          "date_maj": null,
          "id_gestion": "0473AORN9318",
          "complement": "Non renseigné",
          "type_taille": "Libre",
          "fonction": "Ornement",
          "gml_id": "arbre.216220",
          "code_insee": "35238",
          "secteur": null,
          "id_regroupement": null,
          "classe_biodiv": null,
          "date_entretien": null,
          "frequence_entretien": null,
          "date_proch_entretien": null
        }
      }
    },
    {
      "type": "Feature",
      "id": "rennes-arbre-216221",
      "geometry": {
        "type": "Point",
        "coordinates": [
          -1.659671702727296,
          48.11277974573418
        ]
      },
      "properties": {
        "source_id": 216221,
        "id_gestion": "0473AORN9319",
        "nom": "Marronnier d'Inde",
        "nom_source": "Marronnier d'Inde",
        "nom_scientifique": "Aesculus hippocastanum",
        "espece": "hippocastanum",
        "hauteur_m": 28,
        "circonference_cm": 175,
        "houppier_m": null,
        "hauteur_1_ere_feuille_m": null,
        "remarquable": null,
        "description": null,
        "photo_url": null,
        "model_3d_url": null,
        "date_plantation": null,
        "date_maj": null,
        "localisation": "Parc Hamelin Oberthür, Rennes",
        "type_taille": "Libre",
        "fonction": "Ornement",
        "source_properties": {
          "id": 216221,
          "localisation": "Parc Hamelin Oberthür, Rennes",
          "abattu": 0,
          "nom_commun": "Marronnier d'Inde",
          "genre": "Aesculus",
          "espece": "hippocastanum",
          "variete": null,
          "hauteur": 28,
          "circonference": 175,
          "houppier": null,
          "hauteur_1_ere_feuille": null,
          "date_plantation": null,
          "date_maj": null,
          "id_gestion": "0473AORN9319",
          "complement": "Non renseigné",
          "type_taille": "Libre",
          "fonction": "Ornement",
          "gml_id": "arbre.216221",
          "code_insee": "35238",
          "secteur": null,
          "id_regroupement": null,
          "classe_biodiv": null,
          "date_entretien": null,
          "frequence_entretien": null,
          "date_proch_entretien": null
        }
      }
    },
    {
      "type": "Feature",
      "id": "rennes-arbre-216222",
      "geometry": {
        "type": "Point",
        "coordinates": [
          -1.659607559947219,
          48.11274213391609
        ]
      },
      "properties": {
        "source_id": 216222,
        "id_gestion": "0473AORN9320",
        "nom": "Chêne pédonculé",
        "nom_source": "Chêne pédonculé",
        "nom_scientifique": "Quercus robur",
        "espece": "robur",
        "hauteur_m": 26,
        "circonference_cm": 185,
        "houppier_m": null,
        "hauteur_1_ere_feuille_m": null,
        "remarquable": null,
        "description": null,
        "photo_url": null,
        "model_3d_url": null,
        "date_plantation": null,
        "date_maj": null,
        "localisation": "Parc Hamelin Oberthür, Rennes",
        "type_taille": "Libre",
        "fonction": "Ornement",
        "source_properties": {
          "id": 216222,
          "localisation": "Parc Hamelin Oberthür, Rennes",
          "abattu": 0,
          "nom_commun": "Chêne pédonculé",
          "genre": "Quercus",
          "espece": "robur",
          "variete": null,
          "hauteur": 26,
          "circonference": 185,
          "houppier": null,
          "hauteur_1_ere_feuille": null,
          "date_plantation": null,
          "date_maj": null,
          "id_gestion": "0473AORN9320",
          "complement": "Non renseigné",
          "type_taille": "Libre",
          "fonction": "Ornement",
          "gml_id": "arbre.216222",
          "code_insee": "35238",
          "secteur": null,
          "id_regroupement": null,
          "classe_biodiv": null,
          "date_entretien": null,
          "frequence_entretien": null,
          "date_proch_entretien": null
        }
      }
    },
    {
      "type": "Feature",
      "id": "rennes-arbre-216223",
      "geometry": {
        "type": "Point",
        "coordinates": [
          -1.659586417569378,
          48.11273223653164
        ]
      },
      "properties": {
        "source_id": 216223,
        "id_gestion": "0473AORN9321",
        "nom": "Chêne pédonculé",
        "nom_source": "Chêne pédonculé",
        "nom_scientifique": "Quercus robur",
        "espece": "robur",
        "hauteur_m": 26,
        "circonference_cm": 145,
        "houppier_m": null,
        "hauteur_1_ere_feuille_m": null,
        "remarquable": null,
        "description": null,
        "photo_url": null,
        "model_3d_url": null,
        "date_plantation": null,
        "date_maj": null,
        "localisation": "Parc Hamelin Oberthür, Rennes",
        "type_taille": "Libre",
        "fonction": "Ornement",
        "source_properties": {
          "id": 216223,
          "localisation": "Parc Hamelin Oberthür, Rennes",
          "abattu": 0,
          "nom_commun": "Chêne pédonculé",
          "genre": "Quercus",
          "espece": "robur",
          "variete": null,
          "hauteur": 26,
          "circonference": 145,
          "houppier": null,
          "hauteur_1_ere_feuille": null,
          "date_plantation": null,
          "date_maj": null,
          "id_gestion": "0473AORN9321",
          "complement": "Non renseigné",
          "type_taille": "Libre",
          "fonction": "Ornement",
          "gml_id": "arbre.216223",
          "code_insee": "35238",
          "secteur": null,
          "id_regroupement": null,
          "classe_biodiv": null,
          "date_entretien": null,
          "frequence_entretien": null,
          "date_proch_entretien": null
        }
      }
    },
    {
      "type": "Feature",
      "id": "rennes-arbre-216224",
      "geometry": {
        "type": "Point",
        "coordinates": [
          -1.65934905391867,
          48.11270752002346
        ]
      },
      "properties": {
        "source_id": 216224,
        "id_gestion": "0473AORN9322",
        "nom": "Magnolia à grandes fleurs",
        "nom_source": "Magnolia à grandes fleurs",
        "nom_scientifique": "Magnolia grandiflora",
        "espece": "grandiflora",
        "hauteur_m": 8,
        "circonference_cm": 90,
        "houppier_m": null,
        "hauteur_1_ere_feuille_m": null,
        "remarquable": null,
        "description": null,
        "photo_url": null,
        "model_3d_url": null,
        "date_plantation": null,
        "date_maj": null,
        "localisation": "Parc Hamelin Oberthür, Rennes",
        "type_taille": "Libre",
        "fonction": "Ornement",
        "source_properties": {
          "id": 216224,
          "localisation": "Parc Hamelin Oberthür, Rennes",
          "abattu": 0,
          "nom_commun": "Magnolia à grandes fleurs",
          "genre": "Magnolia",
          "espece": "grandiflora",
          "variete": null,
          "hauteur": 8,
          "circonference": 90,
          "houppier": null,
          "hauteur_1_ere_feuille": null,
          "date_plantation": null,
          "date_maj": null,
          "id_gestion": "0473AORN9322",
          "complement": "Non renseigné",
          "type_taille": "Libre",
          "fonction": "Ornement",
          "gml_id": "arbre.216224",
          "code_insee": "35238",
          "secteur": null,
          "id_regroupement": null,
          "classe_biodiv": null,
          "date_entretien": null,
          "frequence_entretien": null,
          "date_proch_entretien": null
        }
      }
    },
    {
      "type": "Feature",
      "id": "rennes-arbre-216225",
      "geometry": {
        "type": "Point",
        "coordinates": [
          -1.659149817219135,
          48.112745252397715
        ]
      },
      "properties": {
        "source_id": 216225,
        "id_gestion": "0473AORN9323",
        "nom": "Chêne chevelu",
        "nom_source": "Chêne chevelu",
        "nom_scientifique": "Quercus cerris",
        "espece": "cerris",
        "hauteur_m": 30,
        "circonference_cm": 240,
        "houppier_m": null,
        "hauteur_1_ere_feuille_m": null,
        "remarquable": null,
        "description": null,
        "photo_url": null,
        "model_3d_url": null,
        "date_plantation": null,
        "date_maj": null,
        "localisation": "Parc Hamelin Oberthür, Rennes",
        "type_taille": "Libre",
        "fonction": "Ornement",
        "source_properties": {
          "id": 216225,
          "localisation": "Parc Hamelin Oberthür, Rennes",
          "abattu": 0,
          "nom_commun": "Chêne chevelu",
          "genre": "Quercus",
          "espece": "cerris",
          "variete": null,
          "hauteur": 30,
          "circonference": 240,
          "houppier": null,
          "hauteur_1_ere_feuille": null,
          "date_plantation": null,
          "date_maj": null,
          "id_gestion": "0473AORN9323",
          "complement": "Non renseigné",
          "type_taille": "Libre",
          "fonction": "Ornement",
          "gml_id": "arbre.216225",
          "code_insee": "35238",
          "secteur": null,
          "id_regroupement": null,
          "classe_biodiv": null,
          "date_entretien": null,
          "frequence_entretien": null,
          "date_proch_entretien": null
        }
      }
    },
    {
      "type": "Feature",
      "id": "rennes-arbre-216226",
      "geometry": {
        "type": "Point",
        "coordinates": [
          -1.659112914510053,
          48.11265931990295
        ]
      },
      "properties": {
        "source_id": 216226,
        "id_gestion": "0473AORN9324",
        "nom": "Chêne chevelu",
        "nom_source": "Chêne chevelu",
        "nom_scientifique": "Quercus cerris",
        "espece": "cerris",
        "hauteur_m": 30,
        "circonference_cm": 240,
        "houppier_m": null,
        "hauteur_1_ere_feuille_m": null,
        "remarquable": null,
        "description": null,
        "photo_url": null,
        "model_3d_url": null,
        "date_plantation": null,
        "date_maj": null,
        "localisation": "Parc Hamelin Oberthür, Rennes",
        "type_taille": "Libre",
        "fonction": "Ornement",
        "source_properties": {
          "id": 216226,
          "localisation": "Parc Hamelin Oberthür, Rennes",
          "abattu": 0,
          "nom_commun": "Chêne chevelu",
          "genre": "Quercus",
          "espece": "cerris",
          "variete": null,
          "hauteur": 30,
          "circonference": 240,
          "houppier": null,
          "hauteur_1_ere_feuille": null,
          "date_plantation": null,
          "date_maj": null,
          "id_gestion": "0473AORN9324",
          "complement": "Non renseigné",
          "type_taille": "Libre",
          "fonction": "Ornement",
          "gml_id": "arbre.216226",
          "code_insee": "35238",
          "secteur": null,
          "id_regroupement": null,
          "classe_biodiv": null,
          "date_entretien": null,
          "frequence_entretien": null,
          "date_proch_entretien": null
        }
      }
    },
    {
      "type": "Feature",
      "id": "rennes-arbre-216227",
      "geometry": {
        "type": "Point",
        "coordinates": [
          -1.659085544894273,
          48.112590285248174
        ]
      },
      "properties": {
        "source_id": 216227,
        "id_gestion": "0473AORN9325",
        "nom": "Erable japonais",
        "nom_source": "Erable japonais",
        "nom_scientifique": "Acer palmatum",
        "espece": "palmatum",
        "hauteur_m": 4,
        "circonference_cm": 150,
        "houppier_m": null,
        "hauteur_1_ere_feuille_m": null,
        "remarquable": null,
        "description": null,
        "photo_url": null,
        "model_3d_url": null,
        "date_plantation": null,
        "date_maj": null,
        "localisation": "Parc Hamelin Oberthür, Rennes",
        "type_taille": "Cépée",
        "fonction": "Ornement",
        "source_properties": {
          "id": 216227,
          "localisation": "Parc Hamelin Oberthür, Rennes",
          "abattu": 0,
          "nom_commun": "Erable japonais",
          "genre": "Acer",
          "espece": "palmatum",
          "variete": null,
          "hauteur": 4,
          "circonference": 150,
          "houppier": null,
          "hauteur_1_ere_feuille": null,
          "date_plantation": null,
          "date_maj": null,
          "id_gestion": "0473AORN9325",
          "complement": "Non renseigné",
          "type_taille": "Cépée",
          "fonction": "Ornement",
          "gml_id": "arbre.216227",
          "code_insee": "35238",
          "secteur": null,
          "id_regroupement": null,
          "classe_biodiv": null,
          "date_entretien": null,
          "frequence_entretien": null,
          "date_proch_entretien": null
        }
      }
    },
    {
      "type": "Feature",
      "id": "rennes-arbre-216228",
      "geometry": {
        "type": "Point",
        "coordinates": [
          -1.659016515340546,
          48.11261054698798
        ]
      },
      "properties": {
        "source_id": 216228,
        "id_gestion": "0473AORN9326",
        "nom": "Erable japonais",
        "nom_source": "Erable japonais",
        "nom_scientifique": "Acer palmatum",
        "espece": "palmatum",
        "hauteur_m": 4,
        "circonference_cm": 150,
        "houppier_m": null,
        "hauteur_1_ere_feuille_m": null,
        "remarquable": null,
        "description": null,
        "photo_url": null,
        "model_3d_url": null,
        "date_plantation": null,
        "date_maj": null,
        "localisation": "Parc Hamelin Oberthür, Rennes",
        "type_taille": "Cépée",
        "fonction": "Ornement",
        "source_properties": {
          "id": 216228,
          "localisation": "Parc Hamelin Oberthür, Rennes",
          "abattu": 0,
          "nom_commun": "Erable japonais",
          "genre": "Acer",
          "espece": "palmatum",
          "variete": null,
          "hauteur": 4,
          "circonference": 150,
          "houppier": null,
          "hauteur_1_ere_feuille": null,
          "date_plantation": null,
          "date_maj": null,
          "id_gestion": "0473AORN9326",
          "complement": "Non renseigné",
          "type_taille": "Cépée",
          "fonction": "Ornement",
          "gml_id": "arbre.216228",
          "code_insee": "35238",
          "secteur": null,
          "id_regroupement": null,
          "classe_biodiv": null,
          "date_entretien": null,
          "frequence_entretien": null,
          "date_proch_entretien": null
        }
      }
    },
    {
      "type": "Feature",
      "id": "rennes-arbre-216229",
      "geometry": {
        "type": "Point",
        "coordinates": [
          -1.658966473723606,
          48.11264794532909
        ]
      },
      "properties": {
        "source_id": 216229,
        "id_gestion": "0473AORN9327",
        "nom": "Tilleul argenté",
        "nom_source": "Tilleul argenté",
        "nom_scientifique": "Tilia tomentosa",
        "espece": "tomentosa",
        "hauteur_m": 28,
        "circonference_cm": 220,
        "houppier_m": null,
        "hauteur_1_ere_feuille_m": null,
        "remarquable": null,
        "description": null,
        "photo_url": null,
        "model_3d_url": null,
        "date_plantation": null,
        "date_maj": null,
        "localisation": "Parc Hamelin Oberthür, Rennes",
        "type_taille": "Libre",
        "fonction": "Ornement",
        "source_properties": {
          "id": 216229,
          "localisation": "Parc Hamelin Oberthür, Rennes",
          "abattu": 0,
          "nom_commun": "Tilleul argenté",
          "genre": "Tilia",
          "espece": "tomentosa",
          "variete": null,
          "hauteur": 28,
          "circonference": 220,
          "houppier": null,
          "hauteur_1_ere_feuille": null,
          "date_plantation": null,
          "date_maj": null,
          "id_gestion": "0473AORN9327",
          "complement": "Non renseigné",
          "type_taille": "Libre",
          "fonction": "Ornement",
          "gml_id": "arbre.216229",
          "code_insee": "35238",
          "secteur": null,
          "id_regroupement": null,
          "classe_biodiv": null,
          "date_entretien": null,
          "frequence_entretien": null,
          "date_proch_entretien": null
        }
      }
    },
    {
      "type": "Feature",
      "id": "rennes-arbre-216230",
      "geometry": {
        "type": "Point",
        "coordinates": [
          -1.658836580673395,
          48.11261673771069
        ]
      },
      "properties": {
        "source_id": 216230,
        "id_gestion": "0473AORN9328",
        "nom": "Amélanchier du Canada",
        "nom_source": "Amélanchier du Canada",
        "nom_scientifique": "Amelanchier canadensis",
        "espece": "canadensis",
        "hauteur_m": 2,
        "circonference_cm": 90,
        "houppier_m": null,
        "hauteur_1_ere_feuille_m": null,
        "remarquable": null,
        "description": null,
        "photo_url": null,
        "model_3d_url": null,
        "date_plantation": null,
        "date_maj": null,
        "localisation": "Parc Hamelin Oberthür, Rennes",
        "type_taille": "Cépée",
        "fonction": "Ornement",
        "source_properties": {
          "id": 216230,
          "localisation": "Parc Hamelin Oberthür, Rennes",
          "abattu": 0,
          "nom_commun": "Amélanchier du Canada",
          "genre": "Amelanchier",
          "espece": "canadensis",
          "variete": null,
          "hauteur": 2,
          "circonference": 90,
          "houppier": null,
          "hauteur_1_ere_feuille": null,
          "date_plantation": null,
          "date_maj": null,
          "id_gestion": "0473AORN9328",
          "complement": "Non renseigné",
          "type_taille": "Cépée",
          "fonction": "Ornement",
          "gml_id": "arbre.216230",
          "code_insee": "35238",
          "secteur": null,
          "id_regroupement": null,
          "classe_biodiv": null,
          "date_entretien": null,
          "frequence_entretien": null,
          "date_proch_entretien": null
        }
      }
    },
    {
      "type": "Feature",
      "id": "rennes-arbre-216231",
      "geometry": {
        "type": "Point",
        "coordinates": [
          -1.658836332922364,
          48.112583082643624
        ]
      },
      "properties": {
        "source_id": 216231,
        "id_gestion": "0473AORN9329",
        "nom": "Amélanchier du Canada",
        "nom_source": "Amélanchier du Canada",
        "nom_scientifique": "Amelanchier canadensis",
        "espece": "canadensis",
        "hauteur_m": 2,
        "circonference_cm": 90,
        "houppier_m": null,
        "hauteur_1_ere_feuille_m": null,
        "remarquable": null,
        "description": null,
        "photo_url": null,
        "model_3d_url": null,
        "date_plantation": null,
        "date_maj": null,
        "localisation": "Parc Hamelin Oberthür, Rennes",
        "type_taille": "Cépée",
        "fonction": "Ornement",
        "source_properties": {
          "id": 216231,
          "localisation": "Parc Hamelin Oberthür, Rennes",
          "abattu": 0,
          "nom_commun": "Amélanchier du Canada",
          "genre": "Amelanchier",
          "espece": "canadensis",
          "variete": null,
          "hauteur": 2,
          "circonference": 90,
          "houppier": null,
          "hauteur_1_ere_feuille": null,
          "date_plantation": null,
          "date_maj": null,
          "id_gestion": "0473AORN9329",
          "complement": "Non renseigné",
          "type_taille": "Cépée",
          "fonction": "Ornement",
          "gml_id": "arbre.216231",
          "code_insee": "35238",
          "secteur": null,
          "id_regroupement": null,
          "classe_biodiv": null,
          "date_entretien": null,
          "frequence_entretien": null,
          "date_proch_entretien": null
        }
      }
    },
    {
      "type": "Feature",
      "id": "rennes-arbre-216232",
      "geometry": {
        "type": "Point",
        "coordinates": [
          -1.660246830392729,
          48.1122117102688
        ]
      },
      "properties": {
        "source_id": 216232,
        "id_gestion": "0473AORN9330",
        "nom": "Magnolia de Soulange",
        "nom_source": "Magnolia de Soulange",
        "nom_scientifique": "Magnolia x soulangeana",
        "espece": "x soulangeana",
        "hauteur_m": 8,
        "circonference_cm": 75,
        "houppier_m": null,
        "hauteur_1_ere_feuille_m": null,
        "remarquable": null,
        "description": null,
        "photo_url": null,
        "model_3d_url": null,
        "date_plantation": null,
        "date_maj": null,
        "localisation": "Parc Hamelin Oberthür, Rennes",
        "type_taille": "Libre",
        "fonction": "Ornement",
        "source_properties": {
          "id": 216232,
          "localisation": "Parc Hamelin Oberthür, Rennes",
          "abattu": 0,
          "nom_commun": "Magnolia de Soulange",
          "genre": "Magnolia",
          "espece": "x soulangeana",
          "variete": null,
          "hauteur": 8,
          "circonference": 75,
          "houppier": null,
          "hauteur_1_ere_feuille": null,
          "date_plantation": null,
          "date_maj": null,
          "id_gestion": "0473AORN9330",
          "complement": "Non renseigné",
          "type_taille": "Libre",
          "fonction": "Ornement",
          "gml_id": "arbre.216232",
          "code_insee": "35238",
          "secteur": null,
          "id_regroupement": null,
          "classe_biodiv": null,
          "date_entretien": null,
          "frequence_entretien": null,
          "date_proch_entretien": null
        }
      }
    },
    {
      "type": "Feature",
      "id": "rennes-arbre-216233",
      "geometry": {
        "type": "Point",
        "coordinates": [
          -1.660224121378362,
          48.112193983312984
        ]
      },
      "properties": {
        "source_id": 216233,
        "id_gestion": "0473AORN9331",
        "nom": "Magnolia de Soulange",
        "nom_source": "Magnolia de Soulange",
        "nom_scientifique": "Magnolia x soulangeana",
        "espece": "x soulangeana",
        "hauteur_m": 8,
        "circonference_cm": 65,
        "houppier_m": null,
        "hauteur_1_ere_feuille_m": null,
        "remarquable": null,
        "description": null,
        "photo_url": null,
        "model_3d_url": null,
        "date_plantation": null,
        "date_maj": null,
        "localisation": "Parc Hamelin Oberthür, Rennes",
        "type_taille": "Libre",
        "fonction": "Ornement",
        "source_properties": {
          "id": 216233,
          "localisation": "Parc Hamelin Oberthür, Rennes",
          "abattu": 0,
          "nom_commun": "Magnolia de Soulange",
          "genre": "Magnolia",
          "espece": "x soulangeana",
          "variete": null,
          "hauteur": 8,
          "circonference": 65,
          "houppier": null,
          "hauteur_1_ere_feuille": null,
          "date_plantation": null,
          "date_maj": null,
          "id_gestion": "0473AORN9331",
          "complement": "Non renseigné",
          "type_taille": "Libre",
          "fonction": "Ornement",
          "gml_id": "arbre.216233",
          "code_insee": "35238",
          "secteur": null,
          "id_regroupement": null,
          "classe_biodiv": null,
          "date_entretien": null,
          "frequence_entretien": null,
          "date_proch_entretien": null
        }
      }
    },
    {
      "type": "Feature",
      "id": "rennes-arbre-216234",
      "geometry": {
        "type": "Point",
        "coordinates": [
          -1.660191803497379,
          48.11204975205136
        ]
      },
      "properties": {
        "source_id": 216234,
        "id_gestion": "0473AORN9332",
        "nom": "Magnolia de Soulange",
        "nom_source": "Magnolia de Soulange",
        "nom_scientifique": "Magnolia x soulangeana",
        "espece": "x soulangeana",
        "hauteur_m": 8,
        "circonference_cm": 350,
        "houppier_m": null,
        "hauteur_1_ere_feuille_m": null,
        "remarquable": null,
        "description": null,
        "photo_url": null,
        "model_3d_url": null,
        "date_plantation": null,
        "date_maj": null,
        "localisation": "Parc Hamelin Oberthür, Rennes",
        "type_taille": "Cépée",
        "fonction": "Ornement",
        "source_properties": {
          "id": 216234,
          "localisation": "Parc Hamelin Oberthür, Rennes",
          "abattu": 0,
          "nom_commun": "Magnolia de Soulange",
          "genre": "Magnolia",
          "espece": "x soulangeana",
          "variete": null,
          "hauteur": 8,
          "circonference": 350,
          "houppier": null,
          "hauteur_1_ere_feuille": null,
          "date_plantation": null,
          "date_maj": null,
          "id_gestion": "0473AORN9332",
          "complement": "Non renseigné",
          "type_taille": "Cépée",
          "fonction": "Ornement",
          "gml_id": "arbre.216234",
          "code_insee": "35238",
          "secteur": null,
          "id_regroupement": null,
          "classe_biodiv": null,
          "date_entretien": null,
          "frequence_entretien": null,
          "date_proch_entretien": null
        }
      }
    },
    {
      "type": "Feature",
      "id": "rennes-arbre-216235",
      "geometry": {
        "type": "Point",
        "coordinates": [
          -1.660168724635373,
          48.112037483428665
        ]
      },
      "properties": {
        "source_id": 216235,
        "id_gestion": "0473AORN9333",
        "nom": "Magnolia de Soulange",
        "nom_source": "Magnolia de Soulange",
        "nom_scientifique": "Magnolia x soulangeana",
        "espece": "x soulangeana",
        "hauteur_m": 8,
        "circonference_cm": 70,
        "houppier_m": null,
        "hauteur_1_ere_feuille_m": null,
        "remarquable": null,
        "description": null,
        "photo_url": null,
        "model_3d_url": null,
        "date_plantation": null,
        "date_maj": null,
        "localisation": "Parc Hamelin Oberthür, Rennes",
        "type_taille": "Libre",
        "fonction": "Ornement",
        "source_properties": {
          "id": 216235,
          "localisation": "Parc Hamelin Oberthür, Rennes",
          "abattu": 0,
          "nom_commun": "Magnolia de Soulange",
          "genre": "Magnolia",
          "espece": "x soulangeana",
          "variete": null,
          "hauteur": 8,
          "circonference": 70,
          "houppier": null,
          "hauteur_1_ere_feuille": null,
          "date_plantation": null,
          "date_maj": null,
          "id_gestion": "0473AORN9333",
          "complement": "Non renseigné",
          "type_taille": "Libre",
          "fonction": "Ornement",
          "gml_id": "arbre.216235",
          "code_insee": "35238",
          "secteur": null,
          "id_regroupement": null,
          "classe_biodiv": null,
          "date_entretien": null,
          "frequence_entretien": null,
          "date_proch_entretien": null
        }
      }
    },
    {
      "type": "Feature",
      "id": "rennes-arbre-216236",
      "geometry": {
        "type": "Point",
        "coordinates": [
          -1.660124115130469,
          48.11199903116414
        ]
      },
      "properties": {
        "source_id": 216236,
        "id_gestion": "0473AORN9334",
        "nom": "Magnolia de Soulange",
        "nom_source": "Magnolia de Soulange",
        "nom_scientifique": "Magnolia x soulangeana",
        "espece": "x soulangeana",
        "hauteur_m": 8,
        "circonference_cm": 350,
        "houppier_m": null,
        "hauteur_1_ere_feuille_m": null,
        "remarquable": null,
        "description": null,
        "photo_url": null,
        "model_3d_url": null,
        "date_plantation": null,
        "date_maj": null,
        "localisation": "Parc Hamelin Oberthür, Rennes",
        "type_taille": "Cépée",
        "fonction": "Ornement",
        "source_properties": {
          "id": 216236,
          "localisation": "Parc Hamelin Oberthür, Rennes",
          "abattu": 0,
          "nom_commun": "Magnolia de Soulange",
          "genre": "Magnolia",
          "espece": "x soulangeana",
          "variete": null,
          "hauteur": 8,
          "circonference": 350,
          "houppier": null,
          "hauteur_1_ere_feuille": null,
          "date_plantation": null,
          "date_maj": null,
          "id_gestion": "0473AORN9334",
          "complement": "Non renseigné",
          "type_taille": "Cépée",
          "fonction": "Ornement",
          "gml_id": "arbre.216236",
          "code_insee": "35238",
          "secteur": null,
          "id_regroupement": null,
          "classe_biodiv": null,
          "date_entretien": null,
          "frequence_entretien": null,
          "date_proch_entretien": null
        }
      }
    },
    {
      "type": "Feature",
      "id": "rennes-arbre-216237",
      "geometry": {
        "type": "Point",
        "coordinates": [
          -1.660089413978966,
          48.11192468582206
        ]
      },
      "properties": {
        "source_id": 216237,
        "id_gestion": "0473AORN9335",
        "nom": "Magnolia de Soulange",
        "nom_source": "Magnolia de Soulange",
        "nom_scientifique": "Magnolia x soulangeana",
        "espece": "x soulangeana",
        "hauteur_m": 8,
        "circonference_cm": 350,
        "houppier_m": null,
        "hauteur_1_ere_feuille_m": null,
        "remarquable": null,
        "description": null,
        "photo_url": null,
        "model_3d_url": null,
        "date_plantation": null,
        "date_maj": null,
        "localisation": "Parc Hamelin Oberthür, Rennes",
        "type_taille": "Cépée",
        "fonction": "Ornement",
        "source_properties": {
          "id": 216237,
          "localisation": "Parc Hamelin Oberthür, Rennes",
          "abattu": 0,
          "nom_commun": "Magnolia de Soulange",
          "genre": "Magnolia",
          "espece": "x soulangeana",
          "variete": null,
          "hauteur": 8,
          "circonference": 350,
          "houppier": null,
          "hauteur_1_ere_feuille": null,
          "date_plantation": null,
          "date_maj": null,
          "id_gestion": "0473AORN9335",
          "complement": "Non renseigné",
          "type_taille": "Cépée",
          "fonction": "Ornement",
          "gml_id": "arbre.216237",
          "code_insee": "35238",
          "secteur": null,
          "id_regroupement": null,
          "classe_biodiv": null,
          "date_entretien": null,
          "frequence_entretien": null,
          "date_proch_entretien": null
        }
      }
    },
    {
      "type": "Feature",
      "id": "rennes-arbre-216238",
      "geometry": {
        "type": "Point",
        "coordinates": [
          -1.660056872270716,
          48.11186142666332
        ]
      },
      "properties": {
        "source_id": 216238,
        "id_gestion": "0473AORN9336",
        "nom": "Magnolia de Soulange",
        "nom_source": "Magnolia de Soulange",
        "nom_scientifique": "Magnolia x soulangeana",
        "espece": "x soulangeana",
        "hauteur_m": 8,
        "circonference_cm": 75,
        "houppier_m": null,
        "hauteur_1_ere_feuille_m": null,
        "remarquable": null,
        "description": null,
        "photo_url": null,
        "model_3d_url": null,
        "date_plantation": null,
        "date_maj": null,
        "localisation": "Parc Hamelin Oberthür, Rennes",
        "type_taille": "Libre",
        "fonction": "Ornement",
        "source_properties": {
          "id": 216238,
          "localisation": "Parc Hamelin Oberthür, Rennes",
          "abattu": 0,
          "nom_commun": "Magnolia de Soulange",
          "genre": "Magnolia",
          "espece": "x soulangeana",
          "variete": null,
          "hauteur": 8,
          "circonference": 75,
          "houppier": null,
          "hauteur_1_ere_feuille": null,
          "date_plantation": null,
          "date_maj": null,
          "id_gestion": "0473AORN9336",
          "complement": "Non renseigné",
          "type_taille": "Libre",
          "fonction": "Ornement",
          "gml_id": "arbre.216238",
          "code_insee": "35238",
          "secteur": null,
          "id_regroupement": null,
          "classe_biodiv": null,
          "date_entretien": null,
          "frequence_entretien": null,
          "date_proch_entretien": null
        }
      }
    },
    {
      "type": "Feature",
      "id": "rennes-arbre-216239",
      "geometry": {
        "type": "Point",
        "coordinates": [
          -1.659951593969839,
          48.11218767964018
        ]
      },
      "properties": {
        "source_id": 216239,
        "id_gestion": "0473AORN9337",
        "nom": "Chêne des marais",
        "nom_source": "Chêne des marais",
        "nom_scientifique": "Quercus palustris",
        "espece": "palustris",
        "hauteur_m": 20,
        "circonference_cm": 165,
        "houppier_m": null,
        "hauteur_1_ere_feuille_m": null,
        "remarquable": null,
        "description": null,
        "photo_url": null,
        "model_3d_url": null,
        "date_plantation": null,
        "date_maj": null,
        "localisation": "Parc Hamelin Oberthür, Rennes",
        "type_taille": "Libre",
        "fonction": "Ornement",
        "source_properties": {
          "id": 216239,
          "localisation": "Parc Hamelin Oberthür, Rennes",
          "abattu": 0,
          "nom_commun": "Chêne des marais",
          "genre": "Quercus",
          "espece": "palustris",
          "variete": null,
          "hauteur": 20,
          "circonference": 165,
          "houppier": null,
          "hauteur_1_ere_feuille": null,
          "date_plantation": null,
          "date_maj": null,
          "id_gestion": "0473AORN9337",
          "complement": "Non renseigné",
          "type_taille": "Libre",
          "fonction": "Ornement",
          "gml_id": "arbre.216239",
          "code_insee": "35238",
          "secteur": null,
          "id_regroupement": null,
          "classe_biodiv": null,
          "date_entretien": null,
          "frequence_entretien": null,
          "date_proch_entretien": null
        }
      }
    },
    {
      "type": "Feature",
      "id": "rennes-arbre-216240",
      "geometry": {
        "type": "Point",
        "coordinates": [
          -1.659791309134568,
          48.11202225726304
        ]
      },
      "properties": {
        "source_id": 216240,
        "id_gestion": "0473AORN9338",
        "nom": "Sapin de Nordmann",
        "nom_source": "Sapin de Nordmann",
        "nom_scientifique": "Abies nordmanniana",
        "espece": "nordmanniana",
        "hauteur_m": 10,
        "circonference_cm": 80,
        "houppier_m": null,
        "hauteur_1_ere_feuille_m": null,
        "remarquable": null,
        "description": null,
        "photo_url": null,
        "model_3d_url": null,
        "date_plantation": null,
        "date_maj": null,
        "localisation": "Parc Hamelin Oberthür, Rennes",
        "type_taille": "Libre",
        "fonction": "Ornement",
        "source_properties": {
          "id": 216240,
          "localisation": "Parc Hamelin Oberthür, Rennes",
          "abattu": 0,
          "nom_commun": "Sapin de Nordmann",
          "genre": "Abies",
          "espece": "nordmanniana",
          "variete": null,
          "hauteur": 10,
          "circonference": 80,
          "houppier": null,
          "hauteur_1_ere_feuille": null,
          "date_plantation": null,
          "date_maj": null,
          "id_gestion": "0473AORN9338",
          "complement": "Non renseigné",
          "type_taille": "Libre",
          "fonction": "Ornement",
          "gml_id": "arbre.216240",
          "code_insee": "35238",
          "secteur": null,
          "id_regroupement": null,
          "classe_biodiv": null,
          "date_entretien": null,
          "frequence_entretien": null,
          "date_proch_entretien": null
        }
      }
    },
    {
      "type": "Feature",
      "id": "rennes-arbre-216241",
      "geometry": {
        "type": "Point",
        "coordinates": [
          -1.65963880206807,
          48.112152121503044
        ]
      },
      "properties": {
        "source_id": 216241,
        "id_gestion": "0473AORN9339",
        "nom": "If commun",
        "nom_source": "If commun",
        "nom_scientifique": "Taxus baccata",
        "espece": "baccata",
        "hauteur_m": 9,
        "circonference_cm": 140,
        "houppier_m": null,
        "hauteur_1_ere_feuille_m": null,
        "remarquable": null,
        "description": null,
        "photo_url": null,
        "model_3d_url": null,
        "date_plantation": null,
        "date_maj": null,
        "localisation": "Parc Hamelin Oberthür, Rennes",
        "type_taille": "Libre",
        "fonction": "Ornement",
        "source_properties": {
          "id": 216241,
          "localisation": "Parc Hamelin Oberthür, Rennes",
          "abattu": 0,
          "nom_commun": "If commun",
          "genre": "Taxus",
          "espece": "baccata",
          "variete": null,
          "hauteur": 9,
          "circonference": 140,
          "houppier": null,
          "hauteur_1_ere_feuille": null,
          "date_plantation": null,
          "date_maj": null,
          "id_gestion": "0473AORN9339",
          "complement": "Non renseigné",
          "type_taille": "Libre",
          "fonction": "Ornement",
          "gml_id": "arbre.216241",
          "code_insee": "35238",
          "secteur": null,
          "id_regroupement": null,
          "classe_biodiv": null,
          "date_entretien": null,
          "frequence_entretien": null,
          "date_proch_entretien": null
        }
      }
    },
    {
      "type": "Feature",
      "id": "rennes-arbre-216242",
      "geometry": {
        "type": "Point",
        "coordinates": [
          -1.659574978998722,
          48.11194004135371
        ]
      },
      "properties": {
        "source_id": 216242,
        "id_gestion": "0473AORN9340",
        "nom": "Laurier des Iroquois",
        "nom_source": "Laurier des Iroquois",
        "nom_scientifique": "Sassafras albidum",
        "espece": "albidum",
        "hauteur_m": 7,
        "circonference_cm": 90,
        "houppier_m": null,
        "hauteur_1_ere_feuille_m": null,
        "remarquable": null,
        "description": null,
        "photo_url": null,
        "model_3d_url": null,
        "date_plantation": null,
        "date_maj": null,
        "localisation": "Parc Hamelin Oberthür, Rennes",
        "type_taille": "Cépée",
        "fonction": "Ornement",
        "source_properties": {
          "id": 216242,
          "localisation": "Parc Hamelin Oberthür, Rennes",
          "abattu": 0,
          "nom_commun": "Laurier des Iroquois",
          "genre": "Sassafras",
          "espece": "albidum",
          "variete": null,
          "hauteur": 7,
          "circonference": 90,
          "houppier": null,
          "hauteur_1_ere_feuille": null,
          "date_plantation": null,
          "date_maj": null,
          "id_gestion": "0473AORN9340",
          "complement": "Non renseigné",
          "type_taille": "Cépée",
          "fonction": "Ornement",
          "gml_id": "arbre.216242",
          "code_insee": "35238",
          "secteur": null,
          "id_regroupement": null,
          "classe_biodiv": null,
          "date_entretien": null,
          "frequence_entretien": null,
          "date_proch_entretien": null
        }
      }
    },
    {
      "type": "Feature",
      "id": "rennes-arbre-216243",
      "geometry": {
        "type": "Point",
        "coordinates": [
          -1.659555966127964,
          48.11195668833839
        ]
      },
      "properties": {
        "source_id": 216243,
        "id_gestion": "0473AORN9341",
        "nom": "Laurier des Iroquois",
        "nom_source": "Laurier des Iroquois",
        "nom_scientifique": "Sassafras albidum",
        "espece": "albidum",
        "hauteur_m": 7,
        "circonference_cm": 90,
        "houppier_m": null,
        "hauteur_1_ere_feuille_m": null,
        "remarquable": null,
        "description": null,
        "photo_url": null,
        "model_3d_url": null,
        "date_plantation": null,
        "date_maj": null,
        "localisation": "Parc Hamelin Oberthür, Rennes",
        "type_taille": "Cépée",
        "fonction": "Ornement",
        "source_properties": {
          "id": 216243,
          "localisation": "Parc Hamelin Oberthür, Rennes",
          "abattu": 0,
          "nom_commun": "Laurier des Iroquois",
          "genre": "Sassafras",
          "espece": "albidum",
          "variete": null,
          "hauteur": 7,
          "circonference": 90,
          "houppier": null,
          "hauteur_1_ere_feuille": null,
          "date_plantation": null,
          "date_maj": null,
          "id_gestion": "0473AORN9341",
          "complement": "Non renseigné",
          "type_taille": "Cépée",
          "fonction": "Ornement",
          "gml_id": "arbre.216243",
          "code_insee": "35238",
          "secteur": null,
          "id_regroupement": null,
          "classe_biodiv": null,
          "date_entretien": null,
          "frequence_entretien": null,
          "date_proch_entretien": null
        }
      }
    },
    {
      "type": "Feature",
      "id": "rennes-arbre-216244",
      "geometry": {
        "type": "Point",
        "coordinates": [
          -1.659560073451164,
          48.11194782100161
        ]
      },
      "properties": {
        "source_id": 216244,
        "id_gestion": "0473AORN9342",
        "nom": "Laurier des Iroquois",
        "nom_source": "Laurier des Iroquois",
        "nom_scientifique": "Sassafras albidum",
        "espece": "albidum",
        "hauteur_m": 7,
        "circonference_cm": 90,
        "houppier_m": null,
        "hauteur_1_ere_feuille_m": null,
        "remarquable": null,
        "description": null,
        "photo_url": null,
        "model_3d_url": null,
        "date_plantation": null,
        "date_maj": null,
        "localisation": "Parc Hamelin Oberthür, Rennes",
        "type_taille": "Cépée",
        "fonction": "Ornement",
        "source_properties": {
          "id": 216244,
          "localisation": "Parc Hamelin Oberthür, Rennes",
          "abattu": 0,
          "nom_commun": "Laurier des Iroquois",
          "genre": "Sassafras",
          "espece": "albidum",
          "variete": null,
          "hauteur": 7,
          "circonference": 90,
          "houppier": null,
          "hauteur_1_ere_feuille": null,
          "date_plantation": null,
          "date_maj": null,
          "id_gestion": "0473AORN9342",
          "complement": "Non renseigné",
          "type_taille": "Cépée",
          "fonction": "Ornement",
          "gml_id": "arbre.216244",
          "code_insee": "35238",
          "secteur": null,
          "id_regroupement": null,
          "classe_biodiv": null,
          "date_entretien": null,
          "frequence_entretien": null,
          "date_proch_entretien": null
        }
      }
    },
    {
      "type": "Feature",
      "id": "rennes-arbre-216245",
      "geometry": {
        "type": "Point",
        "coordinates": [
          -1.659564811055497,
          48.1119637617406
        ]
      },
      "properties": {
        "source_id": 216245,
        "id_gestion": "0473AORN9343",
        "nom": "Laurier des Iroquois",
        "nom_source": "Laurier des Iroquois",
        "nom_scientifique": "Sassafras albidum",
        "espece": "albidum",
        "hauteur_m": 7,
        "circonference_cm": 90,
        "houppier_m": null,
        "hauteur_1_ere_feuille_m": null,
        "remarquable": null,
        "description": null,
        "photo_url": null,
        "model_3d_url": null,
        "date_plantation": null,
        "date_maj": null,
        "localisation": "Parc Hamelin Oberthür, Rennes",
        "type_taille": "Cépée",
        "fonction": "Ornement",
        "source_properties": {
          "id": 216245,
          "localisation": "Parc Hamelin Oberthür, Rennes",
          "abattu": 0,
          "nom_commun": "Laurier des Iroquois",
          "genre": "Sassafras",
          "espece": "albidum",
          "variete": null,
          "hauteur": 7,
          "circonference": 90,
          "houppier": null,
          "hauteur_1_ere_feuille": null,
          "date_plantation": null,
          "date_maj": null,
          "id_gestion": "0473AORN9343",
          "complement": "Non renseigné",
          "type_taille": "Cépée",
          "fonction": "Ornement",
          "gml_id": "arbre.216245",
          "code_insee": "35238",
          "secteur": null,
          "id_regroupement": null,
          "classe_biodiv": null,
          "date_entretien": null,
          "frequence_entretien": null,
          "date_proch_entretien": null
        }
      }
    },
    {
      "type": "Feature",
      "id": "rennes-arbre-216246",
      "geometry": {
        "type": "Point",
        "coordinates": [
          -1.659546776427364,
          48.1119672610957
        ]
      },
      "properties": {
        "source_id": 216246,
        "id_gestion": "0473AORN9344",
        "nom": "Laurier des Iroquois",
        "nom_source": "Laurier des Iroquois",
        "nom_scientifique": "Sassafras albidum",
        "espece": "albidum",
        "hauteur_m": 7,
        "circonference_cm": 90,
        "houppier_m": null,
        "hauteur_1_ere_feuille_m": null,
        "remarquable": null,
        "description": null,
        "photo_url": null,
        "model_3d_url": null,
        "date_plantation": null,
        "date_maj": null,
        "localisation": "Parc Hamelin Oberthür, Rennes",
        "type_taille": "Cépée",
        "fonction": "Ornement",
        "source_properties": {
          "id": 216246,
          "localisation": "Parc Hamelin Oberthür, Rennes",
          "abattu": 0,
          "nom_commun": "Laurier des Iroquois",
          "genre": "Sassafras",
          "espece": "albidum",
          "variete": null,
          "hauteur": 7,
          "circonference": 90,
          "houppier": null,
          "hauteur_1_ere_feuille": null,
          "date_plantation": null,
          "date_maj": null,
          "id_gestion": "0473AORN9344",
          "complement": "Non renseigné",
          "type_taille": "Cépée",
          "fonction": "Ornement",
          "gml_id": "arbre.216246",
          "code_insee": "35238",
          "secteur": null,
          "id_regroupement": null,
          "classe_biodiv": null,
          "date_entretien": null,
          "frequence_entretien": null,
          "date_proch_entretien": null
        }
      }
    },
    {
      "type": "Feature",
      "id": "rennes-arbre-216247",
      "geometry": {
        "type": "Point",
        "coordinates": [
          -1.659589488299278,
          48.11193758669886
        ]
      },
      "properties": {
        "source_id": 216247,
        "id_gestion": "0473AORN9345",
        "nom": "Laurier des Iroquois",
        "nom_source": "Laurier des Iroquois",
        "nom_scientifique": "Sassafras albidum",
        "espece": "albidum",
        "hauteur_m": 7,
        "circonference_cm": 90,
        "houppier_m": null,
        "hauteur_1_ere_feuille_m": null,
        "remarquable": null,
        "description": null,
        "photo_url": null,
        "model_3d_url": null,
        "date_plantation": null,
        "date_maj": null,
        "localisation": "Parc Hamelin Oberthür, Rennes",
        "type_taille": "Cépée",
        "fonction": "Ornement",
        "source_properties": {
          "id": 216247,
          "localisation": "Parc Hamelin Oberthür, Rennes",
          "abattu": 0,
          "nom_commun": "Laurier des Iroquois",
          "genre": "Sassafras",
          "espece": "albidum",
          "variete": null,
          "hauteur": 7,
          "circonference": 90,
          "houppier": null,
          "hauteur_1_ere_feuille": null,
          "date_plantation": null,
          "date_maj": null,
          "id_gestion": "0473AORN9345",
          "complement": "Non renseigné",
          "type_taille": "Cépée",
          "fonction": "Ornement",
          "gml_id": "arbre.216247",
          "code_insee": "35238",
          "secteur": null,
          "id_regroupement": null,
          "classe_biodiv": null,
          "date_entretien": null,
          "frequence_entretien": null,
          "date_proch_entretien": null
        }
      }
    },
    {
      "type": "Feature",
      "id": "rennes-arbre-216248",
      "geometry": {
        "type": "Point",
        "coordinates": [
          -1.659600375578938,
          48.11194711880585
        ]
      },
      "properties": {
        "source_id": 216248,
        "id_gestion": "0473AORN9346",
        "nom": "Laurier des Iroquois",
        "nom_source": "Laurier des Iroquois",
        "nom_scientifique": "Sassafras albidum",
        "espece": "albidum",
        "hauteur_m": 7,
        "circonference_cm": 90,
        "houppier_m": null,
        "hauteur_1_ere_feuille_m": null,
        "remarquable": null,
        "description": null,
        "photo_url": null,
        "model_3d_url": null,
        "date_plantation": null,
        "date_maj": null,
        "localisation": "Parc Hamelin Oberthür, Rennes",
        "type_taille": "Cépée",
        "fonction": "Ornement",
        "source_properties": {
          "id": 216248,
          "localisation": "Parc Hamelin Oberthür, Rennes",
          "abattu": 0,
          "nom_commun": "Laurier des Iroquois",
          "genre": "Sassafras",
          "espece": "albidum",
          "variete": null,
          "hauteur": 7,
          "circonference": 90,
          "houppier": null,
          "hauteur_1_ere_feuille": null,
          "date_plantation": null,
          "date_maj": null,
          "id_gestion": "0473AORN9346",
          "complement": "Non renseigné",
          "type_taille": "Cépée",
          "fonction": "Ornement",
          "gml_id": "arbre.216248",
          "code_insee": "35238",
          "secteur": null,
          "id_regroupement": null,
          "classe_biodiv": null,
          "date_entretien": null,
          "frequence_entretien": null,
          "date_proch_entretien": null
        }
      }
    },
    {
      "type": "Feature",
      "id": "rennes-arbre-216262",
      "geometry": {
        "type": "Point",
        "coordinates": [
          -1.660465772816693,
          48.113308585898025
        ]
      },
      "properties": {
        "source_id": 216262,
        "id_gestion": "0473AORN9347",
        "nom": "Cèdre du Liban",
        "nom_source": "Cèdre du Liban",
        "nom_scientifique": "Cedrus libanii",
        "espece": "libanii",
        "hauteur_m": 4,
        "circonference_cm": 30,
        "houppier_m": null,
        "hauteur_1_ere_feuille_m": null,
        "remarquable": null,
        "description": null,
        "photo_url": null,
        "model_3d_url": null,
        "date_plantation": null,
        "date_maj": null,
        "localisation": null,
        "type_taille": "Libre",
        "fonction": "Ornement",
        "source_properties": {
          "id": 216262,
          "localisation": null,
          "abattu": 0,
          "nom_commun": "Cèdre du Liban",
          "genre": "Cedrus",
          "espece": "libanii",
          "variete": null,
          "hauteur": 4,
          "circonference": 30,
          "houppier": null,
          "hauteur_1_ere_feuille": null,
          "date_plantation": null,
          "date_maj": null,
          "id_gestion": "0473AORN9347",
          "complement": "Non renseigné",
          "type_taille": "Libre",
          "fonction": "Ornement",
          "gml_id": "arbre.216262",
          "code_insee": "35238",
          "secteur": null,
          "id_regroupement": null,
          "classe_biodiv": null,
          "date_entretien": null,
          "frequence_entretien": null,
          "date_proch_entretien": null
        }
      }
    }
  ]
}
