{
  "type": "FeatureCollection",
  "bbox": [
    -1.6742,
    48.112,
    -1.6657,
    48.1158
  ],
  "metadata": {
    "schema_version": 1,
    "imported_at": "2026-09-10T18:10:35.941Z",
    "rennes_metropole": {
      "source_url": "https://data.rennesmetropole.fr/explore/dataset/espaces_verts/",
      "license": "Licence ODbL 1.0",
      "license_url": "https://opendatacommons.org/licenses/odbl/1-0/"
    },
    "openstreetmap": {
      "source_url": "https://api.openstreetmap.org/api/0.6/map?bbox=-1.6742%2C48.112%2C-1.6657%2C48.1158",
      "license": "ODbL 1.0",
      "license_url": "https://opendatacommons.org/licenses/odbl/1-0/"
    }
  },
  "features": [
    {
      "type": "Feature",
      "id": "rennes-parc-thabor",
      "geometry": {
        "type": "MultiPolygon",
        "coordinates": [
          [
            [
              [
                -1.671683076198518,
                48.11552644593782
              ],
              [
                -1.670896594220615,
                48.1154624366895
              ],
              [
                -1.670701477027164,
                48.115451636082724
              ],
              [
                -1.67052567038904,
                48.11544188630323
              ],
              [
                -1.670295836146586,
                48.11542893947273
              ],
              [
                -1.67019222131446,
                48.11542257543713
              ],
              [
                -1.669156863307548,
                48.115363942095705
              ],
              [
                -1.668686158822359,
                48.115329056461874
              ],
              [
                -1.668475973179639,
                48.115302200469706
              ],
              [
                -1.668476981982833,
                48.115296043069264
              ],
              [
                -1.66847039601583,
                48.115290775193934
              ],
              [
                -1.668205764312258,
                48.11524461886406
              ],
              [
                -1.667817200013662,
                48.115214848039706
              ],
              [
                -1.667390823383091,
                48.11509281688571
              ],
              [
                -1.667256702171213,
                48.11506191977994
              ],
              [
                -1.667201839243714,
                48.115060101663474
              ],
              [
                -1.665922581393376,
                48.11501904013765
              ],
              [
                -1.666098148705441,
                48.113864971155465
              ],
              [
                -1.666117357750812,
                48.11386589108053
              ],
              [
                -1.666125810992191,
                48.11386628242355
              ],
              [
                -1.666125053400199,
                48.113852096149024
              ],
              [
                -1.666136074978725,
                48.113852201254744
              ],
              [
                -1.666139124112164,
                48.113785451811474
              ],
              [
                -1.666301042332287,
                48.11378655643222
              ],
              [
                -1.666547084326323,
                48.113788234082506
              ],
              [
                -1.666545902734011,
                48.11380403717685
              ],
              [
                -1.666542055880725,
                48.11385549819798
              ],
              [
                -1.666846329638699,
                48.11385840454725
              ],
              [
                -1.666902504286297,
                48.11385858456801
              ],
              [
                -1.667277623479355,
                48.11385567964953
              ],
              [
                -1.668090891936525,
                48.113716569715386
              ],
              [
                -1.668813597396297,
                48.11359326659002
              ],
              [
                -1.668785458206315,
                48.11313548175683
              ],
              [
                -1.66920323891863,
                48.11309537210903
              ],
              [
                -1.669162084858091,
                48.11275768293322
              ],
              [
                -1.669420235210573,
                48.11273099522634
              ],
              [
                -1.6694883131696,
                48.11272352796254
              ],
              [
                -1.669542188380621,
                48.11271901084539
              ],
              [
                -1.669574646228509,
                48.11271579598103
              ],
              [
                -1.669600864830005,
                48.11269188284051
              ],
              [
                -1.66958434298967,
                48.1126249583409
              ],
              [
                -1.669580210722112,
                48.112606011786895
              ],
              [
                -1.669524126889878,
                48.11235158755035
              ],
              [
                -1.670652170658587,
                48.11225812622179
              ],
              [
                -1.670654556528401,
                48.11227533164168
              ],
              [
                -1.670746007898378,
                48.112269034388355
              ],
              [
                -1.670741812393408,
                48.1122507013523
              ],
              [
                -1.670786919302824,
                48.11224668577567
              ],
              [
                -1.670792032714876,
                48.11224636362708
              ],
              [
                -1.670865556831882,
                48.112246103602644
              ],
              [
                -1.670866163118428,
                48.112248340658645
              ],
              [
                -1.670921721063403,
                48.11224804270469
              ],
              [
                -1.670921884608385,
                48.11224589692199
              ],
              [
                -1.670933091366177,
                48.11224577687479
              ],
              [
                -1.67093330500147,
                48.112247734330204
              ],
              [
                -1.67101955129042,
                48.11224850183464
              ],
              [
                -1.67101942107122,
                48.112246767159114
              ],
              [
                -1.67103009093721,
                48.11224660223356
              ],
              [
                -1.671030543206208,
                48.112248609465446
              ],
              [
                -1.67120324821611,
                48.11224966707809
              ],
              [
                -1.671203411045197,
                48.11224784030229
              ],
              [
                -1.671214537280936,
                48.11224766312721
              ],
              [
                -1.671214574619524,
                48.11224963495311
              ],
              [
                -1.671298736352866,
                48.11225019048151
              ],
              [
                -1.671298854314978,
                48.11224819522599
              ],
              [
                -1.671313994598311,
                48.112248259548444
              ],
              [
                -1.671309112340938,
                48.112286499259504
              ],
              [
                -1.671305754089503,
                48.11231019235888
              ],
              [
                -1.671304991136067,
                48.11231825729278
              ],
              [
                -1.67129787384397,
                48.11237901362695
              ],
              [
                -1.671291750525755,
                48.11242751197351
              ],
              [
                -1.671274317264071,
                48.11254900680445
              ],
              [
                -1.671258767930383,
                48.112633237043624
              ],
              [
                -1.671261694689454,
                48.11292670016677
              ],
              [
                -1.671276532179362,
                48.11317035845757
              ],
              [
                -1.671276957556877,
                48.11317737132202
              ],
              [
                -1.671280047203085,
                48.11322125134357
              ],
              [
                -1.671280892465109,
                48.11323327061343
              ],
              [
                -1.67129355639592,
                48.113411031867116
              ],
              [
                -1.671293715611768,
                48.11341439359718
              ],
              [
                -1.671294850507467,
                48.11343828440629
              ],
              [
                -1.671305095437144,
                48.11380446295647
              ],
              [
                -1.671322435902662,
                48.11383610239995
              ],
              [
                -1.671349664544005,
                48.11385961256463
              ],
              [
                -1.671378615436349,
                48.11387429886642
              ],
              [
                -1.671414530060028,
                48.11388343460519
              ],
              [
                -1.671457008278507,
                48.113888276802776
              ],
              [
                -1.671487730755951,
                48.113887509848254
              ],
              [
                -1.671529651196689,
                48.11388475433345
              ],
              [
                -1.671738932917647,
                48.113865390300454
              ],
              [
                -1.671765191604728,
                48.11386230055355
              ],
              [
                -1.671771236556147,
                48.11386163956355
              ],
              [
                -1.672411936235513,
                48.11379285315337
              ],
              [
                -1.672410937912572,
                48.11378762696328
              ],
              [
                -1.672540066518618,
                48.11377286726814
              ],
              [
                -1.672759427834807,
                48.113747793463624
              ],
              [
                -1.673119319690406,
                48.1136987848575
              ],
              [
                -1.673180042920169,
                48.11369868774711
              ],
              [
                -1.673180043408334,
                48.113698693133706
              ],
              [
                -1.673487131237486,
                48.11367972469764
              ],
              [
                -1.673482028635336,
                48.11374219609798
              ],
              [
                -1.67346899803843,
                48.11407350888739
              ],
              [
                -1.673467284975411,
                48.11411547831356
              ],
              [
                -1.673466086102661,
                48.11414382066891
              ],
              [
                -1.673461502151968,
                48.11425952427487
              ],
              [
                -1.673453978107607,
                48.114353181025
              ],
              [
                -1.673804974127519,
                48.11439550232402
              ],
              [
                -1.673804980912113,
                48.11439550294933
              ],
              [
                -1.673799244472005,
                48.11441628413847
              ],
              [
                -1.673778019280442,
                48.114499315528256
              ],
              [
                -1.6737705391008,
                48.11452845654308
              ],
              [
                -1.673748601260912,
                48.114614389502236
              ],
              [
                -1.673733579940736,
                48.114673068669816
              ],
              [
                -1.673591337353971,
                48.11465758113789
              ],
              [
                -1.67359520739997,
                48.114644666481745
              ],
              [
                -1.67352980216155,
                48.1146371670024
              ],
              [
                -1.673532083669473,
                48.114628356413185
              ],
              [
                -1.67351751496599,
                48.114626589527006
              ],
              [
                -1.673515969472257,
                48.11463129324341
              ],
              [
                -1.673514611475293,
                48.11463542629616
              ],
              [
                -1.673451226704635,
                48.1146281870621
              ],
              [
                -1.673452869173531,
                48.11461933306466
              ],
              [
                -1.673441491201661,
                48.11461791135406
              ],
              [
                -1.673439167475266,
                48.11462677591885
              ],
              [
                -1.673376751097042,
                48.11461962073358
              ],
              [
                -1.673379213789374,
                48.11461055228703
              ],
              [
                -1.673367641256988,
                48.11460907720377
              ],
              [
                -1.67336509013742,
                48.11461828350339
              ],
              [
                -1.673226759190242,
                48.11460240678253
              ],
              [
                -1.673227817597928,
                48.11459825128138
              ],
              [
                -1.673227891575094,
                48.11459796083332
              ],
              [
                -1.673214403968096,
                48.11459636352694
              ],
              [
                -1.673213413864746,
                48.11460089470173
              ],
              [
                -1.673178680331495,
                48.11459690784128
              ],
              [
                -1.67314598338249,
                48.11459315473224
              ],
              [
                -1.673150063961244,
                48.114578449221355
              ],
              [
                -1.673157124028828,
                48.114579203938476
              ],
              [
                -1.673159558697617,
                48.114569573467726
              ],
              [
                -1.673152741734441,
                48.11456879895928
              ],
              [
                -1.673160259326184,
                48.11454170010721
              ],
              [
                -1.673168549154515,
                48.11454294368623
              ],
              [
                -1.673171604401356,
                48.11453414761612
              ],
              [
                -1.673162754766353,
                48.11453271053096
              ],
              [
                -1.673169653645634,
                48.1145078417422
              ],
              [
                -1.673184644720515,
                48.1145095185186
              ],
              [
                -1.673188018677571,
                48.114499443490956
              ],
              [
                -1.673172376688645,
                48.1144980229414
              ],
              [
                -1.67317563188512,
                48.11448883488884
              ],
              [
                -1.673161467945823,
                48.114487049707805
              ],
              [
                -1.673158736044958,
                48.114496206581336
              ],
              [
                -1.673030496238549,
                48.114479129296356
              ],
              [
                -1.673033006668743,
                48.11447042562786
              ],
              [
                -1.673033040591415,
                48.11447030803819
              ],
              [
                -1.673019207698727,
                48.114467988567846
              ],
              [
                -1.673015736100993,
                48.1144771646846
              ],
              [
                -1.673002538475919,
                48.114475203251786
              ],
              [
                -1.672999520746218,
                48.11448539355021
              ],
              [
                -1.673009856238413,
                48.11448708523329
              ],
              [
                -1.673010656472701,
                48.11448721621204
              ],
              [
                -1.672988066520038,
                48.11456397734882
              ],
              [
                -1.672967100810711,
                48.11456013027869
              ],
              [
                -1.672965673496783,
                48.11456505631605
              ],
              [
                -1.672964246182583,
                48.11456998235339
              ],
              [
                -1.672941087389533,
                48.11456704347476
              ],
              [
                -1.672917928599116,
                48.114564104591466
              ],
              [
                -1.67292054683553,
                48.114554613542225
              ],
              [
                -1.672905330364845,
                48.11455260258298
              ],
              [
                -1.672902610568837,
                48.114562160833856
              ],
              [
                -1.672858487319014,
                48.114556561512536
              ],
              [
                -1.672861412973742,
                48.11454560724888
              ],
              [
                -1.672847039209154,
                48.11454392697029
              ],
              [
                -1.672843585796221,
                48.11455467020392
              ],
              [
                -1.672834798654437,
                48.11455355499368
              ],
              [
                -1.672707095490617,
                48.11453734754522
              ],
              [
                -1.672709681385461,
                48.11452821193714
              ],
              [
                -1.672698185275393,
                48.114526807570385
              ],
              [
                -1.672695499106233,
                48.1145358760683
              ],
              [
                -1.672682182109589,
                48.11453418616627
              ],
              [
                -1.672681263463652,
                48.114537027059555
              ],
              [
                -1.672522542956791,
                48.11451980884537
              ],
              [
                -1.672472366627561,
                48.11451289468906
              ],
              [
                -1.672446261797489,
                48.11451011236624
              ],
              [
                -1.671882608912369,
                48.11444767852445
              ],
              [
                -1.671723033819344,
                48.114429768922925
              ],
              [
                -1.671678350646485,
                48.11445686919914
              ],
              [
                -1.671617644871904,
                48.114492293909954
              ],
              [
                -1.671573504688295,
                48.11451775466095
              ],
              [
                -1.671590261430971,
                48.114654131987756
              ],
              [
                -1.671632982927235,
                48.11499299255544
              ],
              [
                -1.671637588320503,
                48.1150248294666
              ],
              [
                -1.671670024798246,
                48.1153033919936
              ],
              [
                -1.671676652367822,
                48.11536443961799
              ],
              [
                -1.671694785320898,
                48.115363380356655
              ],
              [
                -1.671709647706499,
                48.11536396145421
              ],
              [
                -1.671691329043727,
                48.11547061919122
              ],
              [
                -1.671683076198518,
                48.11552644593782
              ]
            ]
          ]
        ]
      },
      "properties": {
        "kind": "boundary",
        "source": "Rennes Métropole",
        "source_id": "v_evert_rm.fid--75dfcf00_1a08a2bb262_-7482"
      }
    },
    {
      "type": "Feature",
      "id": "osm-thabor-water-97469495",
      "geometry": {
        "type": "Polygon",
        "coordinates": [
          [
            [
              -1.6669089,
              48.114475
            ],
            [
              -1.6669178,
              48.1144751
            ],
            [
              -1.6669267,
              48.1144741
            ],
            [
              -1.6669351,
              48.1144721
            ],
            [
              -1.6669429,
              48.1144692
            ],
            [
              -1.6669498,
              48.1144654
            ],
            [
              -1.6669556,
              48.1144608
            ],
            [
              -1.6669601,
              48.1144557
            ],
            [
              -1.6669632,
              48.1144501
            ],
            [
              -1.6669649,
              48.1144442
            ],
            [
              -1.6669649,
              48.1144382
            ],
            [
              -1.6669635,
              48.1144324
            ],
            [
              -1.6669605,
              48.1144267
            ],
            [
              -1.6669561,
              48.1144215
            ],
            [
              -1.6669504,
              48.1144169
            ],
            [
              -1.6669436,
              48.1144131
            ],
            [
              -1.6669359,
              48.11441
            ],
            [
              -1.6669275,
              48.1144079
            ],
            [
              -1.6669187,
              48.1144068
            ],
            [
              -1.6669098,
              48.1144068
            ],
            [
              -1.6669009,
              48.1144078
            ],
            [
              -1.6668925,
              48.1144098
            ],
            [
              -1.6668847,
              48.1144127
            ],
            [
              -1.6668778,
              48.1144165
            ],
            [
              -1.666872,
              48.1144211
            ],
            [
              -1.6668675,
              48.1144262
            ],
            [
              -1.6668644,
              48.1144318
            ],
            [
              -1.6668627,
              48.1144377
            ],
            [
              -1.6668627,
              48.1144436
            ],
            [
              -1.6668641,
              48.1144495
            ],
            [
              -1.6668671,
              48.1144551
            ],
            [
              -1.6668715,
              48.1144603
            ],
            [
              -1.6668772,
              48.1144649
            ],
            [
              -1.666884,
              48.1144688
            ],
            [
              -1.6668917,
              48.1144718
            ],
            [
              -1.6669001,
              48.1144739
            ],
            [
              -1.6669089,
              48.114475
            ]
          ]
        ]
      },
      "properties": {
        "kind": "water",
        "source": "OpenStreetMap",
        "source_id": "way/97469495"
      }
    },
    {
      "type": "Feature",
      "id": "osm-thabor-water-207283348",
      "geometry": {
        "type": "Polygon",
        "coordinates": [
          [
            [
              -1.6689553,
              48.113353
            ],
            [
              -1.6689542,
              48.113342
            ],
            [
              -1.6689583,
              48.1133275
            ],
            [
              -1.6689632,
              48.1133195
            ],
            [
              -1.6689767,
              48.1133111
            ],
            [
              -1.6689954,
              48.1133083
            ],
            [
              -1.6690142,
              48.1133111
            ],
            [
              -1.6690276,
              48.1133198
            ],
            [
              -1.6690328,
              48.1133313
            ],
            [
              -1.6690291,
              48.1133415
            ],
            [
              -1.6690216,
              48.1133553
            ],
            [
              -1.6690149,
              48.1133638
            ],
            [
              -1.6690047,
              48.1133713
            ],
            [
              -1.6689935,
              48.1133766
            ],
            [
              -1.6689853,
              48.1133786
            ],
            [
              -1.6689713,
              48.1133773
            ],
            [
              -1.6689654,
              48.1133708
            ],
            [
              -1.6689594,
              48.1133641
            ],
            [
              -1.6689553,
              48.113353
            ]
          ]
        ]
      },
      "properties": {
        "kind": "water",
        "source": "OpenStreetMap",
        "source_id": "way/207283348"
      }
    },
    {
      "type": "Feature",
      "id": "osm-thabor-water-386245256",
      "geometry": {
        "type": "Polygon",
        "coordinates": [
          [
            [
              -1.6711117,
              48.1124554
            ],
            [
              -1.6711094,
              48.1124614
            ],
            [
              -1.6711045,
              48.1124659
            ],
            [
              -1.6710976,
              48.1124688
            ],
            [
              -1.6710886,
              48.1124696
            ],
            [
              -1.671081,
              48.1124679
            ],
            [
              -1.671074,
              48.1124644
            ],
            [
              -1.6710708,
              48.1124599
            ],
            [
              -1.671069,
              48.1124534
            ],
            [
              -1.6710776,
              48.1123697
            ],
            [
              -1.6710798,
              48.1123637
            ],
            [
              -1.6710848,
              48.1123593
            ],
            [
              -1.6710922,
              48.1123572
            ],
            [
              -1.671101,
              48.1123567
            ],
            [
              -1.6711097,
              48.1123576
            ],
            [
              -1.6711164,
              48.1123608
            ],
            [
              -1.6711201,
              48.1123659
            ],
            [
              -1.6711204,
              48.1123717
            ],
            [
              -1.6711117,
              48.1124554
            ]
          ]
        ]
      },
      "properties": {
        "kind": "water",
        "source": "OpenStreetMap",
        "source_id": "way/386245256"
      }
    },
    {
      "type": "Feature",
      "id": "osm-thabor-water-386245257",
      "geometry": {
        "type": "Polygon",
        "coordinates": [
          [
            [
              -1.6711439,
              48.1125694
            ],
            [
              -1.6711284,
              48.1125267
            ],
            [
              -1.671127,
              48.1125247
            ],
            [
              -1.6711247,
              48.1125234
            ],
            [
              -1.6711212,
              48.1125228
            ],
            [
              -1.6711173,
              48.112523
            ],
            [
              -1.6711145,
              48.1125238
            ],
            [
              -1.6711123,
              48.1125253
            ],
            [
              -1.671111,
              48.1125271
            ],
            [
              -1.671111,
              48.1125295
            ],
            [
              -1.6711265,
              48.1125722
            ],
            [
              -1.6711439,
              48.1125694
            ]
          ]
        ]
      },
      "properties": {
        "kind": "water",
        "source": "OpenStreetMap",
        "source_id": "way/386245257"
      }
    },
    {
      "type": "Feature",
      "id": "osm-thabor-water-386245258",
      "geometry": {
        "type": "Polygon",
        "coordinates": [
          [
            [
              -1.6710544,
              48.1125275
            ],
            [
              -1.6710552,
              48.1125251
            ],
            [
              -1.6710539,
              48.1125229
            ],
            [
              -1.6710524,
              48.1125212
            ],
            [
              -1.6710494,
              48.11252
            ],
            [
              -1.6710465,
              48.1125192
            ],
            [
              -1.671043,
              48.1125195
            ],
            [
              -1.6710402,
              48.1125205
            ],
            [
              -1.671038,
              48.1125226
            ],
            [
              -1.6710113,
              48.1125624
            ],
            [
              -1.6710277,
              48.1125673
            ],
            [
              -1.6710544,
              48.1125275
            ]
          ]
        ]
      },
      "properties": {
        "kind": "water",
        "source": "OpenStreetMap",
        "source_id": "way/386245258"
      }
    },
    {
      "type": "Feature",
      "id": "osm-thabor-water-386245259",
      "geometry": {
        "type": "Polygon",
        "coordinates": [
          [
            [
              -1.6711836,
              48.1124992
            ],
            [
              -1.6711808,
              48.1124979
            ],
            [
              -1.6711772,
              48.1124976
            ],
            [
              -1.6711735,
              48.1124981
            ],
            [
              -1.6711704,
              48.1124998
            ],
            [
              -1.6711688,
              48.1125018
            ],
            [
              -1.6711684,
              48.1125038
            ],
            [
              -1.6711693,
              48.1125061
            ],
            [
              -1.671171,
              48.1125079
            ],
            [
              -1.6712279,
              48.1125447
            ],
            [
              -1.6712406,
              48.112536
            ],
            [
              -1.6711836,
              48.1124992
            ]
          ]
        ]
      },
      "properties": {
        "kind": "water",
        "source": "OpenStreetMap",
        "source_id": "way/386245259"
      }
    },
    {
      "type": "Feature",
      "id": "osm-thabor-water-386245260",
      "geometry": {
        "type": "Polygon",
        "coordinates": [
          [
            [
              -1.6709936,
              48.112501
            ],
            [
              -1.6709954,
              48.1124992
            ],
            [
              -1.6709961,
              48.1124972
            ],
            [
              -1.6709956,
              48.1124954
            ],
            [
              -1.6709941,
              48.1124933
            ],
            [
              -1.670992,
              48.1124923
            ],
            [
              -1.6709889,
              48.1124918
            ],
            [
              -1.6709859,
              48.1124919
            ],
            [
              -1.6709828,
              48.1124928
            ],
            [
              -1.6709251,
              48.1125266
            ],
            [
              -1.6709358,
              48.1125348
            ],
            [
              -1.6709936,
              48.112501
            ]
          ]
        ]
      },
      "properties": {
        "kind": "water",
        "source": "OpenStreetMap",
        "source_id": "way/386245260"
      }
    },
    {
      "type": "Feature",
      "id": "osm-thabor-water-658923212",
      "geometry": {
        "type": "Polygon",
        "coordinates": [
          [
            [
              -1.668639,
              48.1149893
            ],
            [
              -1.6686391,
              48.1149957
            ],
            [
              -1.6685938,
              48.1149962
            ],
            [
              -1.6685938,
              48.1150011
            ],
            [
              -1.6685891,
              48.1150082
            ],
            [
              -1.6685839,
              48.1150113
            ],
            [
              -1.6685744,
              48.1150132
            ],
            [
              -1.6685647,
              48.1150129
            ],
            [
              -1.6685554,
              48.1150116
            ],
            [
              -1.6685494,
              48.1150083
            ],
            [
              -1.6685453,
              48.1150015
            ],
            [
              -1.6685452,
              48.1149969
            ],
            [
              -1.6685022,
              48.1149974
            ],
            [
              -1.668502,
              48.1149909
            ],
            [
              -1.6684897,
              48.114991
            ],
            [
              -1.668479,
              48.1149899
            ],
            [
              -1.6684722,
              48.1149878
            ],
            [
              -1.6684638,
              48.1149826
            ],
            [
              -1.6684583,
              48.1149764
            ],
            [
              -1.6684555,
              48.1149703
            ],
            [
              -1.6684549,
              48.1149628
            ],
            [
              -1.6684555,
              48.1149571
            ],
            [
              -1.6684585,
              48.1149505
            ],
            [
              -1.668464,
              48.1149456
            ],
            [
              -1.668471,
              48.1149408
            ],
            [
              -1.6684801,
              48.1149378
            ],
            [
              -1.6684883,
              48.1149369
            ],
            [
              -1.6685002,
              48.1149368
            ],
            [
              -1.6685,
              48.1149311
            ],
            [
              -1.6685438,
              48.1149305
            ],
            [
              -1.6685437,
              48.1149248
            ],
            [
              -1.6685446,
              48.1149206
            ],
            [
              -1.668547,
              48.1149172
            ],
            [
              -1.6685526,
              48.1149141
            ],
            [
              -1.6685591,
              48.1149122
            ],
            [
              -1.6685661,
              48.1149117
            ],
            [
              -1.6685723,
              48.114912
            ],
            [
              -1.6685787,
              48.1149131
            ],
            [
              -1.6685835,
              48.1149153
            ],
            [
              -1.6685876,
              48.1149181
            ],
            [
              -1.668591,
              48.1149208
            ],
            [
              -1.6685922,
              48.1149243
            ],
            [
              -1.6685924,
              48.11493
            ],
            [
              -1.6686371,
              48.1149293
            ],
            [
              -1.6686373,
              48.1149352
            ],
            [
              -1.6686463,
              48.1149351
            ],
            [
              -1.6686572,
              48.1149368
            ],
            [
              -1.6686617,
              48.1149382
            ],
            [
              -1.6686651,
              48.1149396
            ],
            [
              -1.6686729,
              48.1149444
            ],
            [
              -1.6686768,
              48.1149476
            ],
            [
              -1.6686793,
              48.1149512
            ],
            [
              -1.6686819,
              48.1149577
            ],
            [
              -1.6686829,
              48.1149631
            ],
            [
              -1.6686819,
              48.11497
            ],
            [
              -1.6686798,
              48.1149747
            ],
            [
              -1.6686758,
              48.1149787
            ],
            [
              -1.6686718,
              48.1149821
            ],
            [
              -1.6686658,
              48.1149855
            ],
            [
              -1.6686603,
              48.1149876
            ],
            [
              -1.6686477,
              48.1149892
            ],
            [
              -1.668639,
              48.1149893
            ]
          ]
        ]
      },
      "properties": {
        "kind": "water",
        "source": "OpenStreetMap",
        "source_id": "way/658923212"
      }
    },
    {
      "type": "Feature",
      "id": "osm-thabor-water-658923213",
      "geometry": {
        "type": "Polygon",
        "coordinates": [
          [
            [
              -1.6696043,
              48.1149732
            ],
            [
              -1.6696045,
              48.1149796
            ],
            [
              -1.6695591,
              48.1149801
            ],
            [
              -1.6695591,
              48.114985
            ],
            [
              -1.6695544,
              48.1149921
            ],
            [
              -1.6695492,
              48.1149952
            ],
            [
              -1.6695397,
              48.1149971
            ],
            [
              -1.66953,
              48.1149968
            ],
            [
              -1.6695207,
              48.1149955
            ],
            [
              -1.6695147,
              48.1149922
            ],
            [
              -1.6695106,
              48.1149854
            ],
            [
              -1.6695105,
              48.1149807
            ],
            [
              -1.6694675,
              48.1149813
            ],
            [
              -1.6694673,
              48.1149748
            ],
            [
              -1.669455,
              48.1149749
            ],
            [
              -1.6694443,
              48.1149738
            ],
            [
              -1.6694375,
              48.1149717
            ],
            [
              -1.6694291,
              48.1149665
            ],
            [
              -1.6694236,
              48.1149603
            ],
            [
              -1.6694208,
              48.1149542
            ],
            [
              -1.6694202,
              48.1149467
            ],
            [
              -1.6694208,
              48.114941
            ],
            [
              -1.6694238,
              48.1149344
            ],
            [
              -1.6694293,
              48.1149295
            ],
            [
              -1.6694363,
              48.1149247
            ],
            [
              -1.6694454,
              48.1149217
            ],
            [
              -1.6694536,
              48.1149208
            ],
            [
              -1.6694656,
              48.1149207
            ],
            [
              -1.6694654,
              48.1149149
            ],
            [
              -1.6695091,
              48.1149144
            ],
            [
              -1.669509,
              48.1149087
            ],
            [
              -1.6695099,
              48.1149045
            ],
            [
              -1.6695123,
              48.1149011
            ],
            [
              -1.6695179,
              48.114898
            ],
            [
              -1.6695244,
              48.1148961
            ],
            [
              -1.6695314,
              48.1148956
            ],
            [
              -1.6695376,
              48.1148959
            ],
            [
              -1.669544,
              48.114897
            ],
            [
              -1.6695488,
              48.1148992
            ],
            [
              -1.6695529,
              48.114902
            ],
            [
              -1.6695563,
              48.1149047
            ],
            [
              -1.6695575,
              48.1149082
            ],
            [
              -1.6695577,
              48.1149138
            ],
            [
              -1.6696024,
              48.1149132
            ],
            [
              -1.6696026,
              48.1149191
            ],
            [
              -1.6696116,
              48.114919
            ],
            [
              -1.6696225,
              48.1149207
            ],
            [
              -1.669627,
              48.1149221
            ],
            [
              -1.6696304,
              48.1149235
            ],
            [
              -1.6696382,
              48.1149283
            ],
            [
              -1.6696421,
              48.1149315
            ],
            [
              -1.6696446,
              48.1149351
            ],
            [
              -1.6696472,
              48.1149416
            ],
            [
              -1.6696482,
              48.114947
            ],
            [
              -1.6696472,
              48.1149539
            ],
            [
              -1.6696451,
              48.1149586
            ],
            [
              -1.6696411,
              48.1149626
            ],
            [
              -1.6696371,
              48.114966
            ],
            [
              -1.6696311,
              48.1149694
            ],
            [
              -1.6696256,
              48.1149715
            ],
            [
              -1.669613,
              48.1149731
            ],
            [
              -1.6696043,
              48.1149732
            ]
          ]
        ]
      },
      "properties": {
        "kind": "water",
        "source": "OpenStreetMap",
        "source_id": "way/658923213"
      }
    },
    {
      "type": "Feature",
      "id": "osm-thabor-path-22811168",
      "geometry": {
        "type": "LineString",
        "coordinates": [
          [
            -1.6670067,
            48.1144249
          ],
          [
            -1.6670039,
            48.1144188
          ],
          [
            -1.6670002,
            48.114413
          ],
          [
            -1.6669956,
            48.1144074
          ],
          [
            -1.6669903,
            48.1144021
          ],
          [
            -1.6669842,
            48.1143972
          ],
          [
            -1.6669774,
            48.1143927
          ],
          [
            -1.6669699,
            48.1143887
          ],
          [
            -1.666962,
            48.1143852
          ],
          [
            -1.6669535,
            48.1143822
          ],
          [
            -1.6669447,
            48.1143798
          ]
        ]
      },
      "properties": {
        "kind": "path",
        "source": "OpenStreetMap",
        "source_id": "way/22811168"
      }
    },
    {
      "type": "Feature",
      "id": "osm-thabor-path-22811169",
      "geometry": {
        "type": "LineString",
        "coordinates": [
          [
            -1.6674527,
            48.1144408
          ],
          [
            -1.6674516,
            48.1144187
          ],
          [
            -1.6674484,
            48.1143966
          ],
          [
            -1.6674433,
            48.1143748
          ],
          [
            -1.6674362,
            48.1143532
          ],
          [
            -1.6674271,
            48.1143319
          ],
          [
            -1.6674161,
            48.114311
          ],
          [
            -1.6674032,
            48.1142906
          ],
          [
            -1.6673885,
            48.1142708
          ],
          [
            -1.667372,
            48.1142517
          ],
          [
            -1.6673537,
            48.1142331
          ],
          [
            -1.6673337,
            48.1142154
          ],
          [
            -1.6673121,
            48.1141985
          ],
          [
            -1.6672891,
            48.1141826
          ],
          [
            -1.6672648,
            48.1141676
          ],
          [
            -1.6672391,
            48.1141537
          ],
          [
            -1.6672121,
            48.1141409
          ],
          [
            -1.6671841,
            48.1141291
          ],
          [
            -1.667155,
            48.1141185
          ],
          [
            -1.6671249,
            48.1141091
          ],
          [
            -1.6670939,
            48.114101
          ],
          [
            -1.6670623,
            48.1140941
          ],
          [
            -1.66703,
            48.1140885
          ],
          [
            -1.6669973,
            48.1140843
          ],
          [
            -1.6669643,
            48.1140814
          ],
          [
            -1.6669389,
            48.1140801
          ],
          [
            -1.6669135,
            48.1140796
          ],
          [
            -1.6668804,
            48.1140801
          ],
          [
            -1.6668475,
            48.114082
          ],
          [
            -1.6668148,
            48.1140852
          ],
          [
            -1.6667824,
            48.1140898
          ],
          [
            -1.6667506,
            48.1140956
          ],
          [
            -1.6667193,
            48.1141028
          ],
          [
            -1.6666826,
            48.114113
          ],
          [
            -1.6666472,
            48.114125
          ],
          [
            -1.6666132,
            48.1141388
          ],
          [
            -1.6665807,
            48.1141541
          ],
          [
            -1.6665501,
            48.114171
          ],
          [
            -1.6665256,
            48.1141865
          ],
          [
            -1.6665025,
            48.1142029
          ],
          [
            -1.6664811,
            48.1142203
          ],
          [
            -1.6664613,
            48.1142386
          ],
          [
            -1.6664432,
            48.1142576
          ],
          [
            -1.666427,
            48.1142774
          ],
          [
            -1.6664129,
            48.1142973
          ],
          [
            -1.6664007,
            48.1143177
          ],
          [
            -1.6663904,
            48.1143385
          ],
          [
            -1.666382,
            48.1143598
          ],
          [
            -1.6663755,
            48.1143813
          ],
          [
            -1.666371,
            48.1144031
          ],
          [
            -1.666369,
            48.1144193
          ],
          [
            -1.666368,
            48.1144382
          ],
          [
            -1.6663687,
            48.1144608
          ],
          [
            -1.6663715,
            48.1144833
          ],
          [
            -1.6663765,
            48.1145056
          ],
          [
            -1.6663835,
            48.1145277
          ],
          [
            -1.6663925,
            48.1145495
          ],
          [
            -1.6664036,
            48.1145708
          ],
          [
            -1.6664237,
            48.1146017
          ],
          [
            -1.6664481,
            48.1146312
          ],
          [
            -1.6664765,
            48.114659
          ],
          [
            -1.6665086,
            48.114685
          ],
          [
            -1.6665364,
            48.114704
          ],
          [
            -1.6665663,
            48.1147216
          ],
          [
            -1.6665979,
            48.1147377
          ],
          [
            -1.6666313,
            48.1147522
          ],
          [
            -1.6666661,
            48.114765
          ],
          [
            -1.6667023,
            48.1147761
          ],
          [
            -1.6667396,
            48.1147854
          ],
          [
            -1.6667778,
            48.1147928
          ],
          [
            -1.6668167,
            48.1147984
          ],
          [
            -1.6668562,
            48.114802
          ],
          [
            -1.6668828,
            48.1148033
          ],
          [
            -1.6669094,
            48.1148038
          ],
          [
            -1.6669399,
            48.1148033
          ],
          [
            -1.6669727,
            48.1148014
          ],
          [
            -1.6670053,
            48.1147982
          ],
          [
            -1.6670376,
            48.1147937
          ],
          [
            -1.6670693,
            48.1147879
          ],
          [
            -1.6671005,
            48.1147808
          ],
          [
            -1.667131,
            48.1147725
          ],
          [
            -1.6671607,
            48.1147629
          ],
          [
            -1.6671895,
            48.1147521
          ],
          [
            -1.6672172,
            48.1147403
          ],
          [
            -1.6672438,
            48.1147273
          ]
        ]
      },
      "properties": {
        "kind": "path",
        "source": "OpenStreetMap",
        "source_id": "way/22811169"
      }
    },
    {
      "type": "Feature",
      "id": "osm-thabor-path-22811171",
      "geometry": {
        "type": "LineString",
        "coordinates": [
          [
            -1.6668157,
            48.1144368
          ],
          [
            -1.6667675,
            48.114435
          ],
          [
            -1.6667384,
            48.1144339
          ],
          [
            -1.6667143,
            48.1144329
          ],
          [
            -1.6666791,
            48.1144315
          ],
          [
            -1.6666451,
            48.1144302
          ],
          [
            -1.666615,
            48.114429
          ],
          [
            -1.6665828,
            48.1144277
          ],
          [
            -1.6665529,
            48.1144266
          ],
          [
            -1.6665225,
            48.1144254
          ],
          [
            -1.6664899,
            48.1144241
          ],
          [
            -1.6664589,
            48.1144229
          ],
          [
            -1.6664269,
            48.1144216
          ],
          [
            -1.6663927,
            48.1144203
          ],
          [
            -1.666369,
            48.1144193
          ],
          [
            -1.6663453,
            48.1144184
          ],
          [
            -1.6662547,
            48.1144148
          ],
          [
            -1.6661063,
            48.114409
          ],
          [
            -1.6660836,
            48.1144081
          ]
        ]
      },
      "properties": {
        "kind": "path",
        "source": "OpenStreetMap",
        "source_id": "way/22811171"
      }
    },
    {
      "type": "Feature",
      "id": "osm-thabor-path-22811179",
      "geometry": {
        "type": "LineString",
        "coordinates": [
          [
            -1.6695281,
            48.1150183
          ],
          [
            -1.6695776,
            48.115008
          ],
          [
            -1.6696068,
            48.115
          ],
          [
            -1.6696377,
            48.1149863
          ],
          [
            -1.6696514,
            48.1149788
          ],
          [
            -1.669663,
            48.11497
          ],
          [
            -1.6696701,
            48.114958
          ],
          [
            -1.6696717,
            48.1149453
          ],
          [
            -1.6696679,
            48.1149343
          ],
          [
            -1.6696585,
            48.114924
          ],
          [
            -1.6696469,
            48.1149158
          ],
          [
            -1.6696343,
            48.114909
          ],
          [
            -1.6695952,
            48.1148935
          ],
          [
            -1.6695621,
            48.1148846
          ],
          [
            -1.6695232,
            48.1148806
          ]
        ]
      },
      "properties": {
        "kind": "path",
        "source": "OpenStreetMap",
        "source_id": "way/22811179"
      }
    },
    {
      "type": "Feature",
      "id": "osm-thabor-path-22811180",
      "geometry": {
        "type": "LineString",
        "coordinates": [
          [
            -1.6700022,
            48.1140545
          ],
          [
            -1.6699706,
            48.1140697
          ],
          [
            -1.6699567,
            48.1140877
          ],
          [
            -1.6699374,
            48.1141515
          ],
          [
            -1.6698957,
            48.1143286
          ],
          [
            -1.6698294,
            48.1144633
          ],
          [
            -1.6697807,
            48.1145441
          ],
          [
            -1.6697539,
            48.1145869
          ],
          [
            -1.6697155,
            48.1146292
          ],
          [
            -1.6696625,
            48.1146692
          ],
          [
            -1.6696089,
            48.1146985
          ],
          [
            -1.6695459,
            48.1147265
          ],
          [
            -1.6695256,
            48.1147454
          ],
          [
            -1.6695188,
            48.1147714
          ],
          [
            -1.6695187,
            48.1147973
          ],
          [
            -1.6695232,
            48.1148806
          ]
        ]
      },
      "properties": {
        "kind": "path",
        "source": "OpenStreetMap",
        "source_id": "way/22811180"
      }
    },
    {
      "type": "Feature",
      "id": "osm-thabor-path-22811181",
      "geometry": {
        "type": "LineString",
        "coordinates": [
          [
            -1.6685602,
            48.1148957
          ],
          [
            -1.6685624,
            48.1148063
          ],
          [
            -1.6685595,
            48.1147648
          ],
          [
            -1.6685467,
            48.1147321
          ],
          [
            -1.6685072,
            48.1146771
          ],
          [
            -1.6684683,
            48.1146412
          ],
          [
            -1.6684227,
            48.1146057
          ],
          [
            -1.6683713,
            48.1145723
          ],
          [
            -1.6683169,
            48.1145422
          ],
          [
            -1.6682587,
            48.11452
          ],
          [
            -1.6681747,
            48.1145058
          ],
          [
            -1.6680927,
            48.1144981
          ],
          [
            -1.6679934,
            48.1144906
          ],
          [
            -1.6678553,
            48.114481
          ],
          [
            -1.6677354,
            48.1144768
          ]
        ]
      },
      "properties": {
        "kind": "path",
        "source": "OpenStreetMap",
        "source_id": "way/22811181"
      }
    },
    {
      "type": "Feature",
      "id": "osm-thabor-path-22811183",
      "geometry": {
        "type": "LineString",
        "coordinates": [
          [
            -1.6669065,
            48.1145058
          ],
          [
            -1.6669041,
            48.1145371
          ],
          [
            -1.6669024,
            48.1145578
          ],
          [
            -1.6669013,
            48.1145727
          ],
          [
            -1.6668993,
            48.1145965
          ],
          [
            -1.6668977,
            48.1146169
          ],
          [
            -1.6668961,
            48.1146374
          ],
          [
            -1.6668944,
            48.1146587
          ],
          [
            -1.6668927,
            48.1146791
          ],
          [
            -1.666891,
            48.1147003
          ],
          [
            -1.6668894,
            48.1147206
          ],
          [
            -1.6668877,
            48.1147424
          ],
          [
            -1.6668859,
            48.1147637
          ],
          [
            -1.6668842,
            48.1147852
          ],
          [
            -1.6668828,
            48.1148033
          ],
          [
            -1.6668812,
            48.1148225
          ],
          [
            -1.6668741,
            48.1149111
          ],
          [
            -1.6668671,
            48.1149993
          ],
          [
            -1.666866,
            48.1150122
          ]
        ]
      },
      "properties": {
        "kind": "path",
        "source": "OpenStreetMap",
        "source_id": "way/22811183"
      }
    },
    {
      "type": "Feature",
      "id": "osm-thabor-path-22811185",
      "geometry": {
        "type": "LineString",
        "coordinates": [
          [
            -1.667372,
            48.1142517
          ],
          [
            -1.6673807,
            48.1141688
          ],
          [
            -1.6673886,
            48.1141294
          ],
          [
            -1.6673907,
            48.1140849
          ],
          [
            -1.6674191,
            48.1140238
          ],
          [
            -1.6674453,
            48.1139823
          ],
          [
            -1.6674917,
            48.1139464
          ],
          [
            -1.6675437,
            48.1139155
          ]
        ]
      },
      "properties": {
        "kind": "path",
        "source": "OpenStreetMap",
        "source_id": "way/22811185"
      }
    },
    {
      "type": "Feature",
      "id": "osm-thabor-path-22811188",
      "geometry": {
        "type": "LineString",
        "coordinates": [
          [
            -1.666149,
            48.1138834
          ],
          [
            -1.6661317,
            48.1138821
          ],
          [
            -1.6660902,
            48.113879
          ]
        ]
      },
      "properties": {
        "kind": "path",
        "source": "OpenStreetMap",
        "source_id": "way/22811188"
      }
    },
    {
      "type": "Feature",
      "id": "osm-thabor-path-22811189",
      "geometry": {
        "type": "LineString",
        "coordinates": [
          [
            -1.6663294,
            48.1138951
          ],
          [
            -1.6662387,
            48.1138895
          ]
        ]
      },
      "properties": {
        "kind": "path",
        "source": "OpenStreetMap",
        "source_id": "way/22811189"
      }
    },
    {
      "type": "Feature",
      "id": "osm-thabor-path-22811190",
      "geometry": {
        "type": "LineString",
        "coordinates": [
          [
            -1.6712041,
            48.1137954
          ],
          [
            -1.6711192,
            48.1137854
          ],
          [
            -1.6710705,
            48.1137871
          ],
          [
            -1.6709431,
            48.1137976
          ],
          [
            -1.6707352,
            48.1138191
          ],
          [
            -1.6705515,
            48.1138397
          ],
          [
            -1.670452,
            48.1138591
          ],
          [
            -1.670156,
            48.1139105
          ]
        ]
      },
      "properties": {
        "kind": "path",
        "source": "OpenStreetMap",
        "source_id": "way/22811190"
      }
    },
    {
      "type": "Feature",
      "id": "osm-thabor-path-22811191",
      "geometry": {
        "type": "LineString",
        "coordinates": [
          [
            -1.671485,
            48.1139877
          ],
          [
            -1.6713977,
            48.1139452
          ],
          [
            -1.6713271,
            48.113892
          ],
          [
            -1.6712599,
            48.1138226
          ],
          [
            -1.6712041,
            48.1137954
          ],
          [
            -1.6711077,
            48.1137393
          ],
          [
            -1.6708207,
            48.1135977
          ],
          [
            -1.6706622,
            48.1135452
          ],
          [
            -1.6703863,
            48.1134598
          ],
          [
            -1.6700924,
            48.1133747
          ],
          [
            -1.6698028,
            48.1132932
          ],
          [
            -1.669706,
            48.1132747
          ],
          [
            -1.6695603,
            48.1132546
          ],
          [
            -1.6695079,
            48.1132525
          ],
          [
            -1.669448,
            48.1132546
          ],
          [
            -1.6693164,
            48.1132671
          ],
          [
            -1.6691812,
            48.1132179
          ]
        ]
      },
      "properties": {
        "kind": "path",
        "source": "OpenStreetMap",
        "source_id": "way/22811191"
      }
    },
    {
      "type": "Feature",
      "id": "osm-thabor-path-22811192",
      "geometry": {
        "type": "LineString",
        "coordinates": [
          [
            -1.6695321,
            48.1127482
          ],
          [
            -1.6695287,
            48.1127291
          ]
        ]
      },
      "properties": {
        "kind": "path",
        "source": "OpenStreetMap",
        "source_id": "way/22811192"
      }
    },
    {
      "type": "Feature",
      "id": "osm-thabor-path-22811194",
      "geometry": {
        "type": "LineString",
        "coordinates": [
          [
            -1.6711163,
            48.1133487
          ],
          [
            -1.6712062,
            48.1132542
          ],
          [
            -1.6710682,
            48.1131616
          ],
          [
            -1.6710495,
            48.1131476
          ]
        ]
      },
      "properties": {
        "kind": "path",
        "source": "OpenStreetMap",
        "source_id": "way/22811194"
      }
    },
    {
      "type": "Feature",
      "id": "osm-thabor-path-22811195",
      "geometry": {
        "type": "LineString",
        "coordinates": [
          [
            -1.670974,
            48.1133495
          ],
          [
            -1.6709321,
            48.1133505
          ],
          [
            -1.6704478,
            48.1133655
          ],
          [
            -1.6704289,
            48.1133686
          ],
          [
            -1.6704171,
            48.1133787
          ],
          [
            -1.6703863,
            48.1134598
          ]
        ]
      },
      "properties": {
        "kind": "path",
        "source": "OpenStreetMap",
        "source_id": "way/22811195"
      }
    },
    {
      "type": "Feature",
      "id": "osm-thabor-path-22811196",
      "geometry": {
        "type": "LineString",
        "coordinates": [
          [
            -1.6685695,
            48.1151908
          ],
          [
            -1.6685678,
            48.115119
          ]
        ]
      },
      "properties": {
        "kind": "path",
        "source": "OpenStreetMap",
        "source_id": "way/22811196"
      }
    },
    {
      "type": "Feature",
      "id": "osm-thabor-path-22813644",
      "geometry": {
        "type": "LineString",
        "coordinates": [
          [
            -1.6690466,
            48.1151129
          ],
          [
            -1.6690411,
            48.1147979
          ]
        ]
      },
      "properties": {
        "kind": "path",
        "source": "OpenStreetMap",
        "source_id": "way/22813644"
      }
    },
    {
      "type": "Feature",
      "id": "osm-thabor-path-22813646",
      "geometry": {
        "type": "LineString",
        "coordinates": [
          [
            -1.6695339,
            48.1151798
          ],
          [
            -1.6695319,
            48.1151066
          ]
        ]
      },
      "properties": {
        "kind": "path",
        "source": "OpenStreetMap",
        "source_id": "way/22813646"
      }
    },
    {
      "type": "Feature",
      "id": "osm-thabor-path-22948261",
      "geometry": {
        "type": "LineString",
        "coordinates": [
          [
            -1.6708151,
            48.1153759
          ],
          [
            -1.6708585,
            48.1152386
          ],
          [
            -1.6708935,
            48.1151082
          ],
          [
            -1.6708914,
            48.1150704
          ]
        ]
      },
      "properties": {
        "kind": "path",
        "source": "OpenStreetMap",
        "source_id": "way/22948261"
      }
    },
    {
      "type": "Feature",
      "id": "osm-thabor-path-22948262",
      "geometry": {
        "type": "LineString",
        "coordinates": [
          [
            -1.6672203,
            48.1150243
          ],
          [
            -1.6672189,
            48.114917
          ],
          [
            -1.6672176,
            48.114814
          ],
          [
            -1.6672201,
            48.1147704
          ],
          [
            -1.6672438,
            48.1147273
          ]
        ]
      },
      "properties": {
        "kind": "path",
        "source": "OpenStreetMap",
        "source_id": "way/22948262"
      }
    },
    {
      "type": "Feature",
      "id": "osm-thabor-path-23251874",
      "geometry": {
        "type": "LineString",
        "coordinates": [
          [
            -1.6685678,
            48.115119
          ],
          [
            -1.6685664,
            48.1150329
          ]
        ]
      },
      "properties": {
        "kind": "path",
        "source": "OpenStreetMap",
        "source_id": "way/23251874"
      }
    },
    {
      "type": "Feature",
      "id": "osm-thabor-path-23274005",
      "geometry": {
        "type": "LineString",
        "coordinates": [
          [
            -1.6685664,
            48.1150329
          ],
          [
            -1.6686078,
            48.1150265
          ],
          [
            -1.6686431,
            48.1150168
          ],
          [
            -1.6686681,
            48.1150088
          ],
          [
            -1.6686894,
            48.1149986
          ],
          [
            -1.6687022,
            48.1149903
          ],
          [
            -1.668712,
            48.1149788
          ],
          [
            -1.6687146,
            48.1149655
          ],
          [
            -1.6687116,
            48.1149517
          ],
          [
            -1.6687011,
            48.1149402
          ],
          [
            -1.668684,
            48.1149291
          ],
          [
            -1.6686618,
            48.1149185
          ],
          [
            -1.6686357,
            48.1149099
          ],
          [
            -1.6685993,
            48.1149005
          ],
          [
            -1.6685811,
            48.1148975
          ],
          [
            -1.6685602,
            48.1148957
          ]
        ]
      },
      "properties": {
        "kind": "path",
        "source": "OpenStreetMap",
        "source_id": "way/23274005"
      }
    },
    {
      "type": "Feature",
      "id": "osm-thabor-path-24555493",
      "geometry": {
        "type": "LineString",
        "coordinates": [
          [
            -1.669988,
            48.1139858
          ],
          [
            -1.6699567,
            48.1139244
          ],
          [
            -1.6699576,
            48.113883
          ],
          [
            -1.6699745,
            48.1137977
          ],
          [
            -1.6699912,
            48.1136856
          ],
          [
            -1.6699947,
            48.1136202
          ],
          [
            -1.6699797,
            48.1135724
          ],
          [
            -1.6699452,
            48.1135168
          ],
          [
            -1.6698265,
            48.1133438
          ],
          [
            -1.6698028,
            48.1132932
          ],
          [
            -1.6697963,
            48.1132665
          ],
          [
            -1.6698138,
            48.1132034
          ],
          [
            -1.6698512,
            48.1131371
          ],
          [
            -1.6698815,
            48.1131026
          ],
          [
            -1.6699413,
            48.1130617
          ],
          [
            -1.6700477,
            48.112989
          ],
          [
            -1.6700613,
            48.1129797
          ],
          [
            -1.670112,
            48.1129595
          ],
          [
            -1.6701791,
            48.1129223
          ],
          [
            -1.6702557,
            48.1128805
          ],
          [
            -1.670567,
            48.1126639
          ],
          [
            -1.6707139,
            48.1125473
          ]
        ]
      },
      "properties": {
        "kind": "path",
        "source": "OpenStreetMap",
        "source_id": "way/24555493"
      }
    },
    {
      "type": "Feature",
      "id": "osm-thabor-path-33826014",
      "geometry": {
        "type": "LineString",
        "coordinates": [
          [
            -1.6711855,
            48.1125601
          ],
          [
            -1.6711494,
            48.1125188
          ]
        ]
      },
      "properties": {
        "kind": "path",
        "source": "OpenStreetMap",
        "source_id": "way/33826014"
      }
    },
    {
      "type": "Feature",
      "id": "osm-thabor-path-33826015",
      "geometry": {
        "type": "LineString",
        "coordinates": [
          [
            -1.6711252,
            48.1128458
          ],
          [
            -1.6710828,
            48.1128401
          ],
          [
            -1.6710305,
            48.1128386
          ],
          [
            -1.6707886,
            48.1128468
          ]
        ]
      },
      "properties": {
        "kind": "path",
        "source": "OpenStreetMap",
        "source_id": "way/33826015"
      }
    },
    {
      "type": "Feature",
      "id": "osm-thabor-path-33826017",
      "geometry": {
        "type": "LineString",
        "coordinates": [
          [
            -1.6696895,
            48.115178
          ],
          [
            -1.6695339,
            48.1151798
          ],
          [
            -1.6693007,
            48.1151826
          ],
          [
            -1.6690486,
            48.1151854
          ],
          [
            -1.6685695,
            48.1151908
          ],
          [
            -1.6680892,
            48.1151964
          ],
          [
            -1.668067,
            48.1151942
          ],
          [
            -1.6680505,
            48.1151873
          ],
          [
            -1.6680432,
            48.1151788
          ],
          [
            -1.6680391,
            48.115169
          ],
          [
            -1.6680365,
            48.1151259
          ],
          [
            -1.6680319,
            48.1151052
          ],
          [
            -1.6680219,
            48.1150887
          ],
          [
            -1.6679503,
            48.1150372
          ],
          [
            -1.6679238,
            48.1150018
          ],
          [
            -1.6679212,
            48.1149691
          ],
          [
            -1.6679317,
            48.1149297
          ],
          [
            -1.6679596,
            48.1148961
          ],
          [
            -1.6680086,
            48.1148643
          ],
          [
            -1.6680278,
            48.1148395
          ],
          [
            -1.6680306,
            48.1148157
          ],
          [
            -1.6680189,
            48.1147661
          ],
          [
            -1.6679948,
            48.1147189
          ],
          [
            -1.6679726,
            48.1146837
          ],
          [
            -1.6679385,
            48.1146422
          ],
          [
            -1.6679013,
            48.1146022
          ],
          [
            -1.6678593,
            48.1145619
          ],
          [
            -1.66781,
            48.1145215
          ],
          [
            -1.6677736,
            48.114498
          ],
          [
            -1.6677354,
            48.1144768
          ],
          [
            -1.6675966,
            48.1144462
          ]
        ]
      },
      "properties": {
        "kind": "path",
        "source": "OpenStreetMap",
        "source_id": "way/33826017"
      }
    },
    {
      "type": "Feature",
      "id": "osm-thabor-path-33826019",
      "geometry": {
        "type": "LineString",
        "coordinates": [
          [
            -1.6692316,
            48.1140905
          ],
          [
            -1.6692021,
            48.1140621
          ],
          [
            -1.669163,
            48.1140263
          ],
          [
            -1.6690948,
            48.1139594
          ],
          [
            -1.6690548,
            48.1139234
          ],
          [
            -1.6689772,
            48.1138679
          ],
          [
            -1.6688705,
            48.1138027
          ],
          [
            -1.6687859,
            48.1137589
          ],
          [
            -1.6687713,
            48.1137451
          ],
          [
            -1.6687675,
            48.1137291
          ],
          [
            -1.6687736,
            48.1137137
          ],
          [
            -1.668789,
            48.1136988
          ],
          [
            -1.6689157,
            48.1135785
          ],
          [
            -1.6691812,
            48.1132179
          ],
          [
            -1.6692469,
            48.1131247
          ],
          [
            -1.6693472,
            48.1129801
          ],
          [
            -1.6695355,
            48.1127645
          ]
        ]
      },
      "properties": {
        "kind": "path",
        "source": "OpenStreetMap",
        "source_id": "way/33826019"
      }
    },
    {
      "type": "Feature",
      "id": "osm-thabor-path-97469496",
      "geometry": {
        "type": "LineString",
        "coordinates": [
          [
            -1.6714306,
            48.1140187
          ],
          [
            -1.6712406,
            48.1140169
          ],
          [
            -1.6711965,
            48.1139629
          ],
          [
            -1.6709721,
            48.113979
          ],
          [
            -1.6706804,
            48.1140007
          ],
          [
            -1.6708508,
            48.1148626
          ],
          [
            -1.6708719,
            48.1149693
          ]
        ]
      },
      "properties": {
        "kind": "path",
        "source": "OpenStreetMap",
        "source_id": "way/97469496"
      }
    },
    {
      "type": "Feature",
      "id": "osm-thabor-path-97469497",
      "geometry": {
        "type": "LineString",
        "coordinates": [
          [
            -1.670494,
            48.1140182
          ],
          [
            -1.6706804,
            48.1140007
          ]
        ]
      },
      "properties": {
        "kind": "path",
        "source": "OpenStreetMap",
        "source_id": "way/97469497"
      }
    },
    {
      "type": "Feature",
      "id": "osm-thabor-path-152093705",
      "geometry": {
        "type": "LineString",
        "coordinates": [
          [
            -1.6710348,
            48.1131504
          ],
          [
            -1.6710495,
            48.1131476
          ],
          [
            -1.6711215,
            48.1131
          ],
          [
            -1.671147,
            48.1130518
          ],
          [
            -1.6711593,
            48.112989
          ],
          [
            -1.6711465,
            48.1129211
          ],
          [
            -1.6711252,
            48.1128458
          ],
          [
            -1.6711455,
            48.1128177
          ],
          [
            -1.6711635,
            48.1127871
          ],
          [
            -1.6711784,
            48.1127416
          ],
          [
            -1.6711869,
            48.1126959
          ],
          [
            -1.6711809,
            48.1126673
          ],
          [
            -1.6711616,
            48.1126406
          ],
          [
            -1.67113,
            48.1126205
          ],
          [
            -1.6710954,
            48.1126087
          ],
          [
            -1.6710754,
            48.1126053
          ],
          [
            -1.6709372,
            48.1125818
          ]
        ]
      },
      "properties": {
        "kind": "path",
        "source": "OpenStreetMap",
        "source_id": "way/152093705"
      }
    },
    {
      "type": "Feature",
      "id": "osm-thabor-path-152093709",
      "geometry": {
        "type": "LineString",
        "coordinates": [
          [
            -1.6669166,
            48.1143763
          ],
          [
            -1.666919,
            48.1143454
          ],
          [
            -1.6669205,
            48.114326
          ],
          [
            -1.666922,
            48.1143056
          ],
          [
            -1.6669236,
            48.114285
          ],
          [
            -1.6669253,
            48.1142622
          ],
          [
            -1.6669268,
            48.1142414
          ],
          [
            -1.6669283,
            48.1142216
          ],
          [
            -1.6669299,
            48.1142004
          ],
          [
            -1.6669315,
            48.1141793
          ],
          [
            -1.666933,
            48.1141585
          ],
          [
            -1.6669346,
            48.1141377
          ],
          [
            -1.6669362,
            48.1141166
          ],
          [
            -1.6669379,
            48.1140934
          ],
          [
            -1.6669389,
            48.1140801
          ],
          [
            -1.6669404,
            48.1140604
          ]
        ]
      },
      "properties": {
        "kind": "path",
        "source": "OpenStreetMap",
        "source_id": "way/152093709"
      }
    },
    {
      "type": "Feature",
      "id": "osm-thabor-path-152093711",
      "geometry": {
        "type": "LineString",
        "coordinates": [
          [
            -1.6696975,
            48.1126707
          ],
          [
            -1.6696229,
            48.1126487
          ],
          [
            -1.6695821,
            48.1126484
          ]
        ]
      },
      "properties": {
        "kind": "path",
        "source": "OpenStreetMap",
        "source_id": "way/152093711"
      }
    },
    {
      "type": "Feature",
      "id": "osm-thabor-path-152094485",
      "geometry": {
        "type": "LineString",
        "coordinates": [
          [
            -1.6708914,
            48.1150704
          ],
          [
            -1.6708719,
            48.1149693
          ]
        ]
      },
      "properties": {
        "kind": "path",
        "source": "OpenStreetMap",
        "source_id": "way/152094485"
      }
    },
    {
      "type": "Feature",
      "id": "osm-thabor-path-156958544",
      "geometry": {
        "type": "LineString",
        "coordinates": [
          [
            -1.6717466,
            48.1138645
          ],
          [
            -1.6717374,
            48.113833
          ]
        ]
      },
      "properties": {
        "kind": "path",
        "source": "OpenStreetMap",
        "source_id": "way/156958544"
      }
    },
    {
      "type": "Feature",
      "id": "osm-thabor-path-156961823",
      "geometry": {
        "type": "LineString",
        "coordinates": [
          [
            -1.6723661,
            48.1150152
          ],
          [
            -1.6724832,
            48.1145042
          ]
        ]
      },
      "properties": {
        "kind": "path",
        "source": "OpenStreetMap",
        "source_id": "way/156961823"
      }
    },
    {
      "type": "Feature",
      "id": "osm-thabor-path-183121367",
      "geometry": {
        "type": "LineString",
        "coordinates": [
          [
            -1.6709721,
            48.113979
          ],
          [
            -1.6709918,
            48.1140647
          ]
        ]
      },
      "properties": {
        "kind": "path",
        "source": "OpenStreetMap",
        "source_id": "way/183121367"
      }
    },
    {
      "type": "Feature",
      "id": "osm-thabor-path-183121368",
      "geometry": {
        "type": "LineString",
        "coordinates": [
          [
            -1.6670825,
            48.1148719
          ],
          [
            -1.6671235,
            48.1148303
          ],
          [
            -1.6671448,
            48.1148093
          ]
        ]
      },
      "properties": {
        "kind": "path",
        "source": "OpenStreetMap",
        "source_id": "way/183121368"
      }
    },
    {
      "type": "Feature",
      "id": "osm-thabor-path-183121371",
      "geometry": {
        "type": "LineString",
        "coordinates": [
          [
            -1.6678753,
            48.1151241
          ],
          [
            -1.667645,
            48.1150434
          ],
          [
            -1.6676355,
            48.1148226
          ],
          [
            -1.6676269,
            48.1146513
          ]
        ]
      },
      "properties": {
        "kind": "path",
        "source": "OpenStreetMap",
        "source_id": "way/183121371"
      }
    },
    {
      "type": "Feature",
      "id": "osm-thabor-path-183121373",
      "geometry": {
        "type": "LineString",
        "coordinates": [
          [
            -1.6709918,
            48.1140647
          ],
          [
            -1.6710028,
            48.1141214
          ],
          [
            -1.671012,
            48.1141568
          ]
        ]
      },
      "properties": {
        "kind": "path",
        "source": "OpenStreetMap",
        "source_id": "way/183121373"
      }
    },
    {
      "type": "Feature",
      "id": "osm-thabor-path-183121374",
      "geometry": {
        "type": "LineString",
        "coordinates": [
          [
            -1.6669587,
            48.1149125
          ],
          [
            -1.6669014,
            48.1149116
          ],
          [
            -1.6668741,
            48.1149111
          ]
        ]
      },
      "properties": {
        "kind": "path",
        "source": "OpenStreetMap",
        "source_id": "way/183121374"
      }
    },
    {
      "type": "Feature",
      "id": "osm-thabor-path-183121378",
      "geometry": {
        "type": "LineString",
        "coordinates": [
          [
            -1.6667568,
            48.1150084
          ],
          [
            -1.666758,
            48.1149956
          ],
          [
            -1.6667654,
            48.1148838
          ],
          [
            -1.6667641,
            48.1148787
          ],
          [
            -1.6667592,
            48.1148725
          ],
          [
            -1.6667531,
            48.1148684
          ],
          [
            -1.6667408,
            48.1148651
          ],
          [
            -1.6666775,
            48.1148524
          ],
          [
            -1.6666448,
            48.1148436
          ],
          [
            -1.6666117,
            48.1148332
          ],
          [
            -1.6665861,
            48.1148224
          ],
          [
            -1.6665604,
            48.1148098
          ],
          [
            -1.6665236,
            48.1147874
          ],
          [
            -1.6665158,
            48.1147842
          ],
          [
            -1.6665085,
            48.114783
          ],
          [
            -1.6665017,
            48.1147834
          ],
          [
            -1.6664917,
            48.1147871
          ],
          [
            -1.6663322,
            48.1148817
          ],
          [
            -1.6663272,
            48.1148837
          ],
          [
            -1.6663205,
            48.1148848
          ],
          [
            -1.6663154,
            48.1148837
          ],
          [
            -1.6663096,
            48.1148812
          ],
          [
            -1.6662657,
            48.1148474
          ],
          [
            -1.6662523,
            48.1148369
          ],
          [
            -1.6662387,
            48.1148267
          ],
          [
            -1.6661838,
            48.1147861
          ],
          [
            -1.6661819,
            48.1147815
          ],
          [
            -1.666185,
            48.1147774
          ],
          [
            -1.6663215,
            48.1146966
          ],
          [
            -1.6663242,
            48.1146919
          ],
          [
            -1.6663228,
            48.1146884
          ],
          [
            -1.6662844,
            48.1146588
          ],
          [
            -1.6663206,
            48.114637
          ],
          [
            -1.6663222,
            48.114633
          ],
          [
            -1.6663194,
            48.1146293
          ],
          [
            -1.6662344,
            48.1145683
          ],
          [
            -1.6662774,
            48.1145424
          ],
          [
            -1.6662789,
            48.1145391
          ],
          [
            -1.666277,
            48.1145357
          ],
          [
            -1.6662376,
            48.1145079
          ],
          [
            -1.6662312,
            48.1145061
          ],
          [
            -1.6662248,
            48.1145079
          ],
          [
            -1.6661665,
            48.1145451
          ],
          [
            -1.6661609,
            48.1145465
          ],
          [
            -1.6661551,
            48.1145449
          ],
          [
            -1.6660932,
            48.114498
          ],
          [
            -1.6660733,
            48.1144832
          ]
        ]
      },
      "properties": {
        "kind": "path",
        "source": "OpenStreetMap",
        "source_id": "way/183121378"
      }
    },
    {
      "type": "Feature",
      "id": "osm-thabor-path-183121380",
      "geometry": {
        "type": "LineString",
        "coordinates": [
          [
            -1.6671187,
            48.1150208
          ],
          [
            -1.6671097,
            48.1150073
          ],
          [
            -1.6670758,
            48.1149625
          ]
        ]
      },
      "properties": {
        "kind": "path",
        "source": "OpenStreetMap",
        "source_id": "way/183121380"
      }
    },
    {
      "type": "Feature",
      "id": "osm-thabor-path-183121381",
      "geometry": {
        "type": "LineString",
        "coordinates": [
          [
            -1.671012,
            48.1141568
          ],
          [
            -1.6710589,
            48.114158
          ],
          [
            -1.6710952,
            48.1141675
          ],
          [
            -1.671135,
            48.1141787
          ],
          [
            -1.6711607,
            48.1141982
          ],
          [
            -1.6711826,
            48.1142907
          ]
        ]
      },
      "properties": {
        "kind": "path",
        "source": "OpenStreetMap",
        "source_id": "way/183121381"
      }
    },
    {
      "type": "Feature",
      "id": "osm-thabor-path-183121382",
      "geometry": {
        "type": "LineString",
        "coordinates": [
          [
            -1.6670358,
            48.1149762
          ],
          [
            -1.6670758,
            48.1149625
          ],
          [
            -1.6671166,
            48.1149484
          ],
          [
            -1.6671186,
            48.1149186
          ],
          [
            -1.6671204,
            48.1148882
          ],
          [
            -1.6670825,
            48.1148719
          ],
          [
            -1.6670447,
            48.1148562
          ],
          [
            -1.6670017,
            48.1148702
          ],
          [
            -1.6669606,
            48.1148833
          ],
          [
            -1.6669587,
            48.1149125
          ],
          [
            -1.666957,
            48.1149433
          ],
          [
            -1.6669955,
            48.1149593
          ],
          [
            -1.6670358,
            48.1149762
          ]
        ]
      },
      "properties": {
        "kind": "path",
        "source": "OpenStreetMap",
        "source_id": "way/183121382"
      }
    },
    {
      "type": "Feature",
      "id": "osm-thabor-path-207283346",
      "geometry": {
        "type": "LineString",
        "coordinates": [
          [
            -1.6695842,
            48.1128248
          ],
          [
            -1.6696606,
            48.1127577
          ],
          [
            -1.6697384,
            48.112694
          ]
        ]
      },
      "properties": {
        "kind": "path",
        "source": "OpenStreetMap",
        "source_id": "way/207283346"
      }
    },
    {
      "type": "Feature",
      "id": "osm-thabor-path-207283347",
      "geometry": {
        "type": "LineString",
        "coordinates": [
          [
            -1.6700924,
            48.1133747
          ],
          [
            -1.6700941,
            48.113352
          ],
          [
            -1.670095,
            48.1132254
          ],
          [
            -1.6701107,
            48.1131643
          ],
          [
            -1.6701379,
            48.1131045
          ]
        ]
      },
      "properties": {
        "kind": "path",
        "source": "OpenStreetMap",
        "source_id": "way/207283347"
      }
    },
    {
      "type": "Feature",
      "id": "osm-thabor-path-207283349",
      "geometry": {
        "type": "LineString",
        "coordinates": [
          [
            -1.670112,
            48.1129595
          ],
          [
            -1.6701166,
            48.112978
          ],
          [
            -1.6701381,
            48.1130066
          ],
          [
            -1.6701459,
            48.1130221
          ],
          [
            -1.6701486,
            48.1130562
          ],
          [
            -1.6701379,
            48.1131045
          ]
        ]
      },
      "properties": {
        "kind": "path",
        "source": "OpenStreetMap",
        "source_id": "way/207283349"
      }
    },
    {
      "type": "Feature",
      "id": "osm-thabor-path-207283355",
      "geometry": {
        "type": "LineString",
        "coordinates": [
          [
            -1.6696418,
            48.112701
          ],
          [
            -1.6697384,
            48.112694
          ],
          [
            -1.6697968,
            48.112694
          ],
          [
            -1.670061,
            48.1127397
          ],
          [
            -1.6701086,
            48.1127576
          ],
          [
            -1.6701495,
            48.1127786
          ],
          [
            -1.6702138,
            48.1128386
          ],
          [
            -1.6702557,
            48.1128805
          ],
          [
            -1.6702838,
            48.1129237
          ],
          [
            -1.6703548,
            48.1130464
          ],
          [
            -1.6704516,
            48.1131407
          ],
          [
            -1.6704701,
            48.1131527
          ],
          [
            -1.6704927,
            48.1131621
          ],
          [
            -1.6706474,
            48.1131596
          ],
          [
            -1.6709211,
            48.1131562
          ],
          [
            -1.6709648,
            48.1131535
          ]
        ]
      },
      "properties": {
        "kind": "path",
        "source": "OpenStreetMap",
        "source_id": "way/207283355"
      }
    },
    {
      "type": "Feature",
      "id": "osm-thabor-path-207283357",
      "geometry": {
        "type": "LineString",
        "coordinates": [
          [
            -1.6690834,
            48.1131251
          ],
          [
            -1.6691492,
            48.113121
          ],
          [
            -1.6691786,
            48.1131201
          ],
          [
            -1.6692078,
            48.1131206
          ],
          [
            -1.6692337,
            48.1131241
          ],
          [
            -1.6692469,
            48.1131247
          ]
        ]
      },
      "properties": {
        "kind": "path",
        "source": "OpenStreetMap",
        "source_id": "way/207283357"
      }
    },
    {
      "type": "Feature",
      "id": "osm-thabor-path-255922418",
      "geometry": {
        "type": "LineString",
        "coordinates": [
          [
            -1.6672377,
            48.1144333
          ],
          [
            -1.6672366,
            48.1144207
          ],
          [
            -1.6672344,
            48.1144081
          ],
          [
            -1.667231,
            48.1143957
          ],
          [
            -1.6672267,
            48.1143834
          ],
          [
            -1.6672212,
            48.1143713
          ],
          [
            -1.6672148,
            48.1143594
          ],
          [
            -1.6672071,
            48.1143476
          ],
          [
            -1.6671985,
            48.1143361
          ],
          [
            -1.6671888,
            48.1143249
          ],
          [
            -1.6671782,
            48.1143142
          ],
          [
            -1.6671666,
            48.1143039
          ],
          [
            -1.6671542,
            48.114294
          ],
          [
            -1.6671409,
            48.1142847
          ],
          [
            -1.6671268,
            48.1142759
          ],
          [
            -1.667112,
            48.1142677
          ],
          [
            -1.6670964,
            48.1142601
          ],
          [
            -1.6670803,
            48.1142531
          ],
          [
            -1.6670635,
            48.1142467
          ],
          [
            -1.6670461,
            48.114241
          ],
          [
            -1.6670283,
            48.114236
          ],
          [
            -1.6670101,
            48.1142317
          ],
          [
            -1.6669915,
            48.1142281
          ],
          [
            -1.6669727,
            48.1142253
          ],
          [
            -1.6669536,
            48.1142232
          ]
        ]
      },
      "properties": {
        "kind": "path",
        "source": "OpenStreetMap",
        "source_id": "way/255922418"
      }
    },
    {
      "type": "Feature",
      "id": "osm-thabor-path-255922419",
      "geometry": {
        "type": "LineString",
        "coordinates": [
          [
            -1.6706484,
            48.1147704
          ],
          [
            -1.6704395,
            48.1147768
          ],
          [
            -1.6702204,
            48.1147867
          ],
          [
            -1.6700352,
            48.1147905
          ],
          [
            -1.6695187,
            48.1147973
          ],
          [
            -1.6690411,
            48.1147979
          ],
          [
            -1.6685624,
            48.1148063
          ],
          [
            -1.6680306,
            48.1148157
          ],
          [
            -1.6678112,
            48.1148196
          ],
          [
            -1.6676355,
            48.1148226
          ],
          [
            -1.6674161,
            48.1148224
          ],
          [
            -1.6672176,
            48.114814
          ],
          [
            -1.6671448,
            48.1148093
          ],
          [
            -1.6669399,
            48.1148033
          ]
        ]
      },
      "properties": {
        "kind": "path",
        "source": "OpenStreetMap",
        "source_id": "way/255922419"
      }
    },
    {
      "type": "Feature",
      "id": "osm-thabor-path-255922421",
      "geometry": {
        "type": "LineString",
        "coordinates": [
          [
            -1.6671453,
            48.1144301
          ],
          [
            -1.6671441,
            48.1144216
          ],
          [
            -1.6671422,
            48.1144131
          ],
          [
            -1.6671395,
            48.1144047
          ],
          [
            -1.6671362,
            48.1143965
          ],
          [
            -1.6671323,
            48.1143883
          ],
          [
            -1.6671276,
            48.1143803
          ],
          [
            -1.6671221,
            48.1143723
          ],
          [
            -1.667116,
            48.1143645
          ],
          [
            -1.6671092,
            48.1143569
          ],
          [
            -1.6671017,
            48.1143496
          ],
          [
            -1.6670937,
            48.1143425
          ],
          [
            -1.6670851,
            48.1143358
          ],
          [
            -1.6670759,
            48.1143295
          ],
          [
            -1.6670662,
            48.1143235
          ],
          [
            -1.6670561,
            48.1143179
          ],
          [
            -1.6670454,
            48.1143127
          ],
          [
            -1.6670344,
            48.1143078
          ],
          [
            -1.667023,
            48.1143034
          ],
          [
            -1.6670112,
            48.1142995
          ],
          [
            -1.6669992,
            48.114296
          ],
          [
            -1.6669869,
            48.114293
          ],
          [
            -1.6669744,
            48.1142904
          ],
          [
            -1.6669617,
            48.1142884
          ],
          [
            -1.6669488,
            48.1142867
          ]
        ]
      },
      "properties": {
        "kind": "path",
        "source": "OpenStreetMap",
        "source_id": "way/255922421"
      }
    },
    {
      "type": "Feature",
      "id": "osm-thabor-path-255922422",
      "geometry": {
        "type": "LineString",
        "coordinates": [
          [
            -1.6673031,
            48.1144356
          ],
          [
            -1.667302,
            48.1144201
          ],
          [
            -1.6672995,
            48.1144046
          ],
          [
            -1.6672957,
            48.1143893
          ],
          [
            -1.6672905,
            48.1143742
          ],
          [
            -1.667284,
            48.1143592
          ],
          [
            -1.6672762,
            48.1143446
          ],
          [
            -1.6672669,
            48.1143302
          ],
          [
            -1.6672564,
            48.1143161
          ],
          [
            -1.6672446,
            48.1143025
          ],
          [
            -1.6672316,
            48.1142895
          ],
          [
            -1.6672175,
            48.1142769
          ],
          [
            -1.6672023,
            48.1142649
          ],
          [
            -1.667186,
            48.1142536
          ],
          [
            -1.6671688,
            48.114243
          ],
          [
            -1.6671506,
            48.1142331
          ],
          [
            -1.6671316,
            48.1142239
          ],
          [
            -1.6671117,
            48.1142155
          ],
          [
            -1.6670912,
            48.1142079
          ],
          [
            -1.66707,
            48.1142012
          ],
          [
            -1.6670481,
            48.1141953
          ],
          [
            -1.6670258,
            48.1141903
          ],
          [
            -1.6670031,
            48.1141862
          ],
          [
            -1.6669801,
            48.114183
          ],
          [
            -1.6669568,
            48.1141807
          ]
        ]
      },
      "properties": {
        "kind": "path",
        "source": "OpenStreetMap",
        "source_id": "way/255922422"
      }
    },
    {
      "type": "Feature",
      "id": "osm-thabor-path-255922423",
      "geometry": {
        "type": "LineString",
        "coordinates": [
          [
            -1.6673322,
            48.1144366
          ],
          [
            -1.6673312,
            48.1144198
          ],
          [
            -1.6673287,
            48.1144031
          ],
          [
            -1.6673247,
            48.1143864
          ],
          [
            -1.6673192,
            48.11437
          ],
          [
            -1.6673122,
            48.1143538
          ],
          [
            -1.6673038,
            48.114338
          ],
          [
            -1.6672939,
            48.1143223
          ],
          [
            -1.6672826,
            48.1143071
          ],
          [
            -1.66727,
            48.1142924
          ],
          [
            -1.667256,
            48.1142781
          ],
          [
            -1.6672408,
            48.1142645
          ],
          [
            -1.6672244,
            48.1142516
          ],
          [
            -1.6672068,
            48.1142393
          ],
          [
            -1.6671882,
            48.1142277
          ],
          [
            -1.6671686,
            48.1142169
          ],
          [
            -1.667148,
            48.1142069
          ],
          [
            -1.6671265,
            48.1141978
          ],
          [
            -1.6671043,
            48.1141896
          ],
          [
            -1.6670813,
            48.1141822
          ],
          [
            -1.6670576,
            48.1141758
          ],
          [
            -1.6670334,
            48.1141703
          ],
          [
            -1.6670087,
            48.1141658
          ],
          [
            -1.6669837,
            48.1141624
          ],
          [
            -1.6669584,
            48.1141599
          ]
        ]
      },
      "properties": {
        "kind": "path",
        "source": "OpenStreetMap",
        "source_id": "way/255922423"
      }
    },
    {
      "type": "Feature",
      "id": "osm-thabor-path-255922424",
      "geometry": {
        "type": "LineString",
        "coordinates": [
          [
            -1.6671764,
            48.1144312
          ],
          [
            -1.6671753,
            48.1144213
          ],
          [
            -1.6671734,
            48.1144114
          ],
          [
            -1.6671706,
            48.1144016
          ],
          [
            -1.667167,
            48.114392
          ],
          [
            -1.6671627,
            48.1143825
          ],
          [
            -1.6671575,
            48.1143732
          ],
          [
            -1.6671514,
            48.1143638
          ],
          [
            -1.6671444,
            48.1143547
          ],
          [
            -1.6671367,
            48.1143458
          ],
          [
            -1.6671282,
            48.1143373
          ],
          [
            -1.6671191,
            48.1143291
          ],
          [
            -1.6671092,
            48.1143212
          ],
          [
            -1.6670986,
            48.1143138
          ],
          [
            -1.6670875,
            48.1143068
          ],
          [
            -1.6670757,
            48.1143002
          ],
          [
            -1.6670634,
            48.1142941
          ],
          [
            -1.6670506,
            48.1142884
          ],
          [
            -1.6670373,
            48.1142833
          ],
          [
            -1.6670236,
            48.1142787
          ],
          [
            -1.6670096,
            48.1142746
          ],
          [
            -1.6669952,
            48.1142711
          ],
          [
            -1.6669805,
            48.1142681
          ],
          [
            -1.6669656,
            48.1142657
          ],
          [
            -1.6669505,
            48.1142639
          ]
        ]
      },
      "properties": {
        "kind": "path",
        "source": "OpenStreetMap",
        "source_id": "way/255922424"
      }
    },
    {
      "type": "Feature",
      "id": "osm-thabor-path-255922426",
      "geometry": {
        "type": "LineString",
        "coordinates": [
          [
            -1.6673966,
            48.1144389
          ],
          [
            -1.6673956,
            48.1144192
          ],
          [
            -1.6673928,
            48.1143996
          ],
          [
            -1.6673882,
            48.1143802
          ],
          [
            -1.6673819,
            48.114361
          ],
          [
            -1.6673738,
            48.1143421
          ],
          [
            -1.667364,
            48.1143235
          ],
          [
            -1.6673525,
            48.1143053
          ],
          [
            -1.6673394,
            48.1142876
          ],
          [
            -1.6673247,
            48.1142704
          ],
          [
            -1.6673084,
            48.1142539
          ],
          [
            -1.6672907,
            48.1142381
          ],
          [
            -1.6672715,
            48.1142231
          ],
          [
            -1.667251,
            48.1142088
          ],
          [
            -1.6672293,
            48.1141955
          ],
          [
            -1.6672064,
            48.114183
          ],
          [
            -1.6671824,
            48.1141715
          ],
          [
            -1.6671574,
            48.114161
          ],
          [
            -1.6671315,
            48.1141515
          ],
          [
            -1.6671046,
            48.114143
          ],
          [
            -1.6670771,
            48.1141357
          ],
          [
            -1.6670489,
            48.1141295
          ],
          [
            -1.6670201,
            48.1141245
          ],
          [
            -1.666991,
            48.1141206
          ],
          [
            -1.6669616,
            48.1141179
          ]
        ]
      },
      "properties": {
        "kind": "path",
        "source": "OpenStreetMap",
        "source_id": "way/255922426"
      }
    },
    {
      "type": "Feature",
      "id": "osm-thabor-path-255922427",
      "geometry": {
        "type": "LineString",
        "coordinates": [
          [
            -1.6708151,
            48.1153759
          ],
          [
            -1.6705381,
            48.1153587
          ],
          [
            -1.6704613,
            48.1153393
          ],
          [
            -1.6703456,
            48.1152935
          ],
          [
            -1.6702646,
            48.115278
          ],
          [
            -1.6696928,
            48.1152808
          ],
          [
            -1.6696895,
            48.115178
          ]
        ]
      },
      "properties": {
        "kind": "path",
        "source": "OpenStreetMap",
        "source_id": "way/255922427"
      }
    },
    {
      "type": "Feature",
      "id": "osm-thabor-path-255922431",
      "geometry": {
        "type": "LineString",
        "coordinates": [
          [
            -1.6672702,
            48.1144344
          ],
          [
            -1.6672691,
            48.1144204
          ],
          [
            -1.6672667,
            48.1144064
          ],
          [
            -1.6672632,
            48.1143925
          ],
          [
            -1.6672584,
            48.1143788
          ],
          [
            -1.6672525,
            48.1143653
          ],
          [
            -1.6672453,
            48.114352
          ],
          [
            -1.6672369,
            48.1143389
          ],
          [
            -1.6672273,
            48.1143261
          ],
          [
            -1.6672166,
            48.1143138
          ],
          [
            -1.6672049,
            48.1143018
          ],
          [
            -1.667192,
            48.1142904
          ],
          [
            -1.6671782,
            48.1142795
          ],
          [
            -1.6671634,
            48.1142692
          ],
          [
            -1.6671478,
            48.1142595
          ],
          [
            -1.6671313,
            48.1142504
          ],
          [
            -1.667114,
            48.114242
          ],
          [
            -1.667096,
            48.1142343
          ],
          [
            -1.6670774,
            48.1142273
          ],
          [
            -1.6670581,
            48.114221
          ],
          [
            -1.6670383,
            48.1142156
          ],
          [
            -1.667018,
            48.1142109
          ],
          [
            -1.6669974,
            48.1142071
          ],
          [
            -1.6669764,
            48.1142041
          ],
          [
            -1.6669552,
            48.1142019
          ]
        ]
      },
      "properties": {
        "kind": "path",
        "source": "OpenStreetMap",
        "source_id": "way/255922431"
      }
    },
    {
      "type": "Feature",
      "id": "osm-thabor-path-255922433",
      "geometry": {
        "type": "LineString",
        "coordinates": [
          [
            -1.667365,
            48.1144378
          ],
          [
            -1.667364,
            48.1144195
          ],
          [
            -1.6673613,
            48.1144013
          ],
          [
            -1.667357,
            48.1143833
          ],
          [
            -1.667351,
            48.1143654
          ],
          [
            -1.6673435,
            48.1143479
          ],
          [
            -1.6673343,
            48.1143306
          ],
          [
            -1.6673236,
            48.1143137
          ],
          [
            -1.6673114,
            48.1142972
          ],
          [
            -1.6672976,
            48.1142813
          ],
          [
            -1.6672825,
            48.1142659
          ],
          [
            -1.667266,
            48.1142512
          ],
          [
            -1.6672481,
            48.1142372
          ],
          [
            -1.6672291,
            48.1142239
          ],
          [
            -1.6672089,
            48.1142115
          ],
          [
            -1.6671876,
            48.1141999
          ],
          [
            -1.6671653,
            48.1141891
          ],
          [
            -1.667142,
            48.1141793
          ],
          [
            -1.6671179,
            48.1141705
          ],
          [
            -1.667093,
            48.1141626
          ],
          [
            -1.6670673,
            48.1141557
          ],
          [
            -1.6670411,
            48.1141499
          ],
          [
            -1.6670144,
            48.1141452
          ],
          [
            -1.6669873,
            48.1141416
          ],
          [
            -1.66696,
            48.114139
          ]
        ]
      },
      "properties": {
        "kind": "path",
        "source": "OpenStreetMap",
        "source_id": "way/255922433"
      }
    },
    {
      "type": "Feature",
      "id": "osm-thabor-path-255922435",
      "geometry": {
        "type": "LineString",
        "coordinates": [
          [
            -1.6672083,
            48.1144323
          ],
          [
            -1.6672072,
            48.114421
          ],
          [
            -1.6672052,
            48.1144097
          ],
          [
            -1.6672021,
            48.1143985
          ],
          [
            -1.6671982,
            48.1143875
          ],
          [
            -1.6671932,
            48.1143766
          ],
          [
            -1.6671874,
            48.114366
          ],
          [
            -1.6671805,
            48.1143553
          ],
          [
            -1.6671727,
            48.114345
          ],
          [
            -1.6671639,
            48.1143349
          ],
          [
            -1.6671543,
            48.1143252
          ],
          [
            -1.6671439,
            48.1143159
          ],
          [
            -1.6671327,
            48.114307
          ],
          [
            -1.6671207,
            48.1142986
          ],
          [
            -1.667108,
            48.1142907
          ],
          [
            -1.6670946,
            48.1142833
          ],
          [
            -1.6670806,
            48.1142764
          ],
          [
            -1.667066,
            48.1142701
          ],
          [
            -1.6670509,
            48.1142643
          ],
          [
            -1.6670353,
            48.1142592
          ],
          [
            -1.6670193,
            48.1142546
          ],
          [
            -1.6670029,
            48.1142507
          ],
          [
            -1.6669862,
            48.1142475
          ],
          [
            -1.6669692,
            48.1142449
          ],
          [
            -1.6669521,
            48.114243
          ]
        ]
      },
      "properties": {
        "kind": "path",
        "source": "OpenStreetMap",
        "source_id": "way/255922435"
      }
    },
    {
      "type": "Feature",
      "id": "osm-thabor-path-255922436",
      "geometry": {
        "type": "LineString",
        "coordinates": [
          [
            -1.6671141,
            48.114429
          ],
          [
            -1.6671129,
            48.1144219
          ],
          [
            -1.6671113,
            48.1144148
          ],
          [
            -1.667109,
            48.1144077
          ],
          [
            -1.6671062,
            48.1144008
          ],
          [
            -1.6671028,
            48.114394
          ],
          [
            -1.6670989,
            48.1143872
          ],
          [
            -1.6670942,
            48.1143804
          ],
          [
            -1.667089,
            48.1143738
          ],
          [
            -1.6670832,
            48.1143673
          ],
          [
            -1.6670769,
            48.1143611
          ],
          [
            -1.66707,
            48.1143551
          ],
          [
            -1.6670627,
            48.1143494
          ],
          [
            -1.6670549,
            48.114344
          ],
          [
            -1.6670467,
            48.1143389
          ],
          [
            -1.667038,
            48.1143341
          ],
          [
            -1.667029,
            48.1143296
          ],
          [
            -1.6670196,
            48.1143255
          ],
          [
            -1.6670099,
            48.1143217
          ],
          [
            -1.667,
            48.1143184
          ],
          [
            -1.6669899,
            48.1143154
          ],
          [
            -1.6669795,
            48.1143128
          ],
          [
            -1.6669689,
            48.1143106
          ],
          [
            -1.6669581,
            48.1143087
          ],
          [
            -1.6669472,
            48.1143073
          ]
        ]
      },
      "properties": {
        "kind": "path",
        "source": "OpenStreetMap",
        "source_id": "way/255922436"
      }
    },
    {
      "type": "Feature",
      "id": "osm-thabor-path-264284221",
      "geometry": {
        "type": "LineString",
        "coordinates": [
          [
            -1.6715467,
            48.115019
          ],
          [
            -1.6714271,
            48.1150443
          ],
          [
            -1.6713685,
            48.1150639
          ],
          [
            -1.6712029,
            48.1150951
          ],
          [
            -1.6710971,
            48.1151049
          ],
          [
            -1.6709798,
            48.1151103
          ],
          [
            -1.6708935,
            48.1151082
          ],
          [
            -1.6707129,
            48.1150963
          ],
          [
            -1.6701418,
            48.1150987
          ],
          [
            -1.6695319,
            48.1151066
          ],
          [
            -1.6690466,
            48.1151129
          ],
          [
            -1.6685678,
            48.115119
          ],
          [
            -1.6680365,
            48.1151259
          ],
          [
            -1.6678753,
            48.1151241
          ],
          [
            -1.6676482,
            48.1151167
          ],
          [
            -1.667556,
            48.1151059
          ],
          [
            -1.667472,
            48.1150843
          ],
          [
            -1.6674111,
            48.1150617
          ],
          [
            -1.6673655,
            48.1150449
          ],
          [
            -1.6673364,
            48.1150388
          ],
          [
            -1.6673072,
            48.1150328
          ],
          [
            -1.6672655,
            48.1150273
          ],
          [
            -1.6672203,
            48.1150243
          ],
          [
            -1.6671703,
            48.1150226
          ],
          [
            -1.6671187,
            48.1150208
          ],
          [
            -1.6668942,
            48.1150131
          ],
          [
            -1.666866,
            48.1150122
          ],
          [
            -1.6668379,
            48.1150112
          ],
          [
            -1.6667568,
            48.1150084
          ],
          [
            -1.6661268,
            48.1149878
          ],
          [
            -1.6660663,
            48.1149471
          ],
          [
            -1.6660117,
            48.1149104
          ],
          [
            -1.666045,
            48.1146667
          ],
          [
            -1.6660552,
            48.1146004
          ],
          [
            -1.6660733,
            48.1144832
          ],
          [
            -1.6660836,
            48.1144081
          ],
          [
            -1.6660953,
            48.1143317
          ],
          [
            -1.6661371,
            48.1140579
          ],
          [
            -1.6661901,
            48.1140198
          ],
          [
            -1.6663609,
            48.1138973
          ],
          [
            -1.6664734,
            48.1138981
          ],
          [
            -1.6666802,
            48.1138996
          ],
          [
            -1.6669461,
            48.1139027
          ],
          [
            -1.6672821,
            48.1139079
          ],
          [
            -1.6674361,
            48.1139103
          ],
          [
            -1.6674935,
            48.1139143
          ],
          [
            -1.6675437,
            48.1139155
          ],
          [
            -1.6676129,
            48.1139091
          ],
          [
            -1.6676964,
            48.1139018
          ],
          [
            -1.6677849,
            48.1139115
          ],
          [
            -1.6678198,
            48.1139181
          ],
          [
            -1.6678406,
            48.1139224
          ],
          [
            -1.6678853,
            48.1139349
          ],
          [
            -1.6679309,
            48.1139537
          ],
          [
            -1.6679603,
            48.1139693
          ],
          [
            -1.6679706,
            48.1139753
          ],
          [
            -1.6679892,
            48.113984
          ],
          [
            -1.6680082,
            48.1139948
          ],
          [
            -1.6680352,
            48.114027
          ],
          [
            -1.6680525,
            48.1140486
          ],
          [
            -1.6681396,
            48.1140923
          ],
          [
            -1.6682178,
            48.1141318
          ],
          [
            -1.6682801,
            48.1141612
          ]
        ]
      },
      "properties": {
        "kind": "path",
        "source": "OpenStreetMap",
        "source_id": "way/264284221"
      }
    },
    {
      "type": "Feature",
      "id": "osm-thabor-path-264285401",
      "geometry": {
        "type": "LineString",
        "coordinates": [
          [
            -1.6704141,
            48.1146706
          ],
          [
            -1.6703793,
            48.1146584
          ],
          [
            -1.6703483,
            48.11465
          ],
          [
            -1.6703273,
            48.1146455
          ],
          [
            -1.670305,
            48.1146439
          ],
          [
            -1.6702922,
            48.1146452
          ],
          [
            -1.6702786,
            48.1146487
          ],
          [
            -1.6702551,
            48.1146589
          ],
          [
            -1.6702363,
            48.1146693
          ],
          [
            -1.6702198,
            48.1146803
          ],
          [
            -1.6701967,
            48.1146967
          ]
        ]
      },
      "properties": {
        "kind": "path",
        "source": "OpenStreetMap",
        "source_id": "way/264285401"
      }
    },
    {
      "type": "Feature",
      "id": "osm-thabor-path-264293778",
      "geometry": {
        "type": "LineString",
        "coordinates": [
          [
            -1.6711512,
            48.1124708
          ],
          [
            -1.6711635,
            48.1123615
          ]
        ]
      },
      "properties": {
        "kind": "path",
        "source": "OpenStreetMap",
        "source_id": "way/264293778"
      }
    },
    {
      "type": "Feature",
      "id": "osm-thabor-path-264293780",
      "geometry": {
        "type": "LineString",
        "coordinates": [
          [
            -1.6692469,
            48.1131247
          ],
          [
            -1.6693388,
            48.1131141
          ],
          [
            -1.6693656,
            48.1130765
          ],
          [
            -1.6694514,
            48.113055
          ],
          [
            -1.6694863,
            48.1129887
          ],
          [
            -1.6695238,
            48.1128992
          ],
          [
            -1.6695668,
            48.1128401
          ]
        ]
      },
      "properties": {
        "kind": "path",
        "source": "OpenStreetMap",
        "source_id": "way/264293780"
      }
    },
    {
      "type": "Feature",
      "id": "osm-thabor-path-264293783",
      "geometry": {
        "type": "LineString",
        "coordinates": [
          [
            -1.671027,
            48.1124646
          ],
          [
            -1.6710392,
            48.1123553
          ]
        ]
      },
      "properties": {
        "kind": "path",
        "source": "OpenStreetMap",
        "source_id": "way/264293783"
      }
    },
    {
      "type": "Feature",
      "id": "osm-thabor-path-264293785",
      "geometry": {
        "type": "LineString",
        "coordinates": [
          [
            -1.6709731,
            48.1125527
          ],
          [
            -1.6710174,
            48.1125139
          ]
        ]
      },
      "properties": {
        "kind": "path",
        "source": "OpenStreetMap",
        "source_id": "way/264293785"
      }
    },
    {
      "type": "Feature",
      "id": "osm-thabor-path-264293791",
      "geometry": {
        "type": "LineString",
        "coordinates": [
          [
            -1.6710787,
            48.1125745
          ],
          [
            -1.6710825,
            48.1125305
          ]
        ]
      },
      "properties": {
        "kind": "path",
        "source": "OpenStreetMap",
        "source_id": "way/264293791"
      }
    },
    {
      "type": "Feature",
      "id": "osm-thabor-path-264293796",
      "geometry": {
        "type": "LineString",
        "coordinates": [
          [
            -1.6695668,
            48.1128401
          ],
          [
            -1.6695842,
            48.1128248
          ]
        ]
      },
      "properties": {
        "kind": "path",
        "source": "OpenStreetMap",
        "source_id": "way/264293796"
      }
    },
    {
      "type": "Feature",
      "id": "osm-thabor-path-264301462",
      "geometry": {
        "type": "LineString",
        "coordinates": [
          [
            -1.6707129,
            48.1150963
          ],
          [
            -1.6706484,
            48.1147704
          ],
          [
            -1.6705852,
            48.1144382
          ],
          [
            -1.670494,
            48.1140182
          ],
          [
            -1.6704793,
            48.113951
          ],
          [
            -1.6704417,
            48.1139227
          ],
          [
            -1.670452,
            48.1138591
          ],
          [
            -1.6704488,
            48.1138387
          ],
          [
            -1.6703863,
            48.1134598
          ]
        ]
      },
      "properties": {
        "kind": "path",
        "source": "OpenStreetMap",
        "source_id": "way/264301462"
      }
    },
    {
      "type": "Feature",
      "id": "osm-thabor-path-264302092",
      "geometry": {
        "type": "LineString",
        "coordinates": [
          [
            -1.667896,
            48.1141766
          ],
          [
            -1.6680186,
            48.114176
          ],
          [
            -1.6680785,
            48.1141763
          ]
        ]
      },
      "properties": {
        "kind": "path",
        "source": "OpenStreetMap",
        "source_id": "way/264302092"
      }
    },
    {
      "type": "Feature",
      "id": "osm-thabor-path-264459248",
      "geometry": {
        "type": "LineString",
        "coordinates": [
          [
            -1.6711816,
            48.1149547
          ],
          [
            -1.6712208,
            48.1149503
          ],
          [
            -1.6712567,
            48.1149424
          ],
          [
            -1.6712934,
            48.1149323
          ],
          [
            -1.6713248,
            48.1149198
          ],
          [
            -1.6712859,
            48.1147719
          ],
          [
            -1.6712572,
            48.114638
          ],
          [
            -1.6711906,
            48.1143268
          ]
        ]
      },
      "properties": {
        "kind": "path",
        "source": "OpenStreetMap",
        "source_id": "way/264459248"
      }
    },
    {
      "type": "Feature",
      "id": "osm-thabor-path-264459249",
      "geometry": {
        "type": "LineString",
        "coordinates": [
          [
            -1.671012,
            48.1141568
          ],
          [
            -1.6709696,
            48.1141681
          ],
          [
            -1.6709324,
            48.1141852
          ],
          [
            -1.6709041,
            48.1142035
          ],
          [
            -1.6708935,
            48.1142242
          ],
          [
            -1.6709123,
            48.1143167
          ]
        ]
      },
      "properties": {
        "kind": "path",
        "source": "OpenStreetMap",
        "source_id": "way/264459249"
      }
    },
    {
      "type": "Feature",
      "id": "osm-thabor-path-264459254",
      "geometry": {
        "type": "LineString",
        "coordinates": [
          [
            -1.6709123,
            48.1143167
          ],
          [
            -1.6709171,
            48.1143382
          ],
          [
            -1.6709203,
            48.1143522
          ]
        ]
      },
      "properties": {
        "kind": "path",
        "source": "OpenStreetMap",
        "source_id": "way/264459254"
      }
    },
    {
      "type": "Feature",
      "id": "osm-thabor-path-264459259",
      "geometry": {
        "type": "LineString",
        "coordinates": [
          [
            -1.6711826,
            48.1142907
          ],
          [
            -1.6711869,
            48.1143102
          ],
          [
            -1.6711906,
            48.1143268
          ]
        ]
      },
      "properties": {
        "kind": "path",
        "source": "OpenStreetMap",
        "source_id": "way/264459259"
      }
    },
    {
      "type": "Feature",
      "id": "osm-thabor-path-264459297",
      "geometry": {
        "type": "LineString",
        "coordinates": [
          [
            -1.670202,
            48.114082
          ],
          [
            -1.6702491,
            48.1140361
          ],
          [
            -1.6702602,
            48.1140252
          ],
          [
            -1.6702472,
            48.1139551
          ],
          [
            -1.670156,
            48.1139105
          ],
          [
            -1.6700305,
            48.1139243
          ],
          [
            -1.669988,
            48.1139858
          ],
          [
            -1.6700022,
            48.1140545
          ],
          [
            -1.6700893,
            48.1140929
          ],
          [
            -1.670202,
            48.114082
          ]
        ]
      },
      "properties": {
        "kind": "path",
        "source": "OpenStreetMap",
        "source_id": "way/264459297"
      }
    },
    {
      "type": "Feature",
      "id": "osm-thabor-path-264835768",
      "geometry": {
        "type": "LineString",
        "coordinates": [
          [
            -1.6698957,
            48.1143286
          ],
          [
            -1.6699346,
            48.1143636
          ],
          [
            -1.670035,
            48.1144435
          ],
          [
            -1.6700668,
            48.1144688
          ],
          [
            -1.6701036,
            48.1145028
          ],
          [
            -1.6701282,
            48.1145314
          ],
          [
            -1.670147,
            48.1145615
          ],
          [
            -1.6701766,
            48.1146294
          ],
          [
            -1.6701967,
            48.1146967
          ],
          [
            -1.6702204,
            48.1147867
          ]
        ]
      },
      "properties": {
        "kind": "path",
        "source": "OpenStreetMap",
        "source_id": "way/264835768"
      }
    },
    {
      "type": "Feature",
      "id": "osm-thabor-path-264835769",
      "geometry": {
        "type": "LineString",
        "coordinates": [
          [
            -1.6714271,
            48.1150443
          ],
          [
            -1.6714108,
            48.114879
          ],
          [
            -1.6713686,
            48.1146326
          ],
          [
            -1.671341,
            48.114471
          ],
          [
            -1.6713294,
            48.1143355
          ],
          [
            -1.6713753,
            48.1141382
          ]
        ]
      },
      "properties": {
        "kind": "path",
        "source": "OpenStreetMap",
        "source_id": "way/264835769"
      }
    },
    {
      "type": "Feature",
      "id": "osm-thabor-path-264835770",
      "geometry": {
        "type": "LineString",
        "coordinates": [
          [
            -1.6670252,
            48.1149309
          ],
          [
            -1.6670318,
            48.1149327
          ],
          [
            -1.6670386,
            48.1149331
          ],
          [
            -1.667045,
            48.1149328
          ],
          [
            -1.6670508,
            48.1149315
          ],
          [
            -1.6670574,
            48.1149286
          ],
          [
            -1.6670619,
            48.1149249
          ],
          [
            -1.667065,
            48.1149214
          ],
          [
            -1.6670664,
            48.1149174
          ],
          [
            -1.667066,
            48.114913
          ],
          [
            -1.6670641,
            48.1149083
          ],
          [
            -1.6670604,
            48.1149047
          ],
          [
            -1.6670553,
            48.1149012
          ],
          [
            -1.6670488,
            48.1148992
          ],
          [
            -1.6670412,
            48.1148979
          ],
          [
            -1.6670342,
            48.1148982
          ],
          [
            -1.6670275,
            48.1148992
          ],
          [
            -1.6670215,
            48.1149021
          ],
          [
            -1.6670168,
            48.114906
          ],
          [
            -1.6670139,
            48.1149102
          ],
          [
            -1.6670126,
            48.1149148
          ],
          [
            -1.6670133,
            48.1149199
          ],
          [
            -1.6670157,
            48.1149245
          ],
          [
            -1.6670199,
            48.1149281
          ],
          [
            -1.6670252,
            48.1149309
          ]
        ]
      },
      "properties": {
        "kind": "path",
        "source": "OpenStreetMap",
        "source_id": "way/264835770"
      }
    },
    {
      "type": "Feature",
      "id": "osm-thabor-path-264835772",
      "geometry": {
        "type": "LineString",
        "coordinates": [
          [
            -1.6670664,
            48.1149174
          ],
          [
            -1.6671186,
            48.1149186
          ]
        ]
      },
      "properties": {
        "kind": "path",
        "source": "OpenStreetMap",
        "source_id": "way/264835772"
      }
    },
    {
      "type": "Feature",
      "id": "osm-thabor-path-264835773",
      "geometry": {
        "type": "LineString",
        "coordinates": [
          [
            -1.6669955,
            48.1149593
          ],
          [
            -1.6670252,
            48.1149309
          ]
        ]
      },
      "properties": {
        "kind": "path",
        "source": "OpenStreetMap",
        "source_id": "way/264835773"
      }
    },
    {
      "type": "Feature",
      "id": "osm-thabor-path-264835775",
      "geometry": {
        "type": "LineString",
        "coordinates": [
          [
            -1.6717668,
            48.1139542
          ],
          [
            -1.671761,
            48.1139283
          ],
          [
            -1.6717484,
            48.1138725
          ],
          [
            -1.6717466,
            48.1138645
          ]
        ]
      },
      "properties": {
        "kind": "path",
        "source": "OpenStreetMap",
        "source_id": "way/264835775"
      }
    },
    {
      "type": "Feature",
      "id": "osm-thabor-path-264835776",
      "geometry": {
        "type": "LineString",
        "coordinates": [
          [
            -1.6670275,
            48.1148992
          ],
          [
            -1.6670017,
            48.1148702
          ]
        ]
      },
      "properties": {
        "kind": "path",
        "source": "OpenStreetMap",
        "source_id": "way/264835776"
      }
    },
    {
      "type": "Feature",
      "id": "osm-thabor-path-264835778",
      "geometry": {
        "type": "LineString",
        "coordinates": [
          [
            -1.6702472,
            48.1139551
          ],
          [
            -1.6703114,
            48.1139259
          ],
          [
            -1.6704417,
            48.1139227
          ]
        ]
      },
      "properties": {
        "kind": "path",
        "source": "OpenStreetMap",
        "source_id": "way/264835778"
      }
    },
    {
      "type": "Feature",
      "id": "osm-thabor-path-264842258",
      "geometry": {
        "type": "LineString",
        "coordinates": [
          [
            -1.6700305,
            48.1139243
          ],
          [
            -1.6699567,
            48.1139244
          ],
          [
            -1.669898,
            48.1139286
          ],
          [
            -1.6698332,
            48.113943
          ],
          [
            -1.6697667,
            48.1139624
          ],
          [
            -1.6696011,
            48.1140079
          ],
          [
            -1.6694858,
            48.1140411
          ],
          [
            -1.6693567,
            48.1140716
          ],
          [
            -1.6692316,
            48.1140905
          ]
        ]
      },
      "properties": {
        "kind": "path",
        "source": "OpenStreetMap",
        "source_id": "way/264842258"
      }
    },
    {
      "type": "Feature",
      "id": "osm-thabor-path-265793702",
      "geometry": {
        "type": "LineString",
        "coordinates": [
          [
            -1.6707886,
            48.1128468
          ],
          [
            -1.6707295,
            48.1128507
          ]
        ]
      },
      "properties": {
        "kind": "path",
        "source": "OpenStreetMap",
        "source_id": "way/265793702"
      }
    },
    {
      "type": "Feature",
      "id": "osm-thabor-path-265793704",
      "geometry": {
        "type": "LineString",
        "coordinates": [
          [
            -1.6710387,
            48.1133474
          ],
          [
            -1.670974,
            48.1133495
          ]
        ]
      },
      "properties": {
        "kind": "path",
        "source": "OpenStreetMap",
        "source_id": "way/265793704"
      }
    },
    {
      "type": "Feature",
      "id": "osm-thabor-path-265793706",
      "geometry": {
        "type": "LineString",
        "coordinates": [
          [
            -1.6711077,
            48.1137393
          ],
          [
            -1.6711002,
            48.113666
          ],
          [
            -1.6711267,
            48.113594
          ],
          [
            -1.6711652,
            48.1135459
          ],
          [
            -1.6712394,
            48.1134882
          ],
          [
            -1.6712608,
            48.1134542
          ],
          [
            -1.6712595,
            48.113422
          ],
          [
            -1.6712405,
            48.113391
          ],
          [
            -1.6711985,
            48.1133622
          ],
          [
            -1.6711588,
            48.1133505
          ],
          [
            -1.6711163,
            48.1133487
          ],
          [
            -1.6710387,
            48.1133474
          ]
        ]
      },
      "properties": {
        "kind": "path",
        "source": "OpenStreetMap",
        "source_id": "way/265793706"
      }
    },
    {
      "type": "Feature",
      "id": "osm-thabor-path-265793707",
      "geometry": {
        "type": "LineString",
        "coordinates": [
          [
            -1.6709648,
            48.1131535
          ],
          [
            -1.6710348,
            48.1131504
          ]
        ]
      },
      "properties": {
        "kind": "path",
        "source": "OpenStreetMap",
        "source_id": "way/265793707"
      }
    },
    {
      "type": "Feature",
      "id": "osm-thabor-path-265793708",
      "geometry": {
        "type": "LineString",
        "coordinates": [
          [
            -1.6707295,
            48.1128507
          ],
          [
            -1.6702557,
            48.1128805
          ]
        ]
      },
      "properties": {
        "kind": "path",
        "source": "OpenStreetMap",
        "source_id": "way/265793708"
      }
    },
    {
      "type": "Feature",
      "id": "osm-thabor-path-273033979",
      "geometry": {
        "type": "LineString",
        "coordinates": [
          [
            -1.6733542,
            48.1144559
          ],
          [
            -1.6733647,
            48.1138013
          ],
          [
            -1.6717668,
            48.1139542
          ],
          [
            -1.6716532,
            48.1139651
          ],
          [
            -1.67157,
            48.1139732
          ],
          [
            -1.671485,
            48.1139877
          ],
          [
            -1.6714306,
            48.1140187
          ],
          [
            -1.6714,
            48.1140504
          ],
          [
            -1.6713812,
            48.114094
          ],
          [
            -1.6713753,
            48.1141382
          ],
          [
            -1.671394,
            48.1141798
          ],
          [
            -1.6714217,
            48.1142147
          ],
          [
            -1.6714771,
            48.114253
          ],
          [
            -1.6715611,
            48.1142808
          ],
          [
            -1.6716459,
            48.1142909
          ]
        ]
      },
      "properties": {
        "kind": "path",
        "source": "OpenStreetMap",
        "source_id": "way/273033979"
      }
    },
    {
      "type": "Feature",
      "id": "osm-thabor-path-273033980",
      "geometry": {
        "type": "LineString",
        "coordinates": [
          [
            -1.6729535,
            48.1144154
          ],
          [
            -1.6729273,
            48.1145652
          ]
        ]
      },
      "properties": {
        "kind": "path",
        "source": "OpenStreetMap",
        "source_id": "way/273033980"
      }
    },
    {
      "type": "Feature",
      "id": "osm-thabor-path-273033982",
      "geometry": {
        "type": "LineString",
        "coordinates": [
          [
            -1.6715756,
            48.1154217
          ],
          [
            -1.6715467,
            48.115019
          ],
          [
            -1.6715457,
            48.1150051
          ],
          [
            -1.6715407,
            48.1148971
          ],
          [
            -1.6715319,
            48.1147093
          ],
          [
            -1.6715209,
            48.1144717
          ],
          [
            -1.6715458,
            48.1144356
          ],
          [
            -1.6716117,
            48.1143403
          ],
          [
            -1.6716459,
            48.1142909
          ],
          [
            -1.6718245,
            48.1143074
          ],
          [
            -1.6725169,
            48.1143702
          ],
          [
            -1.6729535,
            48.1144154
          ],
          [
            -1.6733542,
            48.1144559
          ],
          [
            -1.6734784,
            48.1144732
          ],
          [
            -1.6737733,
            48.1145146
          ]
        ]
      },
      "properties": {
        "kind": "path",
        "source": "OpenStreetMap",
        "source_id": "way/273033982"
      }
    },
    {
      "type": "Feature",
      "id": "osm-thabor-path-372788694",
      "geometry": {
        "type": "LineString",
        "coordinates": [
          [
            -1.6734665,
            48.1137561
          ],
          [
            -1.6734676,
            48.1136992
          ]
        ]
      },
      "properties": {
        "kind": "path",
        "source": "OpenStreetMap",
        "source_id": "way/372788694"
      }
    },
    {
      "type": "Feature",
      "id": "osm-thabor-path-386232593",
      "geometry": {
        "type": "LineString",
        "coordinates": [
          [
            -1.6661901,
            48.1140198
          ],
          [
            -1.666188,
            48.1139643
          ]
        ]
      },
      "properties": {
        "kind": "path",
        "source": "OpenStreetMap",
        "source_id": "way/386232593"
      }
    },
    {
      "type": "Feature",
      "id": "osm-thabor-path-386232594",
      "geometry": {
        "type": "LineString",
        "coordinates": [
          [
            -1.6664007,
            48.1143177
          ],
          [
            -1.6663733,
            48.1143145
          ],
          [
            -1.6662971,
            48.1142628
          ],
          [
            -1.6662849,
            48.1142431
          ],
          [
            -1.6662844,
            48.1142146
          ],
          [
            -1.6662785,
            48.1141913
          ],
          [
            -1.6662698,
            48.1141504
          ],
          [
            -1.6662742,
            48.1141303
          ],
          [
            -1.6662926,
            48.1141097
          ],
          [
            -1.666387,
            48.1140553
          ],
          [
            -1.6664259,
            48.1140329
          ],
          [
            -1.6665316,
            48.1139782
          ]
        ]
      },
      "properties": {
        "kind": "path",
        "source": "OpenStreetMap",
        "source_id": "way/386232594"
      }
    },
    {
      "type": "Feature",
      "id": "osm-thabor-path-386242992",
      "geometry": {
        "type": "LineString",
        "coordinates": [
          [
            -1.6710852,
            48.1125019
          ],
          [
            -1.6711,
            48.1125021
          ],
          [
            -1.6711097,
            48.1125007
          ],
          [
            -1.6711212,
            48.1124979
          ],
          [
            -1.6711286,
            48.1124953
          ],
          [
            -1.6711376,
            48.1124909
          ],
          [
            -1.6711448,
            48.1124851
          ],
          [
            -1.6711483,
            48.1124793
          ],
          [
            -1.6711512,
            48.1124708
          ]
        ]
      },
      "properties": {
        "kind": "path",
        "source": "OpenStreetMap",
        "source_id": "way/386242992"
      }
    },
    {
      "type": "Feature",
      "id": "osm-thabor-path-386242993",
      "geometry": {
        "type": "LineString",
        "coordinates": [
          [
            -1.6711494,
            48.1125188
          ],
          [
            -1.6711286,
            48.1124953
          ]
        ]
      },
      "properties": {
        "kind": "path",
        "source": "OpenStreetMap",
        "source_id": "way/386242993"
      }
    },
    {
      "type": "Feature",
      "id": "osm-thabor-path-386242994",
      "geometry": {
        "type": "LineString",
        "coordinates": [
          [
            -1.6710825,
            48.1125305
          ],
          [
            -1.6710852,
            48.1125019
          ]
        ]
      },
      "properties": {
        "kind": "path",
        "source": "OpenStreetMap",
        "source_id": "way/386242994"
      }
    },
    {
      "type": "Feature",
      "id": "osm-thabor-path-386242995",
      "geometry": {
        "type": "LineString",
        "coordinates": [
          [
            -1.6710174,
            48.1125139
          ],
          [
            -1.671044,
            48.1124911
          ]
        ]
      },
      "properties": {
        "kind": "path",
        "source": "OpenStreetMap",
        "source_id": "way/386242995"
      }
    },
    {
      "type": "Feature",
      "id": "osm-thabor-path-386242996",
      "geometry": {
        "type": "LineString",
        "coordinates": [
          [
            -1.6710754,
            48.1126053
          ],
          [
            -1.6710787,
            48.1125745
          ]
        ]
      },
      "properties": {
        "kind": "path",
        "source": "OpenStreetMap",
        "source_id": "way/386242996"
      }
    },
    {
      "type": "Feature",
      "id": "osm-thabor-path-386242997",
      "geometry": {
        "type": "LineString",
        "coordinates": [
          [
            -1.6709372,
            48.1125818
          ],
          [
            -1.6709731,
            48.1125527
          ]
        ]
      },
      "properties": {
        "kind": "path",
        "source": "OpenStreetMap",
        "source_id": "way/386242997"
      }
    },
    {
      "type": "Feature",
      "id": "osm-thabor-path-386242998",
      "geometry": {
        "type": "LineString",
        "coordinates": [
          [
            -1.6711809,
            48.1126673
          ],
          [
            -1.6712008,
            48.1126542
          ],
          [
            -1.6712171,
            48.1126366
          ],
          [
            -1.6712206,
            48.1126117
          ],
          [
            -1.6712136,
            48.1125914
          ],
          [
            -1.6711855,
            48.1125601
          ]
        ]
      },
      "properties": {
        "kind": "path",
        "source": "OpenStreetMap",
        "source_id": "way/386242998"
      }
    },
    {
      "type": "Feature",
      "id": "osm-thabor-path-386243821",
      "geometry": {
        "type": "LineString",
        "coordinates": [
          [
            -1.6711635,
            48.1123615
          ],
          [
            -1.6711619,
            48.1123475
          ],
          [
            -1.6711528,
            48.1123346
          ],
          [
            -1.6711293,
            48.1123249
          ],
          [
            -1.6711041,
            48.112321
          ]
        ]
      },
      "properties": {
        "kind": "path",
        "source": "OpenStreetMap",
        "source_id": "way/386243821"
      }
    },
    {
      "type": "Feature",
      "id": "osm-thabor-path-386257005",
      "geometry": {
        "type": "LineString",
        "coordinates": [
          [
            -1.666188,
            48.1139643
          ],
          [
            -1.6661988,
            48.1139046
          ]
        ]
      },
      "properties": {
        "kind": "path",
        "source": "OpenStreetMap",
        "source_id": "way/386257005"
      }
    },
    {
      "type": "Feature",
      "id": "osm-thabor-path-386257006",
      "geometry": {
        "type": "LineString",
        "coordinates": [
          [
            -1.6661851,
            48.1138861
          ],
          [
            -1.666149,
            48.1138834
          ]
        ]
      },
      "properties": {
        "kind": "path",
        "source": "OpenStreetMap",
        "source_id": "way/386257006"
      }
    },
    {
      "type": "Feature",
      "id": "osm-thabor-path-386257007",
      "geometry": {
        "type": "LineString",
        "coordinates": [
          [
            -1.6661851,
            48.1138861
          ],
          [
            -1.6662021,
            48.1138872
          ],
          [
            -1.6662387,
            48.1138895
          ]
        ]
      },
      "properties": {
        "kind": "path",
        "source": "OpenStreetMap",
        "source_id": "way/386257007"
      }
    },
    {
      "type": "Feature",
      "id": "osm-thabor-path-386257008",
      "geometry": {
        "type": "LineString",
        "coordinates": [
          [
            -1.6661988,
            48.1139046
          ],
          [
            -1.6662021,
            48.1138872
          ]
        ]
      },
      "properties": {
        "kind": "path",
        "source": "OpenStreetMap",
        "source_id": "way/386257008"
      }
    },
    {
      "type": "Feature",
      "id": "osm-thabor-path-386257010",
      "geometry": {
        "type": "LineString",
        "coordinates": [
          [
            -1.6663609,
            48.1138973
          ],
          [
            -1.6663294,
            48.1138951
          ]
        ]
      },
      "properties": {
        "kind": "path",
        "source": "OpenStreetMap",
        "source_id": "way/386257010"
      }
    },
    {
      "type": "Feature",
      "id": "osm-thabor-path-387196676",
      "geometry": {
        "type": "LineString",
        "coordinates": [
          [
            -1.6709321,
            48.1133505
          ],
          [
            -1.6706943,
            48.1132673
          ]
        ]
      },
      "properties": {
        "kind": "path",
        "source": "OpenStreetMap",
        "source_id": "way/387196676"
      }
    },
    {
      "type": "Feature",
      "id": "osm-thabor-path-387196677",
      "geometry": {
        "type": "LineString",
        "coordinates": [
          [
            -1.6706943,
            48.1132673
          ],
          [
            -1.6706023,
            48.1132685
          ]
        ]
      },
      "properties": {
        "kind": "path",
        "source": "OpenStreetMap",
        "source_id": "way/387196677"
      }
    },
    {
      "type": "Feature",
      "id": "osm-thabor-path-387196678",
      "geometry": {
        "type": "LineString",
        "coordinates": [
          [
            -1.6704478,
            48.1133655
          ],
          [
            -1.6706023,
            48.1132685
          ]
        ]
      },
      "properties": {
        "kind": "path",
        "source": "OpenStreetMap",
        "source_id": "way/387196678"
      }
    },
    {
      "type": "Feature",
      "id": "osm-thabor-path-387196680",
      "geometry": {
        "type": "LineString",
        "coordinates": [
          [
            -1.6706943,
            48.1132673
          ],
          [
            -1.6708913,
            48.1131729
          ],
          [
            -1.6709211,
            48.1131562
          ]
        ]
      },
      "properties": {
        "kind": "path",
        "source": "OpenStreetMap",
        "source_id": "way/387196680"
      }
    },
    {
      "type": "Feature",
      "id": "osm-thabor-path-387196681",
      "geometry": {
        "type": "LineString",
        "coordinates": [
          [
            -1.6706023,
            48.1132685
          ],
          [
            -1.6705235,
            48.1132191
          ],
          [
            -1.6704937,
            48.1131776
          ],
          [
            -1.6704927,
            48.1131621
          ]
        ]
      },
      "properties": {
        "kind": "path",
        "source": "OpenStreetMap",
        "source_id": "way/387196681"
      }
    },
    {
      "type": "Feature",
      "id": "osm-thabor-path-395508954",
      "geometry": {
        "type": "LineString",
        "coordinates": [
          [
            -1.6716117,
            48.1143403
          ],
          [
            -1.6716828,
            48.1144028
          ],
          [
            -1.6717456,
            48.1144217
          ]
        ]
      },
      "properties": {
        "kind": "path",
        "source": "OpenStreetMap",
        "source_id": "way/395508954"
      }
    },
    {
      "type": "Feature",
      "id": "osm-thabor-path-395509769",
      "geometry": {
        "type": "LineString",
        "coordinates": [
          [
            -1.667896,
            48.1141766
          ],
          [
            -1.6675336,
            48.1141705
          ],
          [
            -1.6673807,
            48.1141688
          ]
        ]
      },
      "properties": {
        "kind": "path",
        "source": "OpenStreetMap",
        "source_id": "way/395509769"
      }
    },
    {
      "type": "Feature",
      "id": "osm-thabor-path-395509770",
      "geometry": {
        "type": "LineString",
        "coordinates": [
          [
            -1.6680525,
            48.1140486
          ],
          [
            -1.66808,
            48.114116
          ],
          [
            -1.6680799,
            48.1141476
          ],
          [
            -1.6680785,
            48.1141763
          ]
        ]
      },
      "properties": {
        "kind": "path",
        "source": "OpenStreetMap",
        "source_id": "way/395509770"
      }
    },
    {
      "type": "Feature",
      "id": "osm-thabor-path-395509771",
      "geometry": {
        "type": "LineString",
        "coordinates": [
          [
            -1.6680186,
            48.114176
          ],
          [
            -1.6680199,
            48.114138
          ],
          [
            -1.6680126,
            48.1141052
          ],
          [
            -1.6679974,
            48.1140708
          ],
          [
            -1.6679733,
            48.1140383
          ],
          [
            -1.667929,
            48.11401
          ],
          [
            -1.667893,
            48.1139944
          ]
        ]
      },
      "properties": {
        "kind": "path",
        "source": "OpenStreetMap",
        "source_id": "way/395509771"
      }
    },
    {
      "type": "Feature",
      "id": "osm-thabor-path-400888597",
      "geometry": {
        "type": "LineString",
        "coordinates": [
          [
            -1.6706474,
            48.1131596
          ],
          [
            -1.67073,
            48.1130531
          ]
        ]
      },
      "properties": {
        "kind": "path",
        "source": "OpenStreetMap",
        "source_id": "way/400888597"
      }
    },
    {
      "type": "Feature",
      "id": "osm-thabor-path-400888598",
      "geometry": {
        "type": "LineString",
        "coordinates": [
          [
            -1.6707509,
            48.1130302
          ],
          [
            -1.670777,
            48.1129985
          ]
        ]
      },
      "properties": {
        "kind": "path",
        "source": "OpenStreetMap",
        "source_id": "way/400888598"
      }
    },
    {
      "type": "Feature",
      "id": "osm-thabor-path-400888599",
      "geometry": {
        "type": "LineString",
        "coordinates": [
          [
            -1.67073,
            48.1130531
          ],
          [
            -1.6707509,
            48.1130302
          ]
        ]
      },
      "properties": {
        "kind": "path",
        "source": "OpenStreetMap",
        "source_id": "way/400888599"
      }
    },
    {
      "type": "Feature",
      "id": "osm-thabor-path-404481447",
      "geometry": {
        "type": "LineString",
        "coordinates": [
          [
            -1.6695355,
            48.1127645
          ],
          [
            -1.6695321,
            48.1127482
          ]
        ]
      },
      "properties": {
        "kind": "path",
        "source": "OpenStreetMap",
        "source_id": "way/404481447"
      }
    },
    {
      "type": "Feature",
      "id": "osm-thabor-path-404481448",
      "geometry": {
        "type": "LineString",
        "coordinates": [
          [
            -1.6695271,
            48.1127222
          ],
          [
            -1.6695206,
            48.1126967
          ],
          [
            -1.669512,
            48.1126891
          ],
          [
            -1.6694951,
            48.112687
          ]
        ]
      },
      "properties": {
        "kind": "path",
        "source": "OpenStreetMap",
        "source_id": "way/404481448"
      }
    },
    {
      "type": "Feature",
      "id": "osm-thabor-path-462837632",
      "geometry": {
        "type": "LineString",
        "coordinates": [
          [
            -1.667053,
            48.1144269
          ],
          [
            -1.6670519,
            48.1144224
          ],
          [
            -1.6670504,
            48.114418
          ],
          [
            -1.6670486,
            48.1144137
          ],
          [
            -1.6670465,
            48.1144094
          ],
          [
            -1.6670441,
            48.1144052
          ],
          [
            -1.6670415,
            48.114401
          ],
          [
            -1.6670382,
            48.1143967
          ],
          [
            -1.6670347,
            48.1143924
          ],
          [
            -1.6670308,
            48.1143883
          ],
          [
            -1.6670267,
            48.1143843
          ],
          [
            -1.6670222,
            48.1143804
          ],
          [
            -1.6670174,
            48.1143768
          ],
          [
            -1.6670124,
            48.1143732
          ],
          [
            -1.6670071,
            48.1143699
          ],
          [
            -1.6670016,
            48.1143667
          ],
          [
            -1.6669958,
            48.1143638
          ],
          [
            -1.6669899,
            48.114361
          ],
          [
            -1.6669837,
            48.1143584
          ],
          [
            -1.6669775,
            48.1143561
          ],
          [
            -1.6669711,
            48.114354
          ],
          [
            -1.6669645,
            48.1143522
          ],
          [
            -1.6669578,
            48.1143505
          ],
          [
            -1.6669511,
            48.114349
          ],
          [
            -1.6669442,
            48.1143478
          ]
        ]
      },
      "properties": {
        "kind": "path",
        "source": "OpenStreetMap",
        "source_id": "way/462837632"
      }
    },
    {
      "type": "Feature",
      "id": "osm-thabor-path-462837639",
      "geometry": {
        "type": "LineString",
        "coordinates": [
          [
            -1.6670843,
            48.114428
          ],
          [
            -1.6670831,
            48.1144221
          ],
          [
            -1.6670813,
            48.1144164
          ],
          [
            -1.6670792,
            48.1144107
          ],
          [
            -1.6670766,
            48.1144051
          ],
          [
            -1.6670736,
            48.1143995
          ],
          [
            -1.6670702,
            48.1143941
          ],
          [
            -1.6670661,
            48.1143886
          ],
          [
            -1.6670617,
            48.1143831
          ],
          [
            -1.6670568,
            48.1143779
          ],
          [
            -1.6670514,
            48.1143728
          ],
          [
            -1.6670457,
            48.114368
          ],
          [
            -1.6670396,
            48.1143633
          ],
          [
            -1.6670332,
            48.1143589
          ],
          [
            -1.6670265,
            48.1143547
          ],
          [
            -1.6670194,
            48.1143508
          ],
          [
            -1.667012,
            48.1143471
          ],
          [
            -1.6670044,
            48.1143437
          ],
          [
            -1.6669964,
            48.1143406
          ],
          [
            -1.6669884,
            48.1143378
          ],
          [
            -1.6669802,
            48.1143353
          ],
          [
            -1.6669718,
            48.114333
          ],
          [
            -1.6669632,
            48.1143311
          ],
          [
            -1.6669545,
            48.1143295
          ],
          [
            -1.6669457,
            48.1143281
          ]
        ]
      },
      "properties": {
        "kind": "path",
        "source": "OpenStreetMap",
        "source_id": "way/462837639"
      }
    },
    {
      "type": "Feature",
      "id": "osm-thabor-path-462837659",
      "geometry": {
        "type": "LineString",
        "coordinates": [
          [
            -1.6669456,
            48.1138585
          ],
          [
            -1.6669461,
            48.1139027
          ],
          [
            -1.6669466,
            48.1139386
          ],
          [
            -1.6669404,
            48.1140604
          ]
        ]
      },
      "properties": {
        "kind": "path",
        "source": "OpenStreetMap",
        "source_id": "way/462837659"
      }
    },
    {
      "type": "Feature",
      "id": "osm-thabor-path-462837664",
      "geometry": {
        "type": "LineString",
        "coordinates": [
          [
            -1.6670097,
            48.1144439
          ],
          [
            -1.6670545,
            48.1144455
          ],
          [
            -1.6670855,
            48.1144466
          ],
          [
            -1.6671142,
            48.1144477
          ],
          [
            -1.6671456,
            48.1144488
          ],
          [
            -1.6671763,
            48.1144499
          ],
          [
            -1.667208,
            48.1144511
          ],
          [
            -1.6672374,
            48.1144522
          ],
          [
            -1.6672697,
            48.1144533
          ],
          [
            -1.6673025,
            48.1144545
          ],
          [
            -1.6673316,
            48.1144556
          ],
          [
            -1.6673643,
            48.1144568
          ],
          [
            -1.6673959,
            48.1144579
          ],
          [
            -1.6674287,
            48.1144591
          ],
          [
            -1.667452,
            48.1144599
          ]
        ]
      },
      "properties": {
        "kind": "path",
        "source": "OpenStreetMap",
        "source_id": "way/462837664"
      }
    },
    {
      "type": "Feature",
      "id": "osm-thabor-path-462858001",
      "geometry": {
        "type": "LineString",
        "coordinates": [
          [
            -1.6660953,
            48.1143317
          ],
          [
            -1.6661175,
            48.1143332
          ],
          [
            -1.6661729,
            48.1143507
          ],
          [
            -1.6661806,
            48.1143513
          ],
          [
            -1.6661873,
            48.114349
          ],
          [
            -1.6662971,
            48.1142628
          ],
          [
            -1.6663193,
            48.1142445
          ],
          [
            -1.6663602,
            48.114215
          ],
          [
            -1.666381,
            48.1141972
          ],
          [
            -1.6663977,
            48.1141787
          ],
          [
            -1.6664138,
            48.1141533
          ],
          [
            -1.6664292,
            48.114121
          ],
          [
            -1.666444,
            48.1141035
          ],
          [
            -1.6664648,
            48.1140856
          ],
          [
            -1.6664866,
            48.1140705
          ],
          [
            -1.6665074,
            48.1140709
          ],
          [
            -1.6665262,
            48.1140689
          ],
          [
            -1.6665433,
            48.1140647
          ],
          [
            -1.6665554,
            48.1140593
          ],
          [
            -1.6665986,
            48.1140342
          ],
          [
            -1.6666258,
            48.1140206
          ],
          [
            -1.6666415,
            48.1140069
          ],
          [
            -1.6666751,
            48.1140094
          ],
          [
            -1.6667042,
            48.1140065
          ],
          [
            -1.6667324,
            48.1139997
          ],
          [
            -1.6667736,
            48.1139874
          ],
          [
            -1.6668078,
            48.1139722
          ],
          [
            -1.6668417,
            48.1139538
          ],
          [
            -1.6668689,
            48.1139354
          ],
          [
            -1.6668846,
            48.113928
          ],
          [
            -1.6669021,
            48.113928
          ],
          [
            -1.6669466,
            48.1139386
          ],
          [
            -1.6669746,
            48.1139416
          ],
          [
            -1.6670178,
            48.1139463
          ],
          [
            -1.6670592,
            48.1139545
          ],
          [
            -1.6671016,
            48.1139674
          ],
          [
            -1.6671252,
            48.113975
          ],
          [
            -1.6671466,
            48.113984
          ],
          [
            -1.6671603,
            48.1139925
          ],
          [
            -1.6671677,
            48.1139966
          ],
          [
            -1.6671771,
            48.1140001
          ],
          [
            -1.6671858,
            48.1140017
          ],
          [
            -1.6671958,
            48.114003
          ],
          [
            -1.6672062,
            48.1140058
          ],
          [
            -1.6672201,
            48.1140104
          ],
          [
            -1.6672294,
            48.1140125
          ],
          [
            -1.6672379,
            48.1140138
          ],
          [
            -1.6672466,
            48.1140138
          ],
          [
            -1.6672551,
            48.1140123
          ]
        ]
      },
      "properties": {
        "kind": "path",
        "source": "OpenStreetMap",
        "source_id": "way/462858001"
      }
    },
    {
      "type": "Feature",
      "id": "osm-thabor-path-462858002",
      "geometry": {
        "type": "LineString",
        "coordinates": [
          [
            -1.6662844,
            48.1146588
          ],
          [
            -1.6662532,
            48.1146354
          ],
          [
            -1.6662489,
            48.1146344
          ],
          [
            -1.6662445,
            48.1146355
          ],
          [
            -1.6662039,
            48.1146593
          ],
          [
            -1.6661151,
            48.1147113
          ],
          [
            -1.6661087,
            48.1147127
          ],
          [
            -1.6661029,
            48.1147103
          ],
          [
            -1.6660659,
            48.1146823
          ],
          [
            -1.666045,
            48.1146667
          ]
        ]
      },
      "properties": {
        "kind": "path",
        "source": "OpenStreetMap",
        "source_id": "way/462858002"
      }
    },
    {
      "type": "Feature",
      "id": "osm-thabor-path-462858004",
      "geometry": {
        "type": "LineString",
        "coordinates": [
          [
            -1.6660663,
            48.1149471
          ],
          [
            -1.6662523,
            48.1148369
          ],
          [
            -1.6665086,
            48.114685
          ]
        ]
      },
      "properties": {
        "kind": "path",
        "source": "OpenStreetMap",
        "source_id": "way/462858004"
      }
    },
    {
      "type": "Feature",
      "id": "osm-thabor-path-462858005",
      "geometry": {
        "type": "LineString",
        "coordinates": [
          [
            -1.6710392,
            48.1123553
          ],
          [
            -1.6710435,
            48.1123411
          ],
          [
            -1.6710543,
            48.1123292
          ],
          [
            -1.6710776,
            48.1123221
          ],
          [
            -1.6711041,
            48.112321
          ]
        ]
      },
      "properties": {
        "kind": "path",
        "source": "OpenStreetMap",
        "source_id": "way/462858005"
      }
    },
    {
      "type": "Feature",
      "id": "osm-thabor-path-462858006",
      "geometry": {
        "type": "LineString",
        "coordinates": [
          [
            -1.6710852,
            48.1125019
          ],
          [
            -1.6710739,
            48.1125009
          ],
          [
            -1.6710613,
            48.1124981
          ],
          [
            -1.6710535,
            48.112495
          ],
          [
            -1.671044,
            48.1124911
          ]
        ]
      },
      "properties": {
        "kind": "path",
        "source": "OpenStreetMap",
        "source_id": "way/462858006"
      }
    },
    {
      "type": "Feature",
      "id": "osm-thabor-path-462858007",
      "geometry": {
        "type": "LineString",
        "coordinates": [
          [
            -1.6711816,
            48.1149547
          ],
          [
            -1.6711405,
            48.1149557
          ],
          [
            -1.6710983,
            48.1149531
          ],
          [
            -1.6710607,
            48.1149469
          ],
          [
            -1.671023,
            48.1149377
          ],
          [
            -1.6710084,
            48.1148544
          ],
          [
            -1.6709203,
            48.1143522
          ]
        ]
      },
      "properties": {
        "kind": "path",
        "source": "OpenStreetMap",
        "source_id": "way/462858007"
      }
    },
    {
      "type": "Feature",
      "id": "osm-thabor-path-462858008",
      "geometry": {
        "type": "LineString",
        "coordinates": [
          [
            -1.6722277,
            48.1150832
          ],
          [
            -1.6716316,
            48.1150148
          ],
          [
            -1.6715467,
            48.115019
          ]
        ]
      },
      "properties": {
        "kind": "path",
        "source": "OpenStreetMap",
        "source_id": "way/462858008"
      }
    },
    {
      "type": "Feature",
      "id": "osm-thabor-path-462858010",
      "geometry": {
        "type": "LineString",
        "coordinates": [
          [
            -1.6712029,
            48.1150951
          ],
          [
            -1.6711816,
            48.1149547
          ]
        ]
      },
      "properties": {
        "kind": "path",
        "source": "OpenStreetMap",
        "source_id": "way/462858010"
      }
    },
    {
      "type": "Feature",
      "id": "osm-thabor-path-462858011",
      "geometry": {
        "type": "LineString",
        "coordinates": [
          [
            -1.6700352,
            48.1147905
          ],
          [
            -1.6701278,
            48.1148265
          ],
          [
            -1.6701832,
            48.1148678
          ],
          [
            -1.6702075,
            48.1149451
          ],
          [
            -1.6701913,
            48.1150293
          ],
          [
            -1.6701418,
            48.1150987
          ],
          [
            -1.6701269,
            48.1151204
          ],
          [
            -1.6700913,
            48.1151573
          ],
          [
            -1.6700334,
            48.115174
          ],
          [
            -1.6696895,
            48.115178
          ]
        ]
      },
      "properties": {
        "kind": "path",
        "source": "OpenStreetMap",
        "source_id": "way/462858011"
      }
    },
    {
      "type": "Feature",
      "id": "osm-thabor-path-462858012",
      "geometry": {
        "type": "LineString",
        "coordinates": [
          [
            -1.6704395,
            48.1147768
          ],
          [
            -1.6704141,
            48.1146706
          ],
          [
            -1.6702586,
            48.114076
          ],
          [
            -1.6702491,
            48.1140361
          ]
        ]
      },
      "properties": {
        "kind": "path",
        "source": "OpenStreetMap",
        "source_id": "way/462858012"
      }
    },
    {
      "type": "Feature",
      "id": "osm-thabor-path-462858014",
      "geometry": {
        "type": "LineString",
        "coordinates": [
          [
            -1.6685602,
            48.1148957
          ],
          [
            -1.6685367,
            48.1148996
          ],
          [
            -1.6685166,
            48.1149058
          ],
          [
            -1.6684963,
            48.1149119
          ],
          [
            -1.6684775,
            48.1149187
          ],
          [
            -1.6684458,
            48.1149324
          ],
          [
            -1.6684335,
            48.1149441
          ],
          [
            -1.6684265,
            48.1149558
          ],
          [
            -1.6684253,
            48.1149687
          ],
          [
            -1.6684283,
            48.1149811
          ],
          [
            -1.6684419,
            48.1149973
          ],
          [
            -1.6684588,
            48.1150065
          ],
          [
            -1.6684827,
            48.115015
          ],
          [
            -1.6685074,
            48.1150223
          ],
          [
            -1.668537,
            48.1150288
          ],
          [
            -1.6685664,
            48.1150329
          ]
        ]
      },
      "properties": {
        "kind": "path",
        "source": "OpenStreetMap",
        "source_id": "way/462858014"
      }
    },
    {
      "type": "Feature",
      "id": "osm-thabor-path-462858015",
      "geometry": {
        "type": "LineString",
        "coordinates": [
          [
            -1.6695232,
            48.1148806
          ],
          [
            -1.6694935,
            48.1148838
          ],
          [
            -1.6694563,
            48.114891
          ],
          [
            -1.6694245,
            48.114903
          ],
          [
            -1.6694031,
            48.1149196
          ],
          [
            -1.6693903,
            48.1149394
          ],
          [
            -1.6693893,
            48.1149585
          ],
          [
            -1.6694037,
            48.1149794
          ],
          [
            -1.6694385,
            48.1149966
          ],
          [
            -1.6694872,
            48.11501
          ],
          [
            -1.6695281,
            48.1150183
          ]
        ]
      },
      "properties": {
        "kind": "path",
        "source": "OpenStreetMap",
        "source_id": "way/462858015"
      }
    },
    {
      "type": "Feature",
      "id": "osm-thabor-path-462858017",
      "geometry": {
        "type": "LineString",
        "coordinates": [
          [
            -1.6695319,
            48.1151066
          ],
          [
            -1.6695281,
            48.1150183
          ]
        ]
      },
      "properties": {
        "kind": "path",
        "source": "OpenStreetMap",
        "source_id": "way/462858017"
      }
    },
    {
      "type": "Feature",
      "id": "osm-thabor-path-462858028",
      "geometry": {
        "type": "LineString",
        "coordinates": [
          [
            -1.6669107,
            48.1141162
          ],
          [
            -1.6668813,
            48.1141168
          ],
          [
            -1.666852,
            48.1141186
          ],
          [
            -1.6668229,
            48.1141216
          ],
          [
            -1.6667941,
            48.1141258
          ],
          [
            -1.6667658,
            48.1141311
          ],
          [
            -1.666738,
            48.1141376
          ],
          [
            -1.6667108,
            48.1141452
          ],
          [
            -1.6666843,
            48.1141539
          ],
          [
            -1.6666587,
            48.1141636
          ],
          [
            -1.666634,
            48.1141743
          ],
          [
            -1.6666103,
            48.1141861
          ],
          [
            -1.6665877,
            48.1141988
          ],
          [
            -1.666566,
            48.1142126
          ],
          [
            -1.6665456,
            48.1142273
          ],
          [
            -1.6665266,
            48.1142428
          ],
          [
            -1.6665091,
            48.114259
          ],
          [
            -1.6664931,
            48.1142759
          ],
          [
            -1.6664787,
            48.1142935
          ],
          [
            -1.6664662,
            48.1143112
          ],
          [
            -1.6664554,
            48.1143293
          ],
          [
            -1.6664462,
            48.1143478
          ],
          [
            -1.6664387,
            48.1143667
          ],
          [
            -1.666433,
            48.1143858
          ],
          [
            -1.6664289,
            48.1144051
          ]
        ]
      },
      "properties": {
        "kind": "path",
        "source": "OpenStreetMap",
        "source_id": "way/462858028"
      }
    },
    {
      "type": "Feature",
      "id": "osm-thabor-path-462858030",
      "geometry": {
        "type": "LineString",
        "coordinates": [
          [
            -1.6669616,
            48.1141179
          ],
          [
            -1.6669362,
            48.1141166
          ],
          [
            -1.6669107,
            48.1141162
          ]
        ]
      },
      "properties": {
        "kind": "path",
        "source": "OpenStreetMap",
        "source_id": "way/462858030"
      }
    },
    {
      "type": "Feature",
      "id": "osm-thabor-path-462858031",
      "geometry": {
        "type": "LineString",
        "coordinates": [
          [
            -1.6669092,
            48.1141373
          ],
          [
            -1.6668818,
            48.114138
          ],
          [
            -1.6668546,
            48.1141397
          ],
          [
            -1.6668275,
            48.1141426
          ],
          [
            -1.6668008,
            48.1141465
          ],
          [
            -1.6667745,
            48.1141515
          ],
          [
            -1.6667487,
            48.1141575
          ],
          [
            -1.6667234,
            48.1141646
          ],
          [
            -1.6666988,
            48.1141727
          ],
          [
            -1.666675,
            48.1141818
          ],
          [
            -1.6666521,
            48.1141918
          ],
          [
            -1.6666301,
            48.1142027
          ],
          [
            -1.6666091,
            48.1142145
          ],
          [
            -1.6665889,
            48.1142274
          ],
          [
            -1.6665699,
            48.114241
          ],
          [
            -1.6665522,
            48.1142554
          ],
          [
            -1.6665359,
            48.1142705
          ],
          [
            -1.666521,
            48.1142862
          ],
          [
            -1.6665076,
            48.1143025
          ],
          [
            -1.666496,
            48.1143189
          ],
          [
            -1.6664859,
            48.1143358
          ],
          [
            -1.6664773,
            48.114353
          ],
          [
            -1.6664703,
            48.1143705
          ],
          [
            -1.6664648,
            48.1143883
          ],
          [
            -1.666461,
            48.1144062
          ]
        ]
      },
      "properties": {
        "kind": "path",
        "source": "OpenStreetMap",
        "source_id": "way/462858031"
      }
    },
    {
      "type": "Feature",
      "id": "osm-thabor-path-462858033",
      "geometry": {
        "type": "LineString",
        "coordinates": [
          [
            -1.66696,
            48.114139
          ],
          [
            -1.6669346,
            48.1141377
          ],
          [
            -1.6669092,
            48.1141373
          ]
        ]
      },
      "properties": {
        "kind": "path",
        "source": "OpenStreetMap",
        "source_id": "way/462858033"
      }
    },
    {
      "type": "Feature",
      "id": "osm-thabor-path-462858034",
      "geometry": {
        "type": "LineString",
        "coordinates": [
          [
            -1.6669076,
            48.1141581
          ],
          [
            -1.6668823,
            48.1141588
          ],
          [
            -1.6668571,
            48.1141604
          ],
          [
            -1.6668321,
            48.1141631
          ],
          [
            -1.6668074,
            48.1141667
          ],
          [
            -1.666783,
            48.1141714
          ],
          [
            -1.6667591,
            48.114177
          ],
          [
            -1.6667357,
            48.1141835
          ],
          [
            -1.6667129,
            48.114191
          ],
          [
            -1.6666909,
            48.1141995
          ],
          [
            -1.6666696,
            48.1142087
          ],
          [
            -1.6666492,
            48.1142189
          ],
          [
            -1.6666298,
            48.1142298
          ],
          [
            -1.666611,
            48.1142417
          ],
          [
            -1.6665934,
            48.1142543
          ],
          [
            -1.666577,
            48.1142676
          ],
          [
            -1.6665619,
            48.1142816
          ],
          [
            -1.666548,
            48.1142962
          ],
          [
            -1.6665356,
            48.1143113
          ],
          [
            -1.6665248,
            48.1143265
          ],
          [
            -1.6665153,
            48.114342
          ],
          [
            -1.6665073,
            48.114358
          ],
          [
            -1.6665007,
            48.1143742
          ],
          [
            -1.6664956,
            48.1143907
          ],
          [
            -1.666492,
            48.1144073
          ]
        ]
      },
      "properties": {
        "kind": "path",
        "source": "OpenStreetMap",
        "source_id": "way/462858034"
      }
    },
    {
      "type": "Feature",
      "id": "osm-thabor-path-462858036",
      "geometry": {
        "type": "LineString",
        "coordinates": [
          [
            -1.6669584,
            48.1141599
          ],
          [
            -1.666933,
            48.1141585
          ],
          [
            -1.6669076,
            48.1141581
          ]
        ]
      },
      "properties": {
        "kind": "path",
        "source": "OpenStreetMap",
        "source_id": "way/462858036"
      }
    },
    {
      "type": "Feature",
      "id": "osm-thabor-path-462858037",
      "geometry": {
        "type": "LineString",
        "coordinates": [
          [
            -1.6669061,
            48.1141791
          ],
          [
            -1.6668828,
            48.1141798
          ],
          [
            -1.6668597,
            48.1141814
          ],
          [
            -1.6668368,
            48.114184
          ],
          [
            -1.6668141,
            48.1141874
          ],
          [
            -1.6667918,
            48.1141918
          ],
          [
            -1.6667699,
            48.114197
          ],
          [
            -1.6667485,
            48.1142031
          ],
          [
            -1.6667276,
            48.1142101
          ],
          [
            -1.6667074,
            48.1142179
          ],
          [
            -1.666688,
            48.1142264
          ],
          [
            -1.6666693,
            48.1142357
          ],
          [
            -1.6666515,
            48.1142458
          ],
          [
            -1.6666344,
            48.1142567
          ],
          [
            -1.6666182,
            48.1142683
          ],
          [
            -1.6666032,
            48.1142805
          ],
          [
            -1.6665893,
            48.1142933
          ],
          [
            -1.6665766,
            48.1143067
          ],
          [
            -1.6665652,
            48.1143205
          ],
          [
            -1.6665552,
            48.1143344
          ],
          [
            -1.6665465,
            48.1143487
          ],
          [
            -1.6665391,
            48.1143633
          ],
          [
            -1.6665329,
            48.1143781
          ],
          [
            -1.6665281,
            48.1143932
          ],
          [
            -1.6665247,
            48.1144085
          ]
        ]
      },
      "properties": {
        "kind": "path",
        "source": "OpenStreetMap",
        "source_id": "way/462858037"
      }
    },
    {
      "type": "Feature",
      "id": "osm-thabor-path-462858039",
      "geometry": {
        "type": "LineString",
        "coordinates": [
          [
            -1.6669568,
            48.1141807
          ],
          [
            -1.6669315,
            48.1141793
          ],
          [
            -1.6669061,
            48.1141791
          ]
        ]
      },
      "properties": {
        "kind": "path",
        "source": "OpenStreetMap",
        "source_id": "way/462858039"
      }
    },
    {
      "type": "Feature",
      "id": "osm-thabor-path-462858040",
      "geometry": {
        "type": "LineString",
        "coordinates": [
          [
            -1.6669045,
            48.1142001
          ],
          [
            -1.6668833,
            48.1142008
          ],
          [
            -1.6668623,
            48.1142023
          ],
          [
            -1.6668414,
            48.1142047
          ],
          [
            -1.6668207,
            48.1142078
          ],
          [
            -1.6668004,
            48.1142118
          ],
          [
            -1.6667804,
            48.1142166
          ],
          [
            -1.6667608,
            48.1142222
          ],
          [
            -1.6667418,
            48.1142285
          ],
          [
            -1.6667233,
            48.1142356
          ],
          [
            -1.6667055,
            48.1142434
          ],
          [
            -1.6666884,
            48.1142519
          ],
          [
            -1.6666721,
            48.114261
          ],
          [
            -1.6666564,
            48.114271
          ],
          [
            -1.6666417,
            48.1142815
          ],
          [
            -1.6666279,
            48.1142927
          ],
          [
            -1.6666151,
            48.1143044
          ],
          [
            -1.6666034,
            48.1143165
          ],
          [
            -1.6665929,
            48.1143291
          ],
          [
            -1.6665837,
            48.1143418
          ],
          [
            -1.6665756,
            48.1143549
          ],
          [
            -1.6665687,
            48.1143682
          ],
          [
            -1.666563,
            48.1143818
          ],
          [
            -1.6665585,
            48.1143956
          ],
          [
            -1.6665552,
            48.1144095
          ]
        ]
      },
      "properties": {
        "kind": "path",
        "source": "OpenStreetMap",
        "source_id": "way/462858040"
      }
    },
    {
      "type": "Feature",
      "id": "osm-thabor-path-462858041",
      "geometry": {
        "type": "LineString",
        "coordinates": [
          [
            -1.6669552,
            48.1142019
          ],
          [
            -1.6669299,
            48.1142004
          ],
          [
            -1.6669045,
            48.1142001
          ]
        ]
      },
      "properties": {
        "kind": "path",
        "source": "OpenStreetMap",
        "source_id": "way/462858041"
      }
    },
    {
      "type": "Feature",
      "id": "osm-thabor-path-462858043",
      "geometry": {
        "type": "LineString",
        "coordinates": [
          [
            -1.6669029,
            48.1142213
          ],
          [
            -1.6668838,
            48.114222
          ],
          [
            -1.6668648,
            48.1142233
          ],
          [
            -1.6668459,
            48.1142255
          ],
          [
            -1.6668273,
            48.1142283
          ],
          [
            -1.666809,
            48.1142319
          ],
          [
            -1.6667909,
            48.1142362
          ],
          [
            -1.6667732,
            48.1142412
          ],
          [
            -1.6667559,
            48.1142469
          ],
          [
            -1.6667392,
            48.1142533
          ],
          [
            -1.6667231,
            48.1142604
          ],
          [
            -1.6667076,
            48.114268
          ],
          [
            -1.6666928,
            48.1142762
          ],
          [
            -1.6666785,
            48.1142852
          ],
          [
            -1.666665,
            48.1142947
          ],
          [
            -1.6666524,
            48.1143048
          ],
          [
            -1.6666407,
            48.1143153
          ],
          [
            -1.66663,
            48.1143263
          ],
          [
            -1.6666203,
            48.1143377
          ],
          [
            -1.6666119,
            48.1143492
          ],
          [
            -1.6666044,
            48.114361
          ],
          [
            -1.666598,
            48.1143731
          ],
          [
            -1.6665926,
            48.1143854
          ],
          [
            -1.6665884,
            48.1143979
          ],
          [
            -1.6665852,
            48.1144106
          ]
        ]
      },
      "properties": {
        "kind": "path",
        "source": "OpenStreetMap",
        "source_id": "way/462858043"
      }
    },
    {
      "type": "Feature",
      "id": "osm-thabor-path-462858045",
      "geometry": {
        "type": "LineString",
        "coordinates": [
          [
            -1.6669536,
            48.1142232
          ],
          [
            -1.6669283,
            48.1142216
          ],
          [
            -1.6669029,
            48.1142213
          ]
        ]
      },
      "properties": {
        "kind": "path",
        "source": "OpenStreetMap",
        "source_id": "way/462858045"
      }
    },
    {
      "type": "Feature",
      "id": "osm-thabor-path-462858046",
      "geometry": {
        "type": "LineString",
        "coordinates": [
          [
            -1.6669014,
            48.1142412
          ],
          [
            -1.6668843,
            48.114242
          ],
          [
            -1.6668672,
            48.1142433
          ],
          [
            -1.6668504,
            48.1142454
          ],
          [
            -1.6668337,
            48.1142481
          ],
          [
            -1.6668173,
            48.1142514
          ],
          [
            -1.6668012,
            48.1142553
          ],
          [
            -1.6667854,
            48.1142599
          ],
          [
            -1.66677,
            48.1142651
          ],
          [
            -1.666755,
            48.1142709
          ],
          [
            -1.6667406,
            48.1142773
          ],
          [
            -1.6667268,
            48.1142842
          ],
          [
            -1.6667136,
            48.1142916
          ],
          [
            -1.6667009,
            48.1142997
          ],
          [
            -1.6666889,
            48.1143082
          ],
          [
            -1.6666777,
            48.1143172
          ],
          [
            -1.6666673,
            48.1143267
          ],
          [
            -1.6666577,
            48.1143365
          ],
          [
            -1.6666491,
            48.1143467
          ],
          [
            -1.6666415,
            48.1143569
          ],
          [
            -1.6666348,
            48.1143675
          ],
          [
            -1.666629,
            48.1143783
          ],
          [
            -1.6666242,
            48.1143893
          ],
          [
            -1.6666204,
            48.1144004
          ],
          [
            -1.6666175,
            48.1144117
          ]
        ]
      },
      "properties": {
        "kind": "path",
        "source": "OpenStreetMap",
        "source_id": "way/462858046"
      }
    },
    {
      "type": "Feature",
      "id": "osm-thabor-path-462858048",
      "geometry": {
        "type": "LineString",
        "coordinates": [
          [
            -1.6669521,
            48.114243
          ],
          [
            -1.6669268,
            48.1142414
          ],
          [
            -1.6669014,
            48.1142412
          ]
        ]
      },
      "properties": {
        "kind": "path",
        "source": "OpenStreetMap",
        "source_id": "way/462858048"
      }
    },
    {
      "type": "Feature",
      "id": "osm-thabor-path-462858049",
      "geometry": {
        "type": "LineString",
        "coordinates": [
          [
            -1.6668999,
            48.1142621
          ],
          [
            -1.6668847,
            48.1142628
          ],
          [
            -1.6668698,
            48.114264
          ],
          [
            -1.6668549,
            48.1142659
          ],
          [
            -1.6668402,
            48.1142683
          ],
          [
            -1.6668258,
            48.1142712
          ],
          [
            -1.6668116,
            48.1142747
          ],
          [
            -1.6667976,
            48.1142788
          ],
          [
            -1.666784,
            48.1142834
          ],
          [
            -1.6667708,
            48.1142885
          ],
          [
            -1.666758,
            48.1142941
          ],
          [
            -1.6667458,
            48.1143002
          ],
          [
            -1.6667341,
            48.1143067
          ],
          [
            -1.6667228,
            48.1143138
          ],
          [
            -1.6667121,
            48.1143214
          ],
          [
            -1.6667021,
            48.1143293
          ],
          [
            -1.6666929,
            48.1143376
          ],
          [
            -1.6666843,
            48.1143463
          ],
          [
            -1.6666766,
            48.1143552
          ],
          [
            -1.6666697,
            48.1143643
          ],
          [
            -1.6666637,
            48.1143736
          ],
          [
            -1.6666584,
            48.1143832
          ],
          [
            -1.666654,
            48.1143929
          ],
          [
            -1.6666505,
            48.1144028
          ],
          [
            -1.6666477,
            48.1144128
          ]
        ]
      },
      "properties": {
        "kind": "path",
        "source": "OpenStreetMap",
        "source_id": "way/462858049"
      }
    },
    {
      "type": "Feature",
      "id": "osm-thabor-path-462858051",
      "geometry": {
        "type": "LineString",
        "coordinates": [
          [
            -1.6669505,
            48.1142639
          ],
          [
            -1.6669253,
            48.1142622
          ],
          [
            -1.6668999,
            48.1142621
          ]
        ]
      },
      "properties": {
        "kind": "path",
        "source": "OpenStreetMap",
        "source_id": "way/462858051"
      }
    },
    {
      "type": "Feature",
      "id": "osm-thabor-path-462858055",
      "geometry": {
        "type": "LineString",
        "coordinates": [
          [
            -1.6668982,
            48.1142851
          ],
          [
            -1.6668853,
            48.1142859
          ],
          [
            -1.6668726,
            48.1142871
          ],
          [
            -1.66686,
            48.1142888
          ],
          [
            -1.6668476,
            48.1142909
          ],
          [
            -1.6668354,
            48.1142935
          ],
          [
            -1.6668234,
            48.1142966
          ],
          [
            -1.6668115,
            48.1143001
          ],
          [
            -1.6667999,
            48.114304
          ],
          [
            -1.6667887,
            48.1143084
          ],
          [
            -1.6667779,
            48.1143132
          ],
          [
            -1.6667674,
            48.1143184
          ],
          [
            -1.6667575,
            48.114324
          ],
          [
            -1.6667478,
            48.11433
          ],
          [
            -1.6667387,
            48.1143364
          ],
          [
            -1.6667301,
            48.1143431
          ],
          [
            -1.6667222,
            48.1143502
          ],
          [
            -1.6667148,
            48.1143575
          ],
          [
            -1.666708,
            48.1143651
          ],
          [
            -1.666702,
            48.1143728
          ],
          [
            -1.6666967,
            48.1143807
          ],
          [
            -1.666692,
            48.1143888
          ],
          [
            -1.666688,
            48.1143971
          ],
          [
            -1.6666847,
            48.1144055
          ],
          [
            -1.6666821,
            48.114414
          ]
        ]
      },
      "properties": {
        "kind": "path",
        "source": "OpenStreetMap",
        "source_id": "way/462858055"
      }
    },
    {
      "type": "Feature",
      "id": "osm-thabor-path-462858057",
      "geometry": {
        "type": "LineString",
        "coordinates": [
          [
            -1.6669488,
            48.1142867
          ],
          [
            -1.6669236,
            48.114285
          ],
          [
            -1.6668982,
            48.1142851
          ]
        ]
      },
      "properties": {
        "kind": "path",
        "source": "OpenStreetMap",
        "source_id": "way/462858057"
      }
    },
    {
      "type": "Feature",
      "id": "osm-thabor-path-462858058",
      "geometry": {
        "type": "LineString",
        "coordinates": [
          [
            -1.6668966,
            48.114306
          ],
          [
            -1.6668858,
            48.1143069
          ],
          [
            -1.6668752,
            48.1143081
          ],
          [
            -1.6668647,
            48.1143097
          ],
          [
            -1.6668543,
            48.1143116
          ],
          [
            -1.6668441,
            48.114314
          ],
          [
            -1.6668342,
            48.1143167
          ],
          [
            -1.6668243,
            48.1143198
          ],
          [
            -1.6668147,
            48.1143232
          ],
          [
            -1.6668054,
            48.114327
          ],
          [
            -1.6667964,
            48.1143311
          ],
          [
            -1.6667878,
            48.1143356
          ],
          [
            -1.6667796,
            48.1143403
          ],
          [
            -1.6667717,
            48.1143454
          ],
          [
            -1.6667642,
            48.1143507
          ],
          [
            -1.6667571,
            48.1143564
          ],
          [
            -1.6667506,
            48.1143622
          ],
          [
            -1.6667445,
            48.1143683
          ],
          [
            -1.6667389,
            48.1143747
          ],
          [
            -1.666734,
            48.1143811
          ],
          [
            -1.6667295,
            48.1143876
          ],
          [
            -1.6667256,
            48.1143944
          ],
          [
            -1.6667223,
            48.1144012
          ],
          [
            -1.6667195,
            48.1144082
          ],
          [
            -1.6667173,
            48.1144152
          ]
        ]
      },
      "properties": {
        "kind": "path",
        "source": "OpenStreetMap",
        "source_id": "way/462858058"
      }
    },
    {
      "type": "Feature",
      "id": "osm-thabor-path-462858060",
      "geometry": {
        "type": "LineString",
        "coordinates": [
          [
            -1.6669472,
            48.1143073
          ],
          [
            -1.666922,
            48.1143056
          ],
          [
            -1.6668966,
            48.114306
          ]
        ]
      },
      "properties": {
        "kind": "path",
        "source": "OpenStreetMap",
        "source_id": "way/462858060"
      }
    },
    {
      "type": "Feature",
      "id": "osm-thabor-path-462858061",
      "geometry": {
        "type": "LineString",
        "coordinates": [
          [
            -1.6668951,
            48.1143265
          ],
          [
            -1.6668863,
            48.1143272
          ],
          [
            -1.6668776,
            48.1143282
          ],
          [
            -1.666869,
            48.1143295
          ],
          [
            -1.6668606,
            48.1143311
          ],
          [
            -1.6668522,
            48.1143329
          ],
          [
            -1.6668441,
            48.1143351
          ],
          [
            -1.6668358,
            48.1143376
          ],
          [
            -1.6668278,
            48.1143404
          ],
          [
            -1.66682,
            48.1143434
          ],
          [
            -1.6668125,
            48.1143467
          ],
          [
            -1.6668053,
            48.1143503
          ],
          [
            -1.6667983,
            48.1143541
          ],
          [
            -1.6667915,
            48.1143582
          ],
          [
            -1.666785,
            48.1143626
          ],
          [
            -1.6667789,
            48.1143672
          ],
          [
            -1.6667732,
            48.114372
          ],
          [
            -1.6667678,
            48.114377
          ],
          [
            -1.6667629,
            48.1143822
          ],
          [
            -1.6667583,
            48.1143875
          ],
          [
            -1.6667543,
            48.114393
          ],
          [
            -1.6667506,
            48.1143986
          ],
          [
            -1.6667474,
            48.1144043
          ],
          [
            -1.6667447,
            48.1144101
          ],
          [
            -1.6667424,
            48.1144161
          ]
        ]
      },
      "properties": {
        "kind": "path",
        "source": "OpenStreetMap",
        "source_id": "way/462858061"
      }
    },
    {
      "type": "Feature",
      "id": "osm-thabor-path-462858063",
      "geometry": {
        "type": "LineString",
        "coordinates": [
          [
            -1.6669457,
            48.1143281
          ],
          [
            -1.6669205,
            48.114326
          ],
          [
            -1.6668951,
            48.1143265
          ]
        ]
      },
      "properties": {
        "kind": "path",
        "source": "OpenStreetMap",
        "source_id": "way/462858063"
      }
    },
    {
      "type": "Feature",
      "id": "osm-thabor-path-462858064",
      "geometry": {
        "type": "LineString",
        "coordinates": [
          [
            -1.6668936,
            48.1143459
          ],
          [
            -1.6668868,
            48.1143466
          ],
          [
            -1.66688,
            48.1143475
          ],
          [
            -1.6668733,
            48.1143486
          ],
          [
            -1.6668667,
            48.1143499
          ],
          [
            -1.6668602,
            48.1143514
          ],
          [
            -1.6668538,
            48.1143531
          ],
          [
            -1.6668473,
            48.1143552
          ],
          [
            -1.6668409,
            48.1143574
          ],
          [
            -1.6668348,
            48.1143598
          ],
          [
            -1.6668288,
            48.1143624
          ],
          [
            -1.666823,
            48.1143653
          ],
          [
            -1.6668175,
            48.1143683
          ],
          [
            -1.6668121,
            48.1143715
          ],
          [
            -1.6668069,
            48.114375
          ],
          [
            -1.666802,
            48.1143786
          ],
          [
            -1.6667974,
            48.1143823
          ],
          [
            -1.6667931,
            48.1143863
          ],
          [
            -1.666789,
            48.1143903
          ],
          [
            -1.6667853,
            48.1143945
          ],
          [
            -1.6667819,
            48.1143988
          ],
          [
            -1.6667789,
            48.1144033
          ],
          [
            -1.6667762,
            48.1144078
          ],
          [
            -1.6667738,
            48.1144124
          ],
          [
            -1.6667718,
            48.1144171
          ]
        ]
      },
      "properties": {
        "kind": "path",
        "source": "OpenStreetMap",
        "source_id": "way/462858064"
      }
    },
    {
      "type": "Feature",
      "id": "osm-thabor-path-462858066",
      "geometry": {
        "type": "LineString",
        "coordinates": [
          [
            -1.6669442,
            48.1143478
          ],
          [
            -1.666919,
            48.1143454
          ],
          [
            -1.6668936,
            48.1143459
          ]
        ]
      },
      "properties": {
        "kind": "path",
        "source": "OpenStreetMap",
        "source_id": "way/462858066"
      }
    },
    {
      "type": "Feature",
      "id": "osm-thabor-path-462858067",
      "geometry": {
        "type": "LineString",
        "coordinates": [
          [
            -1.6669296,
            48.1145364
          ],
          [
            -1.6669369,
            48.1145356
          ],
          [
            -1.6669442,
            48.1145346
          ],
          [
            -1.6669514,
            48.1145333
          ],
          [
            -1.6669584,
            48.1145318
          ],
          [
            -1.6669653,
            48.11453
          ],
          [
            -1.6669721,
            48.114528
          ],
          [
            -1.6669787,
            48.1145258
          ],
          [
            -1.6669851,
            48.1145234
          ],
          [
            -1.6669913,
            48.1145207
          ],
          [
            -1.6669973,
            48.1145179
          ],
          [
            -1.6670031,
            48.1145148
          ],
          [
            -1.6670087,
            48.1145116
          ],
          [
            -1.667014,
            48.1145081
          ],
          [
            -1.667019,
            48.1145045
          ],
          [
            -1.6670237,
            48.1145007
          ],
          [
            -1.6670281,
            48.1144967
          ],
          [
            -1.6670323,
            48.1144926
          ],
          [
            -1.6670361,
            48.1144884
          ],
          [
            -1.6670392,
            48.1144845
          ],
          [
            -1.667042,
            48.1144805
          ],
          [
            -1.6670446,
            48.1144765
          ],
          [
            -1.6670469,
            48.1144723
          ],
          [
            -1.6670489,
            48.1144681
          ],
          [
            -1.6670506,
            48.1144638
          ]
        ]
      },
      "properties": {
        "kind": "path",
        "source": "OpenStreetMap",
        "source_id": "way/462858067"
      }
    },
    {
      "type": "Feature",
      "id": "osm-thabor-path-462858069",
      "geometry": {
        "type": "LineString",
        "coordinates": [
          [
            -1.6668782,
            48.1145347
          ],
          [
            -1.6669041,
            48.1145371
          ],
          [
            -1.6669296,
            48.1145364
          ]
        ]
      },
      "properties": {
        "kind": "path",
        "source": "OpenStreetMap",
        "source_id": "way/462858069"
      }
    },
    {
      "type": "Feature",
      "id": "osm-thabor-path-462858070",
      "geometry": {
        "type": "LineString",
        "coordinates": [
          [
            -1.666928,
            48.1145575
          ],
          [
            -1.6669373,
            48.1145567
          ],
          [
            -1.6669466,
            48.1145557
          ],
          [
            -1.6669557,
            48.1145542
          ],
          [
            -1.6669647,
            48.1145525
          ],
          [
            -1.6669736,
            48.1145504
          ],
          [
            -1.6669823,
            48.114548
          ],
          [
            -1.6669907,
            48.1145453
          ],
          [
            -1.666999,
            48.1145423
          ],
          [
            -1.667007,
            48.1145391
          ],
          [
            -1.6670147,
            48.1145355
          ],
          [
            -1.6670221,
            48.1145316
          ],
          [
            -1.6670292,
            48.1145275
          ],
          [
            -1.667036,
            48.1145231
          ],
          [
            -1.6670424,
            48.1145185
          ],
          [
            -1.6670485,
            48.1145136
          ],
          [
            -1.6670541,
            48.1145085
          ],
          [
            -1.6670594,
            48.1145033
          ],
          [
            -1.6670642,
            48.1144978
          ],
          [
            -1.6670682,
            48.1144926
          ],
          [
            -1.6670718,
            48.1144873
          ],
          [
            -1.667075,
            48.1144819
          ],
          [
            -1.6670778,
            48.1144764
          ],
          [
            -1.6670802,
            48.1144707
          ],
          [
            -1.6670821,
            48.114465
          ]
        ]
      },
      "properties": {
        "kind": "path",
        "source": "OpenStreetMap",
        "source_id": "way/462858070"
      }
    },
    {
      "type": "Feature",
      "id": "osm-thabor-path-462858072",
      "geometry": {
        "type": "LineString",
        "coordinates": [
          [
            -1.6668765,
            48.1145556
          ],
          [
            -1.6669024,
            48.1145578
          ],
          [
            -1.666928,
            48.1145575
          ]
        ]
      },
      "properties": {
        "kind": "path",
        "source": "OpenStreetMap",
        "source_id": "way/462858072"
      }
    },
    {
      "type": "Feature",
      "id": "osm-thabor-path-462858073",
      "geometry": {
        "type": "LineString",
        "coordinates": [
          [
            -1.6669269,
            48.1145727
          ],
          [
            -1.6669377,
            48.1145721
          ],
          [
            -1.6669484,
            48.114571
          ],
          [
            -1.666959,
            48.1145696
          ],
          [
            -1.6669695,
            48.1145678
          ],
          [
            -1.6669798,
            48.1145656
          ],
          [
            -1.6669899,
            48.1145631
          ],
          [
            -1.6669999,
            48.1145601
          ],
          [
            -1.6670097,
            48.1145568
          ],
          [
            -1.6670191,
            48.1145532
          ],
          [
            -1.6670283,
            48.1145492
          ],
          [
            -1.6670371,
            48.1145449
          ],
          [
            -1.6670456,
            48.1145403
          ],
          [
            -1.6670538,
            48.1145352
          ],
          [
            -1.6670616,
            48.1145299
          ],
          [
            -1.667069,
            48.1145242
          ],
          [
            -1.6670758,
            48.1145183
          ],
          [
            -1.6670822,
            48.1145122
          ],
          [
            -1.6670881,
            48.1145058
          ],
          [
            -1.6670931,
            48.1144996
          ],
          [
            -1.6670976,
            48.1144931
          ],
          [
            -1.6671017,
            48.1144866
          ],
          [
            -1.6671052,
            48.1144799
          ],
          [
            -1.6671081,
            48.1144731
          ],
          [
            -1.6671105,
            48.1144661
          ]
        ]
      },
      "properties": {
        "kind": "path",
        "source": "OpenStreetMap",
        "source_id": "way/462858073"
      }
    },
    {
      "type": "Feature",
      "id": "osm-thabor-path-462858075",
      "geometry": {
        "type": "LineString",
        "coordinates": [
          [
            -1.6668752,
            48.1145704
          ],
          [
            -1.6669013,
            48.1145727
          ],
          [
            -1.6669269,
            48.1145727
          ]
        ]
      },
      "properties": {
        "kind": "path",
        "source": "OpenStreetMap",
        "source_id": "way/462858075"
      }
    },
    {
      "type": "Feature",
      "id": "osm-thabor-path-462858076",
      "geometry": {
        "type": "LineString",
        "coordinates": [
          [
            -1.6669251,
            48.1145965
          ],
          [
            -1.6669381,
            48.1145958
          ],
          [
            -1.6669511,
            48.1145946
          ],
          [
            -1.6669638,
            48.1145929
          ],
          [
            -1.6669765,
            48.1145908
          ],
          [
            -1.6669889,
            48.1145881
          ],
          [
            -1.6670011,
            48.114585
          ],
          [
            -1.6670131,
            48.1145815
          ],
          [
            -1.6670247,
            48.1145775
          ],
          [
            -1.667036,
            48.1145731
          ],
          [
            -1.667047,
            48.1145682
          ],
          [
            -1.6670575,
            48.114563
          ],
          [
            -1.6670675,
            48.1145573
          ],
          [
            -1.6670772,
            48.1145512
          ],
          [
            -1.6670864,
            48.1145447
          ],
          [
            -1.6670951,
            48.1145379
          ],
          [
            -1.6671031,
            48.1145308
          ],
          [
            -1.6671105,
            48.1145233
          ],
          [
            -1.6671172,
            48.1145156
          ],
          [
            -1.6671231,
            48.114508
          ],
          [
            -1.6671283,
            48.1145002
          ],
          [
            -1.6671328,
            48.1144922
          ],
          [
            -1.6671367,
            48.114484
          ],
          [
            -1.6671399,
            48.1144757
          ],
          [
            -1.6671425,
            48.1144673
          ]
        ]
      },
      "properties": {
        "kind": "path",
        "source": "OpenStreetMap",
        "source_id": "way/462858076"
      }
    },
    {
      "type": "Feature",
      "id": "osm-thabor-path-462858078",
      "geometry": {
        "type": "LineString",
        "coordinates": [
          [
            -1.6668733,
            48.1145946
          ],
          [
            -1.6668993,
            48.1145965
          ],
          [
            -1.6669251,
            48.1145965
          ]
        ]
      },
      "properties": {
        "kind": "path",
        "source": "OpenStreetMap",
        "source_id": "way/462858078"
      }
    },
    {
      "type": "Feature",
      "id": "osm-thabor-path-462858079",
      "geometry": {
        "type": "LineString",
        "coordinates": [
          [
            -1.6669235,
            48.1146169
          ],
          [
            -1.6669385,
            48.1146161
          ],
          [
            -1.6669533,
            48.1146148
          ],
          [
            -1.666968,
            48.1146129
          ],
          [
            -1.6669825,
            48.1146105
          ],
          [
            -1.6669968,
            48.1146076
          ],
          [
            -1.6670107,
            48.1146041
          ],
          [
            -1.6670245,
            48.1146
          ],
          [
            -1.6670379,
            48.1145955
          ],
          [
            -1.6670509,
            48.1145905
          ],
          [
            -1.6670634,
            48.1145849
          ],
          [
            -1.6670755,
            48.114579
          ],
          [
            -1.667087,
            48.1145725
          ],
          [
            -1.6670982,
            48.1145655
          ],
          [
            -1.6671088,
            48.1145581
          ],
          [
            -1.6671187,
            48.1145502
          ],
          [
            -1.6671279,
            48.114542
          ],
          [
            -1.6671364,
            48.1145335
          ],
          [
            -1.6671442,
            48.1145246
          ],
          [
            -1.667151,
            48.1145158
          ],
          [
            -1.667157,
            48.1145067
          ],
          [
            -1.6671622,
            48.1144974
          ],
          [
            -1.6671667,
            48.1144879
          ],
          [
            -1.6671703,
            48.1144783
          ],
          [
            -1.6671732,
            48.1144685
          ]
        ]
      },
      "properties": {
        "kind": "path",
        "source": "OpenStreetMap",
        "source_id": "way/462858079"
      }
    },
    {
      "type": "Feature",
      "id": "osm-thabor-path-462858081",
      "geometry": {
        "type": "LineString",
        "coordinates": [
          [
            -1.6668716,
            48.1146152
          ],
          [
            -1.6668977,
            48.1146169
          ],
          [
            -1.6669235,
            48.1146169
          ]
        ]
      },
      "properties": {
        "kind": "path",
        "source": "OpenStreetMap",
        "source_id": "way/462858081"
      }
    },
    {
      "type": "Feature",
      "id": "osm-thabor-path-462858082",
      "geometry": {
        "type": "LineString",
        "coordinates": [
          [
            -1.666922,
            48.1146376
          ],
          [
            -1.6669389,
            48.1146368
          ],
          [
            -1.6669557,
            48.1146355
          ],
          [
            -1.6669723,
            48.1146335
          ],
          [
            -1.6669887,
            48.1146309
          ],
          [
            -1.6670049,
            48.1146276
          ],
          [
            -1.6670208,
            48.1146238
          ],
          [
            -1.6670364,
            48.1146193
          ],
          [
            -1.6670516,
            48.1146142
          ],
          [
            -1.6670664,
            48.1146086
          ],
          [
            -1.6670806,
            48.1146024
          ],
          [
            -1.6670943,
            48.1145957
          ],
          [
            -1.6671074,
            48.1145884
          ],
          [
            -1.6671202,
            48.1145805
          ],
          [
            -1.6671322,
            48.1145721
          ],
          [
            -1.6671435,
            48.1145632
          ],
          [
            -1.667154,
            48.1145539
          ],
          [
            -1.6671637,
            48.1145442
          ],
          [
            -1.6671724,
            48.1145341
          ],
          [
            -1.6671802,
            48.114524
          ],
          [
            -1.667187,
            48.1145135
          ],
          [
            -1.6671929,
            48.1145028
          ],
          [
            -1.6671979,
            48.114492
          ],
          [
            -1.6672019,
            48.1144809
          ],
          [
            -1.667205,
            48.1144697
          ]
        ]
      },
      "properties": {
        "kind": "path",
        "source": "OpenStreetMap",
        "source_id": "way/462858082"
      }
    },
    {
      "type": "Feature",
      "id": "osm-thabor-path-462858084",
      "geometry": {
        "type": "LineString",
        "coordinates": [
          [
            -1.6668699,
            48.1146357
          ],
          [
            -1.6668961,
            48.1146374
          ],
          [
            -1.666922,
            48.1146376
          ]
        ]
      },
      "properties": {
        "kind": "path",
        "source": "OpenStreetMap",
        "source_id": "way/462858084"
      }
    },
    {
      "type": "Feature",
      "id": "osm-thabor-path-462858085",
      "geometry": {
        "type": "LineString",
        "coordinates": [
          [
            -1.6669204,
            48.1146589
          ],
          [
            -1.6669392,
            48.1146581
          ],
          [
            -1.666958,
            48.1146566
          ],
          [
            -1.6669766,
            48.1146544
          ],
          [
            -1.666995,
            48.1146515
          ],
          [
            -1.6670131,
            48.1146479
          ],
          [
            -1.6670308,
            48.1146436
          ],
          [
            -1.6670483,
            48.1146386
          ],
          [
            -1.6670652,
            48.1146329
          ],
          [
            -1.6670817,
            48.1146266
          ],
          [
            -1.6670976,
            48.1146196
          ],
          [
            -1.6671128,
            48.1146121
          ],
          [
            -1.6671274,
            48.114604
          ],
          [
            -1.6671416,
            48.1145951
          ],
          [
            -1.6671549,
            48.1145856
          ],
          [
            -1.6671674,
            48.1145757
          ],
          [
            -1.667179,
            48.1145653
          ],
          [
            -1.6671896,
            48.1145544
          ],
          [
            -1.6671993,
            48.1145431
          ],
          [
            -1.6672078,
            48.1145317
          ],
          [
            -1.6672153,
            48.11452
          ],
          [
            -1.6672217,
            48.114508
          ],
          [
            -1.6672271,
            48.1144958
          ],
          [
            -1.6672314,
            48.1144834
          ],
          [
            -1.6672346,
            48.1144708
          ]
        ]
      },
      "properties": {
        "kind": "path",
        "source": "OpenStreetMap",
        "source_id": "way/462858085"
      }
    },
    {
      "type": "Feature",
      "id": "osm-thabor-path-462858087",
      "geometry": {
        "type": "LineString",
        "coordinates": [
          [
            -1.6668681,
            48.1146572
          ],
          [
            -1.6668944,
            48.1146587
          ],
          [
            -1.6669204,
            48.1146589
          ]
        ]
      },
      "properties": {
        "kind": "path",
        "source": "OpenStreetMap",
        "source_id": "way/462858087"
      }
    },
    {
      "type": "Feature",
      "id": "osm-thabor-path-462858088",
      "geometry": {
        "type": "LineString",
        "coordinates": [
          [
            -1.6669188,
            48.1146793
          ],
          [
            -1.6669396,
            48.1146786
          ],
          [
            -1.6669603,
            48.1146771
          ],
          [
            -1.6669809,
            48.1146748
          ],
          [
            -1.6670012,
            48.1146718
          ],
          [
            -1.6670212,
            48.1146679
          ],
          [
            -1.6670408,
            48.1146632
          ],
          [
            -1.6670601,
            48.1146578
          ],
          [
            -1.667079,
            48.1146516
          ],
          [
            -1.6670972,
            48.1146447
          ],
          [
            -1.6671148,
            48.1146371
          ],
          [
            -1.6671317,
            48.1146289
          ],
          [
            -1.6671479,
            48.1146199
          ],
          [
            -1.6671637,
            48.1146101
          ],
          [
            -1.6671785,
            48.1145997
          ],
          [
            -1.6671924,
            48.1145887
          ],
          [
            -1.6672053,
            48.1145772
          ],
          [
            -1.6672171,
            48.1145652
          ],
          [
            -1.6672279,
            48.1145527
          ],
          [
            -1.6672373,
            48.11454
          ],
          [
            -1.6672456,
            48.1145269
          ],
          [
            -1.6672528,
            48.1145135
          ],
          [
            -1.6672587,
            48.1144999
          ],
          [
            -1.6672635,
            48.1144861
          ],
          [
            -1.667267,
            48.1144721
          ]
        ]
      },
      "properties": {
        "kind": "path",
        "source": "OpenStreetMap",
        "source_id": "way/462858088"
      }
    },
    {
      "type": "Feature",
      "id": "osm-thabor-path-462858089",
      "geometry": {
        "type": "LineString",
        "coordinates": [
          [
            -1.6668664,
            48.1146775
          ],
          [
            -1.6668927,
            48.1146791
          ],
          [
            -1.6669188,
            48.1146793
          ]
        ]
      },
      "properties": {
        "kind": "path",
        "source": "OpenStreetMap",
        "source_id": "way/462858089"
      }
    },
    {
      "type": "Feature",
      "id": "osm-thabor-path-462858091",
      "geometry": {
        "type": "LineString",
        "coordinates": [
          [
            -1.6669172,
            48.1147006
          ],
          [
            -1.66694,
            48.1147
          ],
          [
            -1.6669627,
            48.1146985
          ],
          [
            -1.6669853,
            48.1146961
          ],
          [
            -1.6670076,
            48.1146928
          ],
          [
            -1.6670296,
            48.1146887
          ],
          [
            -1.6670512,
            48.1146837
          ],
          [
            -1.6670725,
            48.1146778
          ],
          [
            -1.6670932,
            48.1146711
          ],
          [
            -1.6671133,
            48.1146636
          ],
          [
            -1.6671327,
            48.1146553
          ],
          [
            -1.6671513,
            48.1146462
          ],
          [
            -1.6671691,
            48.1146365
          ],
          [
            -1.6671865,
            48.1146257
          ],
          [
            -1.6672029,
            48.1146143
          ],
          [
            -1.6672182,
            48.1146022
          ],
          [
            -1.6672324,
            48.1145895
          ],
          [
            -1.6672454,
            48.1145763
          ],
          [
            -1.6672572,
            48.1145625
          ],
          [
            -1.6672676,
            48.1145485
          ],
          [
            -1.6672768,
            48.114534
          ],
          [
            -1.6672846,
            48.1145192
          ],
          [
            -1.6672911,
            48.1145041
          ],
          [
            -1.6672962,
            48.1144888
          ],
          [
            -1.6672999,
            48.1144733
          ]
        ]
      },
      "properties": {
        "kind": "path",
        "source": "OpenStreetMap",
        "source_id": "way/462858091"
      }
    },
    {
      "type": "Feature",
      "id": "osm-thabor-path-462858092",
      "geometry": {
        "type": "LineString",
        "coordinates": [
          [
            -1.6668647,
            48.1146987
          ],
          [
            -1.666891,
            48.1147003
          ],
          [
            -1.6669172,
            48.1147006
          ]
        ]
      },
      "properties": {
        "kind": "path",
        "source": "OpenStreetMap",
        "source_id": "way/462858092"
      }
    },
    {
      "type": "Feature",
      "id": "osm-thabor-path-462858094",
      "geometry": {
        "type": "LineString",
        "coordinates": [
          [
            -1.6669157,
            48.114721
          ],
          [
            -1.6669404,
            48.1147203
          ],
          [
            -1.666965,
            48.1147186
          ],
          [
            -1.6669894,
            48.114716
          ],
          [
            -1.6670136,
            48.1147125
          ],
          [
            -1.6670374,
            48.114708
          ],
          [
            -1.6670608,
            48.1147025
          ],
          [
            -1.6670838,
            48.1146962
          ],
          [
            -1.6671062,
            48.1146889
          ],
          [
            -1.6671279,
            48.1146807
          ],
          [
            -1.6671489,
            48.1146717
          ],
          [
            -1.667169,
            48.1146619
          ],
          [
            -1.6671883,
            48.1146514
          ],
          [
            -1.6672071,
            48.1146397
          ],
          [
            -1.6672247,
            48.1146273
          ],
          [
            -1.6672412,
            48.1146142
          ],
          [
            -1.6672565,
            48.1146005
          ],
          [
            -1.6672705,
            48.1145861
          ],
          [
            -1.6672832,
            48.1145713
          ],
          [
            -1.6672945,
            48.114556
          ],
          [
            -1.6673043,
            48.1145403
          ],
          [
            -1.6673127,
            48.1145242
          ],
          [
            -1.6673196,
            48.1145079
          ],
          [
            -1.6673251,
            48.1144912
          ],
          [
            -1.667329,
            48.1144744
          ]
        ]
      },
      "properties": {
        "kind": "path",
        "source": "OpenStreetMap",
        "source_id": "way/462858094"
      }
    },
    {
      "type": "Feature",
      "id": "osm-thabor-path-462858095",
      "geometry": {
        "type": "LineString",
        "coordinates": [
          [
            -1.666863,
            48.1147192
          ],
          [
            -1.6668894,
            48.1147206
          ],
          [
            -1.6669157,
            48.114721
          ]
        ]
      },
      "properties": {
        "kind": "path",
        "source": "OpenStreetMap",
        "source_id": "way/462858095"
      }
    },
    {
      "type": "Feature",
      "id": "osm-thabor-path-462858097",
      "geometry": {
        "type": "LineString",
        "coordinates": [
          [
            -1.666914,
            48.1147428
          ],
          [
            -1.6669408,
            48.1147421
          ],
          [
            -1.6669675,
            48.1147405
          ],
          [
            -1.666994,
            48.1147377
          ],
          [
            -1.6670202,
            48.114734
          ],
          [
            -1.667046,
            48.1147292
          ],
          [
            -1.6670713,
            48.1147234
          ],
          [
            -1.6670963,
            48.1147165
          ],
          [
            -1.6671207,
            48.1147087
          ],
          [
            -1.6671443,
            48.1146999
          ],
          [
            -1.667167,
            48.1146902
          ],
          [
            -1.6671889,
            48.1146795
          ],
          [
            -1.6672098,
            48.1146681
          ],
          [
            -1.6672302,
            48.1146555
          ],
          [
            -1.6672494,
            48.114642
          ],
          [
            -1.6672673,
            48.1146278
          ],
          [
            -1.6672838,
            48.1146129
          ],
          [
            -1.667299,
            48.1145973
          ],
          [
            -1.6673127,
            48.1145812
          ],
          [
            -1.6673249,
            48.1145645
          ],
          [
            -1.6673355,
            48.1145474
          ],
          [
            -1.6673446,
            48.1145299
          ],
          [
            -1.667352,
            48.1145121
          ],
          [
            -1.6673577,
            48.114494
          ],
          [
            -1.6673619,
            48.1144757
          ]
        ]
      },
      "properties": {
        "kind": "path",
        "source": "OpenStreetMap",
        "source_id": "way/462858097"
      }
    },
    {
      "type": "Feature",
      "id": "osm-thabor-path-462858098",
      "geometry": {
        "type": "LineString",
        "coordinates": [
          [
            -1.6668612,
            48.1147409
          ],
          [
            -1.6668877,
            48.1147424
          ],
          [
            -1.666914,
            48.1147428
          ]
        ]
      },
      "properties": {
        "kind": "path",
        "source": "OpenStreetMap",
        "source_id": "way/462858098"
      }
    },
    {
      "type": "Feature",
      "id": "osm-thabor-path-462858100",
      "geometry": {
        "type": "LineString",
        "coordinates": [
          [
            -1.6669124,
            48.1147642
          ],
          [
            -1.6669412,
            48.1147636
          ],
          [
            -1.6669699,
            48.1147618
          ],
          [
            -1.6669984,
            48.1147589
          ],
          [
            -1.6670266,
            48.1147549
          ],
          [
            -1.6670543,
            48.1147498
          ],
          [
            -1.6670816,
            48.1147436
          ],
          [
            -1.6671085,
            48.1147362
          ],
          [
            -1.6671347,
            48.1147278
          ],
          [
            -1.6671601,
            48.1147184
          ],
          [
            -1.6671846,
            48.1147079
          ],
          [
            -1.6672081,
            48.1146965
          ],
          [
            -1.6672305,
            48.1146842
          ],
          [
            -1.6672524,
            48.1146706
          ],
          [
            -1.6672731,
            48.1146562
          ],
          [
            -1.6672923,
            48.1146409
          ],
          [
            -1.6673101,
            48.1146248
          ],
          [
            -1.6673264,
            48.1146081
          ],
          [
            -1.6673411,
            48.1145907
          ],
          [
            -1.6673541,
            48.1145727
          ],
          [
            -1.6673655,
            48.1145543
          ],
          [
            -1.6673752,
            48.1145354
          ],
          [
            -1.6673831,
            48.1145161
          ],
          [
            -1.6673892,
            48.1144966
          ],
          [
            -1.6673935,
            48.1144769
          ]
        ]
      },
      "properties": {
        "kind": "path",
        "source": "OpenStreetMap",
        "source_id": "way/462858100"
      }
    },
    {
      "type": "Feature",
      "id": "osm-thabor-path-462858101",
      "geometry": {
        "type": "LineString",
        "coordinates": [
          [
            -1.6668594,
            48.1147623
          ],
          [
            -1.6668859,
            48.1147637
          ],
          [
            -1.6669124,
            48.1147642
          ]
        ]
      },
      "properties": {
        "kind": "path",
        "source": "OpenStreetMap",
        "source_id": "way/462858101"
      }
    },
    {
      "type": "Feature",
      "id": "osm-thabor-path-462858103",
      "geometry": {
        "type": "LineString",
        "coordinates": [
          [
            -1.6664261,
            48.1144404
          ],
          [
            -1.666427,
            48.1144603
          ],
          [
            -1.6664298,
            48.1144802
          ],
          [
            -1.6664344,
            48.1144999
          ],
          [
            -1.6664408,
            48.1145194
          ],
          [
            -1.666449,
            48.1145386
          ],
          [
            -1.666459,
            48.1145574
          ],
          [
            -1.6664706,
            48.1145757
          ],
          [
            -1.6664839,
            48.1145935
          ],
          [
            -1.6664988,
            48.1146107
          ],
          [
            -1.6665152,
            48.1146273
          ],
          [
            -1.6665331,
            48.1146432
          ],
          [
            -1.6665525,
            48.1146583
          ],
          [
            -1.6665729,
            48.1146723
          ],
          [
            -1.6665945,
            48.1146856
          ],
          [
            -1.6666173,
            48.1146979
          ],
          [
            -1.6666411,
            48.1147093
          ],
          [
            -1.6666659,
            48.1147197
          ],
          [
            -1.6666917,
            48.1147291
          ],
          [
            -1.6667182,
            48.1147374
          ],
          [
            -1.6667455,
            48.1147446
          ],
          [
            -1.6667733,
            48.1147508
          ],
          [
            -1.6668016,
            48.1147558
          ],
          [
            -1.6668304,
            48.1147596
          ],
          [
            -1.6668594,
            48.1147623
          ]
        ]
      },
      "properties": {
        "kind": "path",
        "source": "OpenStreetMap",
        "source_id": "way/462858103"
      }
    },
    {
      "type": "Feature",
      "id": "osm-thabor-path-462858104",
      "geometry": {
        "type": "LineString",
        "coordinates": [
          [
            -1.6664289,
            48.1144051
          ],
          [
            -1.6664269,
            48.1144216
          ],
          [
            -1.6664261,
            48.1144404
          ]
        ]
      },
      "properties": {
        "kind": "path",
        "source": "OpenStreetMap",
        "source_id": "way/462858104"
      }
    },
    {
      "type": "Feature",
      "id": "osm-thabor-path-462858105",
      "geometry": {
        "type": "LineString",
        "coordinates": [
          [
            -1.6664581,
            48.1144416
          ],
          [
            -1.6664591,
            48.1144601
          ],
          [
            -1.6664618,
            48.1144785
          ],
          [
            -1.6664662,
            48.1144968
          ],
          [
            -1.6664722,
            48.1145149
          ],
          [
            -1.6664799,
            48.1145327
          ],
          [
            -1.6664892,
            48.1145501
          ],
          [
            -1.6665,
            48.1145671
          ],
          [
            -1.6665124,
            48.1145837
          ],
          [
            -1.6665263,
            48.1145996
          ],
          [
            -1.6665416,
            48.114615
          ],
          [
            -1.6665582,
            48.1146298
          ],
          [
            -1.6665762,
            48.1146438
          ],
          [
            -1.6665951,
            48.1146569
          ],
          [
            -1.6666152,
            48.1146692
          ],
          [
            -1.6666364,
            48.1146807
          ],
          [
            -1.6666585,
            48.1146913
          ],
          [
            -1.6666816,
            48.1147009
          ],
          [
            -1.6667055,
            48.1147097
          ],
          [
            -1.6667301,
            48.1147175
          ],
          [
            -1.6667554,
            48.1147243
          ],
          [
            -1.6667812,
            48.11473
          ],
          [
            -1.6668075,
            48.1147347
          ],
          [
            -1.6668342,
            48.1147383
          ],
          [
            -1.6668612,
            48.1147409
          ]
        ]
      },
      "properties": {
        "kind": "path",
        "source": "OpenStreetMap",
        "source_id": "way/462858105"
      }
    },
    {
      "type": "Feature",
      "id": "osm-thabor-path-462858107",
      "geometry": {
        "type": "LineString",
        "coordinates": [
          [
            -1.666461,
            48.1144062
          ],
          [
            -1.6664589,
            48.1144229
          ],
          [
            -1.6664581,
            48.1144416
          ]
        ]
      },
      "properties": {
        "kind": "path",
        "source": "OpenStreetMap",
        "source_id": "way/462858107"
      }
    },
    {
      "type": "Feature",
      "id": "osm-thabor-path-462858108",
      "geometry": {
        "type": "LineString",
        "coordinates": [
          [
            -1.6664892,
            48.1144427
          ],
          [
            -1.6664903,
            48.1144598
          ],
          [
            -1.6664929,
            48.1144769
          ],
          [
            -1.6664971,
            48.1144938
          ],
          [
            -1.6665028,
            48.1145105
          ],
          [
            -1.66651,
            48.1145269
          ],
          [
            -1.6665187,
            48.114543
          ],
          [
            -1.6665289,
            48.1145587
          ],
          [
            -1.6665404,
            48.114574
          ],
          [
            -1.6665533,
            48.1145887
          ],
          [
            -1.6665675,
            48.1146029
          ],
          [
            -1.666583,
            48.1146165
          ],
          [
            -1.6665997,
            48.1146295
          ],
          [
            -1.6666172,
            48.1146415
          ],
          [
            -1.6666358,
            48.1146529
          ],
          [
            -1.6666554,
            48.1146634
          ],
          [
            -1.6666758,
            48.1146732
          ],
          [
            -1.6666971,
            48.1146822
          ],
          [
            -1.6667192,
            48.1146902
          ],
          [
            -1.6667419,
            48.1146974
          ],
          [
            -1.6667653,
            48.1147037
          ],
          [
            -1.6667891,
            48.114709
          ],
          [
            -1.6668134,
            48.1147134
          ],
          [
            -1.6668381,
            48.1147168
          ],
          [
            -1.666863,
            48.1147192
          ]
        ]
      },
      "properties": {
        "kind": "path",
        "source": "OpenStreetMap",
        "source_id": "way/462858108"
      }
    },
    {
      "type": "Feature",
      "id": "osm-thabor-path-462858110",
      "geometry": {
        "type": "LineString",
        "coordinates": [
          [
            -1.666492,
            48.1144073
          ],
          [
            -1.6664899,
            48.1144241
          ],
          [
            -1.6664892,
            48.1144427
          ]
        ]
      },
      "properties": {
        "kind": "path",
        "source": "OpenStreetMap",
        "source_id": "way/462858110"
      }
    },
    {
      "type": "Feature",
      "id": "osm-thabor-path-462858111",
      "geometry": {
        "type": "LineString",
        "coordinates": [
          [
            -1.6665219,
            48.1144439
          ],
          [
            -1.666523,
            48.1144596
          ],
          [
            -1.6665255,
            48.1144752
          ],
          [
            -1.6665293,
            48.1144906
          ],
          [
            -1.6665346,
            48.1145059
          ],
          [
            -1.6665412,
            48.1145209
          ],
          [
            -1.6665492,
            48.1145357
          ],
          [
            -1.6665585,
            48.1145501
          ],
          [
            -1.666569,
            48.1145641
          ],
          [
            -1.6665808,
            48.1145776
          ],
          [
            -1.6665938,
            48.1145907
          ],
          [
            -1.666608,
            48.1146032
          ],
          [
            -1.6666232,
            48.1146151
          ],
          [
            -1.6666393,
            48.1146263
          ],
          [
            -1.6666563,
            48.1146367
          ],
          [
            -1.6666742,
            48.1146465
          ],
          [
            -1.666693,
            48.1146556
          ],
          [
            -1.6667125,
            48.1146639
          ],
          [
            -1.6667327,
            48.1146714
          ],
          [
            -1.6667536,
            48.1146781
          ],
          [
            -1.666775,
            48.114684
          ],
          [
            -1.6667969,
            48.114689
          ],
          [
            -1.6668192,
            48.1146931
          ],
          [
            -1.6668418,
            48.1146963
          ],
          [
            -1.6668647,
            48.1146987
          ]
        ]
      },
      "properties": {
        "kind": "path",
        "source": "OpenStreetMap",
        "source_id": "way/462858111"
      }
    },
    {
      "type": "Feature",
      "id": "osm-thabor-path-462858113",
      "geometry": {
        "type": "LineString",
        "coordinates": [
          [
            -1.6665247,
            48.1144085
          ],
          [
            -1.6665225,
            48.1144254
          ],
          [
            -1.6665219,
            48.1144439
          ]
        ]
      },
      "properties": {
        "kind": "path",
        "source": "OpenStreetMap",
        "source_id": "way/462858113"
      }
    },
    {
      "type": "Feature",
      "id": "osm-thabor-path-462858114",
      "geometry": {
        "type": "LineString",
        "coordinates": [
          [
            -1.6665524,
            48.1144451
          ],
          [
            -1.6665536,
            48.1144594
          ],
          [
            -1.6665559,
            48.1144736
          ],
          [
            -1.6665596,
            48.1144877
          ],
          [
            -1.6665645,
            48.1145016
          ],
          [
            -1.6665707,
            48.1145153
          ],
          [
            -1.666578,
            48.1145287
          ],
          [
            -1.6665866,
            48.1145419
          ],
          [
            -1.6665963,
            48.1145546
          ],
          [
            -1.6666072,
            48.114567
          ],
          [
            -1.6666191,
            48.1145789
          ],
          [
            -1.6666321,
            48.1145903
          ],
          [
            -1.6666461,
            48.1146012
          ],
          [
            -1.6666607,
            48.1146113
          ],
          [
            -1.6666763,
            48.1146209
          ],
          [
            -1.6666927,
            48.1146298
          ],
          [
            -1.6667098,
            48.1146381
          ],
          [
            -1.6667276,
            48.1146456
          ],
          [
            -1.6667461,
            48.1146525
          ],
          [
            -1.6667651,
            48.1146586
          ],
          [
            -1.6667846,
            48.114664
          ],
          [
            -1.6668046,
            48.1146685
          ],
          [
            -1.6668249,
            48.1146723
          ],
          [
            -1.6668456,
            48.1146753
          ],
          [
            -1.6668664,
            48.1146775
          ]
        ]
      },
      "properties": {
        "kind": "path",
        "source": "OpenStreetMap",
        "source_id": "way/462858114"
      }
    },
    {
      "type": "Feature",
      "id": "osm-thabor-path-462858116",
      "geometry": {
        "type": "LineString",
        "coordinates": [
          [
            -1.6665552,
            48.1144095
          ],
          [
            -1.6665529,
            48.1144266
          ],
          [
            -1.6665524,
            48.1144451
          ]
        ]
      },
      "properties": {
        "kind": "path",
        "source": "OpenStreetMap",
        "source_id": "way/462858116"
      }
    },
    {
      "type": "Feature",
      "id": "osm-thabor-path-462858117",
      "geometry": {
        "type": "LineString",
        "coordinates": [
          [
            -1.6665824,
            48.1144462
          ],
          [
            -1.6665835,
            48.1144591
          ],
          [
            -1.6665857,
            48.114472
          ],
          [
            -1.6665891,
            48.1144848
          ],
          [
            -1.6665937,
            48.1144974
          ],
          [
            -1.6665993,
            48.1145098
          ],
          [
            -1.666606,
            48.114522
          ],
          [
            -1.6666139,
            48.1145339
          ],
          [
            -1.6666228,
            48.1145455
          ],
          [
            -1.6666327,
            48.1145567
          ],
          [
            -1.6666435,
            48.1145675
          ],
          [
            -1.6666554,
            48.1145779
          ],
          [
            -1.6666681,
            48.1145878
          ],
          [
            -1.6666814,
            48.114597
          ],
          [
            -1.6666956,
            48.1146056
          ],
          [
            -1.6667104,
            48.1146137
          ],
          [
            -1.666726,
            48.1146212
          ],
          [
            -1.6667421,
            48.1146281
          ],
          [
            -1.6667589,
            48.1146343
          ],
          [
            -1.6667761,
            48.1146399
          ],
          [
            -1.6667939,
            48.1146448
          ],
          [
            -1.666812,
            48.114649
          ],
          [
            -1.6668304,
            48.1146524
          ],
          [
            -1.6668492,
            48.1146552
          ],
          [
            -1.6668681,
            48.1146572
          ]
        ]
      },
      "properties": {
        "kind": "path",
        "source": "OpenStreetMap",
        "source_id": "way/462858117"
      }
    },
    {
      "type": "Feature",
      "id": "osm-thabor-path-462858119",
      "geometry": {
        "type": "LineString",
        "coordinates": [
          [
            -1.6665852,
            48.1144106
          ],
          [
            -1.6665828,
            48.1144277
          ],
          [
            -1.6665824,
            48.1144462
          ]
        ]
      },
      "properties": {
        "kind": "path",
        "source": "OpenStreetMap",
        "source_id": "way/462858119"
      }
    },
    {
      "type": "Feature",
      "id": "osm-thabor-path-462858120",
      "geometry": {
        "type": "LineString",
        "coordinates": [
          [
            -1.6666148,
            48.1144474
          ],
          [
            -1.666616,
            48.1144589
          ],
          [
            -1.6666182,
            48.1144703
          ],
          [
            -1.6666214,
            48.1144816
          ],
          [
            -1.6666255,
            48.1144928
          ],
          [
            -1.6666307,
            48.1145038
          ],
          [
            -1.6666367,
            48.1145146
          ],
          [
            -1.6666438,
            48.1145252
          ],
          [
            -1.6666518,
            48.1145355
          ],
          [
            -1.6666606,
            48.1145455
          ],
          [
            -1.6666703,
            48.1145551
          ],
          [
            -1.6666809,
            48.1145643
          ],
          [
            -1.6666922,
            48.1145731
          ],
          [
            -1.6667041,
            48.1145813
          ],
          [
            -1.6667166,
            48.114589
          ],
          [
            -1.6667298,
            48.1145962
          ],
          [
            -1.6667436,
            48.114603
          ],
          [
            -1.666758,
            48.1146091
          ],
          [
            -1.6667729,
            48.1146147
          ],
          [
            -1.6667882,
            48.1146198
          ],
          [
            -1.6668039,
            48.1146242
          ],
          [
            -1.66682,
            48.114628
          ],
          [
            -1.6668364,
            48.1146312
          ],
          [
            -1.666853,
            48.1146338
          ],
          [
            -1.6668699,
            48.1146357
          ]
        ]
      },
      "properties": {
        "kind": "path",
        "source": "OpenStreetMap",
        "source_id": "way/462858120"
      }
    },
    {
      "type": "Feature",
      "id": "osm-thabor-path-462858122",
      "geometry": {
        "type": "LineString",
        "coordinates": [
          [
            -1.6666175,
            48.1144117
          ],
          [
            -1.666615,
            48.114429
          ],
          [
            -1.6666148,
            48.1144474
          ]
        ]
      },
      "properties": {
        "kind": "path",
        "source": "OpenStreetMap",
        "source_id": "way/462858122"
      }
    },
    {
      "type": "Feature",
      "id": "osm-thabor-path-462858123",
      "geometry": {
        "type": "LineString",
        "coordinates": [
          [
            -1.6666451,
            48.1144485
          ],
          [
            -1.6666463,
            48.1144586
          ],
          [
            -1.6666483,
            48.1144687
          ],
          [
            -1.6666513,
            48.1144787
          ],
          [
            -1.6666551,
            48.1144886
          ],
          [
            -1.6666597,
            48.1144983
          ],
          [
            -1.6666651,
            48.1145077
          ],
          [
            -1.6666715,
            48.1145171
          ],
          [
            -1.6666786,
            48.1145262
          ],
          [
            -1.6666865,
            48.114535
          ],
          [
            -1.6666951,
            48.1145435
          ],
          [
            -1.6667045,
            48.1145517
          ],
          [
            -1.6667145,
            48.1145595
          ],
          [
            -1.6667251,
            48.1145667
          ],
          [
            -1.6667362,
            48.1145735
          ],
          [
            -1.6667478,
            48.1145799
          ],
          [
            -1.6667601,
            48.1145859
          ],
          [
            -1.6667727,
            48.1145913
          ],
          [
            -1.6667859,
            48.1145963
          ],
          [
            -1.6667994,
            48.1146008
          ],
          [
            -1.6668133,
            48.1146048
          ],
          [
            -1.6668275,
            48.1146082
          ],
          [
            -1.666842,
            48.1146111
          ],
          [
            -1.6668567,
            48.1146134
          ],
          [
            -1.6668716,
            48.1146152
          ]
        ]
      },
      "properties": {
        "kind": "path",
        "source": "OpenStreetMap",
        "source_id": "way/462858123"
      }
    },
    {
      "type": "Feature",
      "id": "osm-thabor-path-462858125",
      "geometry": {
        "type": "LineString",
        "coordinates": [
          [
            -1.6666477,
            48.1144128
          ],
          [
            -1.6666451,
            48.1144302
          ],
          [
            -1.6666451,
            48.1144485
          ]
        ]
      },
      "properties": {
        "kind": "path",
        "source": "OpenStreetMap",
        "source_id": "way/462858125"
      }
    },
    {
      "type": "Feature",
      "id": "osm-thabor-path-462858126",
      "geometry": {
        "type": "LineString",
        "coordinates": [
          [
            -1.6667148,
            48.1144511
          ],
          [
            -1.666716,
            48.1144581
          ],
          [
            -1.6667178,
            48.1144651
          ],
          [
            -1.6667201,
            48.114472
          ],
          [
            -1.666723,
            48.1144788
          ],
          [
            -1.6667264,
            48.1144855
          ],
          [
            -1.6667303,
            48.114492
          ],
          [
            -1.6667349,
            48.1144987
          ],
          [
            -1.66674,
            48.1145051
          ],
          [
            -1.6667456,
            48.1145113
          ],
          [
            -1.6667516,
            48.1145173
          ],
          [
            -1.6667582,
            48.114523
          ],
          [
            -1.6667652,
            48.1145285
          ],
          [
            -1.6667726,
            48.1145337
          ],
          [
            -1.6667804,
            48.1145387
          ],
          [
            -1.6667886,
            48.1145433
          ],
          [
            -1.6667971,
            48.1145477
          ],
          [
            -1.666806,
            48.1145517
          ],
          [
            -1.6668152,
            48.1145554
          ],
          [
            -1.6668246,
            48.1145588
          ],
          [
            -1.6668343,
            48.1145618
          ],
          [
            -1.6668443,
            48.1145645
          ],
          [
            -1.6668545,
            48.1145669
          ],
          [
            -1.6668648,
            48.1145688
          ],
          [
            -1.6668752,
            48.1145704
          ]
        ]
      },
      "properties": {
        "kind": "path",
        "source": "OpenStreetMap",
        "source_id": "way/462858126"
      }
    },
    {
      "type": "Feature",
      "id": "osm-thabor-path-462858128",
      "geometry": {
        "type": "LineString",
        "coordinates": [
          [
            -1.6667173,
            48.1144152
          ],
          [
            -1.6667143,
            48.1144329
          ],
          [
            -1.6667148,
            48.1144511
          ]
        ]
      },
      "properties": {
        "kind": "path",
        "source": "OpenStreetMap",
        "source_id": "way/462858128"
      }
    },
    {
      "type": "Feature",
      "id": "osm-thabor-path-462858131",
      "geometry": {
        "type": "LineString",
        "coordinates": [
          [
            -1.666679,
            48.1144498
          ],
          [
            -1.6666802,
            48.1144584
          ],
          [
            -1.666682,
            48.114467
          ],
          [
            -1.6666845,
            48.1144755
          ],
          [
            -1.6666877,
            48.1144839
          ],
          [
            -1.6666917,
            48.1144921
          ],
          [
            -1.6666963,
            48.1145002
          ],
          [
            -1.6667017,
            48.1145083
          ],
          [
            -1.6667078,
            48.1145162
          ],
          [
            -1.6667145,
            48.1145238
          ],
          [
            -1.6667218,
            48.1145311
          ],
          [
            -1.6667298,
            48.1145382
          ],
          [
            -1.6667384,
            48.1145449
          ],
          [
            -1.6667474,
            48.1145513
          ],
          [
            -1.6667569,
            48.1145573
          ],
          [
            -1.6667669,
            48.1145629
          ],
          [
            -1.6667773,
            48.1145681
          ],
          [
            -1.6667882,
            48.114573
          ],
          [
            -1.6667995,
            48.1145774
          ],
          [
            -1.6668111,
            48.1145814
          ],
          [
            -1.6668231,
            48.1145849
          ],
          [
            -1.6668353,
            48.1145881
          ],
          [
            -1.6668478,
            48.1145907
          ],
          [
            -1.6668604,
            48.1145929
          ],
          [
            -1.6668733,
            48.1145946
          ]
        ]
      },
      "properties": {
        "kind": "path",
        "source": "OpenStreetMap",
        "source_id": "way/462858131"
      }
    },
    {
      "type": "Feature",
      "id": "osm-thabor-path-462858132",
      "geometry": {
        "type": "LineString",
        "coordinates": [
          [
            -1.6666821,
            48.114414
          ],
          [
            -1.6666791,
            48.1144315
          ],
          [
            -1.666679,
            48.1144498
          ]
        ]
      },
      "properties": {
        "kind": "path",
        "source": "OpenStreetMap",
        "source_id": "way/462858132"
      }
    },
    {
      "type": "Feature",
      "id": "osm-thabor-path-462858133",
      "geometry": {
        "type": "LineString",
        "coordinates": [
          [
            -1.6667386,
            48.114452
          ],
          [
            -1.6667397,
            48.114458
          ],
          [
            -1.6667411,
            48.1144639
          ],
          [
            -1.6667431,
            48.1144698
          ],
          [
            -1.6667454,
            48.1144756
          ],
          [
            -1.6667483,
            48.1144813
          ],
          [
            -1.6667516,
            48.1144869
          ],
          [
            -1.6667554,
            48.1144926
          ],
          [
            -1.6667598,
            48.1144982
          ],
          [
            -1.6667645,
            48.1145036
          ],
          [
            -1.6667698,
            48.1145088
          ],
          [
            -1.6667754,
            48.1145139
          ],
          [
            -1.6667814,
            48.1145187
          ],
          [
            -1.6667878,
            48.1145233
          ],
          [
            -1.6667946,
            48.1145276
          ],
          [
            -1.6668017,
            48.1145318
          ],
          [
            -1.6668092,
            48.1145356
          ],
          [
            -1.6668169,
            48.1145392
          ],
          [
            -1.6668249,
            48.1145425
          ],
          [
            -1.6668331,
            48.1145454
          ],
          [
            -1.6668414,
            48.114548
          ],
          [
            -1.6668499,
            48.1145504
          ],
          [
            -1.6668586,
            48.1145524
          ],
          [
            -1.6668675,
            48.1145542
          ],
          [
            -1.6668765,
            48.1145556
          ]
        ]
      },
      "properties": {
        "kind": "path",
        "source": "OpenStreetMap",
        "source_id": "way/462858133"
      }
    },
    {
      "type": "Feature",
      "id": "osm-thabor-path-462858134",
      "geometry": {
        "type": "LineString",
        "coordinates": [
          [
            -1.6667424,
            48.1144161
          ],
          [
            -1.6667384,
            48.1144339
          ],
          [
            -1.6667386,
            48.114452
          ]
        ]
      },
      "properties": {
        "kind": "path",
        "source": "OpenStreetMap",
        "source_id": "way/462858134"
      }
    },
    {
      "type": "Feature",
      "id": "osm-thabor-path-462858135",
      "geometry": {
        "type": "LineString",
        "coordinates": [
          [
            -1.6668887,
            48.1143782
          ],
          [
            -1.6668797,
            48.11438
          ],
          [
            -1.6668711,
            48.1143824
          ],
          [
            -1.6668628,
            48.1143854
          ],
          [
            -1.666855,
            48.1143888
          ],
          [
            -1.6668477,
            48.1143928
          ],
          [
            -1.666841,
            48.1143972
          ],
          [
            -1.666835,
            48.114402
          ],
          [
            -1.6668298,
            48.1144072
          ],
          [
            -1.6668253,
            48.1144127
          ],
          [
            -1.6668216,
            48.1144185
          ]
        ]
      },
      "properties": {
        "kind": "path",
        "source": "OpenStreetMap",
        "source_id": "way/462858135"
      }
    },
    {
      "type": "Feature",
      "id": "osm-thabor-path-462858136",
      "geometry": {
        "type": "LineString",
        "coordinates": [
          [
            -1.6669447,
            48.1143798
          ],
          [
            -1.6669355,
            48.114378
          ],
          [
            -1.6669261,
            48.1143768
          ],
          [
            -1.6669166,
            48.1143763
          ],
          [
            -1.6669072,
            48.1143763
          ],
          [
            -1.6668979,
            48.1143769
          ],
          [
            -1.6668887,
            48.1143782
          ]
        ]
      },
      "properties": {
        "kind": "path",
        "source": "OpenStreetMap",
        "source_id": "way/462858136"
      }
    },
    {
      "type": "Feature",
      "id": "osm-thabor-path-462858137",
      "geometry": {
        "type": "LineString",
        "coordinates": [
          [
            -1.666818,
            48.1144558
          ],
          [
            -1.6668206,
            48.1144619
          ],
          [
            -1.6668241,
            48.1144678
          ],
          [
            -1.6668285,
            48.1144735
          ],
          [
            -1.6668337,
            48.1144789
          ],
          [
            -1.6668396,
            48.1144839
          ],
          [
            -1.6668463,
            48.1144885
          ],
          [
            -1.6668536,
            48.1144926
          ],
          [
            -1.6668615,
            48.1144962
          ],
          [
            -1.6668698,
            48.1144993
          ],
          [
            -1.6668786,
            48.1145018
          ]
        ]
      },
      "properties": {
        "kind": "path",
        "source": "OpenStreetMap",
        "source_id": "way/462858137"
      }
    },
    {
      "type": "Feature",
      "id": "osm-thabor-path-462858138",
      "geometry": {
        "type": "LineString",
        "coordinates": [
          [
            -1.6668216,
            48.1144185
          ],
          [
            -1.6668187,
            48.1144244
          ],
          [
            -1.6668168,
            48.1144305
          ],
          [
            -1.6668157,
            48.1144368
          ],
          [
            -1.6668155,
            48.1144431
          ],
          [
            -1.6668163,
            48.1144495
          ],
          [
            -1.666818,
            48.1144558
          ]
        ]
      },
      "properties": {
        "kind": "path",
        "source": "OpenStreetMap",
        "source_id": "way/462858138"
      }
    },
    {
      "type": "Feature",
      "id": "osm-thabor-path-462858139",
      "geometry": {
        "type": "LineString",
        "coordinates": [
          [
            -1.6669355,
            48.1145041
          ],
          [
            -1.6669449,
            48.1145022
          ],
          [
            -1.6669539,
            48.1144998
          ],
          [
            -1.6669624,
            48.1144967
          ],
          [
            -1.6669705,
            48.1144931
          ],
          [
            -1.6669781,
            48.114489
          ],
          [
            -1.6669849,
            48.1144844
          ],
          [
            -1.666991,
            48.1144793
          ],
          [
            -1.6669964,
            48.1144739
          ],
          [
            -1.6670009,
            48.1144682
          ],
          [
            -1.6670045,
            48.1144621
          ]
        ]
      },
      "properties": {
        "kind": "path",
        "source": "OpenStreetMap",
        "source_id": "way/462858139"
      }
    },
    {
      "type": "Feature",
      "id": "osm-thabor-path-462858140",
      "geometry": {
        "type": "LineString",
        "coordinates": [
          [
            -1.6668786,
            48.1145018
          ],
          [
            -1.6668877,
            48.1145037
          ],
          [
            -1.666897,
            48.1145051
          ],
          [
            -1.6669065,
            48.1145058
          ],
          [
            -1.6669163,
            48.1145059
          ],
          [
            -1.666926,
            48.1145053
          ],
          [
            -1.6669355,
            48.1145041
          ]
        ]
      },
      "properties": {
        "kind": "path",
        "source": "OpenStreetMap",
        "source_id": "way/462858140"
      }
    },
    {
      "type": "Feature",
      "id": "osm-thabor-path-462858141",
      "geometry": {
        "type": "LineString",
        "coordinates": [
          [
            -1.6667683,
            48.1144531
          ],
          [
            -1.6667693,
            48.1144577
          ],
          [
            -1.6667707,
            48.1144623
          ],
          [
            -1.6667724,
            48.1144669
          ],
          [
            -1.6667745,
            48.1144714
          ],
          [
            -1.6667768,
            48.1144758
          ],
          [
            -1.6667795,
            48.1144801
          ],
          [
            -1.6667827,
            48.1144846
          ],
          [
            -1.6667863,
            48.114489
          ],
          [
            -1.6667901,
            48.1144932
          ],
          [
            -1.6667943,
            48.1144974
          ],
          [
            -1.6667989,
            48.1145013
          ],
          [
            -1.6668037,
            48.1145051
          ],
          [
            -1.6668088,
            48.1145087
          ],
          [
            -1.6668142,
            48.1145122
          ],
          [
            -1.6668198,
            48.1145154
          ],
          [
            -1.6668257,
            48.1145185
          ],
          [
            -1.6668318,
            48.1145213
          ],
          [
            -1.6668381,
            48.114524
          ],
          [
            -1.6668444,
            48.1145263
          ],
          [
            -1.6668509,
            48.1145284
          ],
          [
            -1.6668575,
            48.1145303
          ],
          [
            -1.6668643,
            48.114532
          ],
          [
            -1.6668712,
            48.1145334
          ],
          [
            -1.6668782,
            48.1145347
          ]
        ]
      },
      "properties": {
        "kind": "path",
        "source": "OpenStreetMap",
        "source_id": "way/462858141"
      }
    },
    {
      "type": "Feature",
      "id": "osm-thabor-path-462858142",
      "geometry": {
        "type": "LineString",
        "coordinates": [
          [
            -1.6667718,
            48.1144171
          ],
          [
            -1.6667675,
            48.114435
          ],
          [
            -1.6667683,
            48.1144531
          ]
        ]
      },
      "properties": {
        "kind": "path",
        "source": "OpenStreetMap",
        "source_id": "way/462858142"
      }
    },
    {
      "type": "Feature",
      "id": "osm-thabor-path-462858143",
      "geometry": {
        "type": "LineString",
        "coordinates": [
          [
            -1.6670045,
            48.1144621
          ],
          [
            -1.6670071,
            48.1144562
          ],
          [
            -1.6670089,
            48.1144501
          ],
          [
            -1.6670097,
            48.1144439
          ],
          [
            -1.6670097,
            48.1144375
          ],
          [
            -1.6670087,
            48.1144312
          ],
          [
            -1.6670067,
            48.1144249
          ]
        ]
      },
      "properties": {
        "kind": "path",
        "source": "OpenStreetMap",
        "source_id": "way/462858143"
      }
    },
    {
      "type": "Feature",
      "id": "osm-thabor-path-462858144",
      "geometry": {
        "type": "LineString",
        "coordinates": [
          [
            -1.6670506,
            48.1144638
          ],
          [
            -1.6670545,
            48.1144455
          ],
          [
            -1.667053,
            48.1144269
          ]
        ]
      },
      "properties": {
        "kind": "path",
        "source": "OpenStreetMap",
        "source_id": "way/462858144"
      }
    },
    {
      "type": "Feature",
      "id": "osm-thabor-path-462858145",
      "geometry": {
        "type": "LineString",
        "coordinates": [
          [
            -1.6670821,
            48.114465
          ],
          [
            -1.6670855,
            48.1144466
          ],
          [
            -1.6670843,
            48.114428
          ]
        ]
      },
      "properties": {
        "kind": "path",
        "source": "OpenStreetMap",
        "source_id": "way/462858145"
      }
    },
    {
      "type": "Feature",
      "id": "osm-thabor-path-462858146",
      "geometry": {
        "type": "LineString",
        "coordinates": [
          [
            -1.6671105,
            48.1144661
          ],
          [
            -1.6671142,
            48.1144477
          ],
          [
            -1.6671141,
            48.114429
          ]
        ]
      },
      "properties": {
        "kind": "path",
        "source": "OpenStreetMap",
        "source_id": "way/462858146"
      }
    },
    {
      "type": "Feature",
      "id": "osm-thabor-path-462858147",
      "geometry": {
        "type": "LineString",
        "coordinates": [
          [
            -1.6671425,
            48.1144673
          ],
          [
            -1.6671456,
            48.1144488
          ],
          [
            -1.6671453,
            48.1144301
          ]
        ]
      },
      "properties": {
        "kind": "path",
        "source": "OpenStreetMap",
        "source_id": "way/462858147"
      }
    },
    {
      "type": "Feature",
      "id": "osm-thabor-path-462858148",
      "geometry": {
        "type": "LineString",
        "coordinates": [
          [
            -1.6671732,
            48.1144685
          ],
          [
            -1.6671763,
            48.1144499
          ],
          [
            -1.6671764,
            48.1144312
          ]
        ]
      },
      "properties": {
        "kind": "path",
        "source": "OpenStreetMap",
        "source_id": "way/462858148"
      }
    },
    {
      "type": "Feature",
      "id": "osm-thabor-path-462858149",
      "geometry": {
        "type": "LineString",
        "coordinates": [
          [
            -1.667205,
            48.1144697
          ],
          [
            -1.667208,
            48.1144511
          ],
          [
            -1.6672083,
            48.1144323
          ]
        ]
      },
      "properties": {
        "kind": "path",
        "source": "OpenStreetMap",
        "source_id": "way/462858149"
      }
    },
    {
      "type": "Feature",
      "id": "osm-thabor-path-462858150",
      "geometry": {
        "type": "LineString",
        "coordinates": [
          [
            -1.6672346,
            48.1144708
          ],
          [
            -1.6672374,
            48.1144522
          ],
          [
            -1.6672377,
            48.1144333
          ]
        ]
      },
      "properties": {
        "kind": "path",
        "source": "OpenStreetMap",
        "source_id": "way/462858150"
      }
    },
    {
      "type": "Feature",
      "id": "osm-thabor-path-462858151",
      "geometry": {
        "type": "LineString",
        "coordinates": [
          [
            -1.667267,
            48.1144721
          ],
          [
            -1.6672697,
            48.1144533
          ],
          [
            -1.6672702,
            48.1144344
          ]
        ]
      },
      "properties": {
        "kind": "path",
        "source": "OpenStreetMap",
        "source_id": "way/462858151"
      }
    },
    {
      "type": "Feature",
      "id": "osm-thabor-path-462858152",
      "geometry": {
        "type": "LineString",
        "coordinates": [
          [
            -1.6672999,
            48.1144733
          ],
          [
            -1.6673025,
            48.1144545
          ],
          [
            -1.6673031,
            48.1144356
          ]
        ]
      },
      "properties": {
        "kind": "path",
        "source": "OpenStreetMap",
        "source_id": "way/462858152"
      }
    },
    {
      "type": "Feature",
      "id": "osm-thabor-path-462858153",
      "geometry": {
        "type": "LineString",
        "coordinates": [
          [
            -1.667329,
            48.1144744
          ],
          [
            -1.6673316,
            48.1144556
          ],
          [
            -1.6673322,
            48.1144366
          ]
        ]
      },
      "properties": {
        "kind": "path",
        "source": "OpenStreetMap",
        "source_id": "way/462858153"
      }
    },
    {
      "type": "Feature",
      "id": "osm-thabor-path-462858154",
      "geometry": {
        "type": "LineString",
        "coordinates": [
          [
            -1.6673619,
            48.1144757
          ],
          [
            -1.6673643,
            48.1144568
          ],
          [
            -1.667365,
            48.1144378
          ]
        ]
      },
      "properties": {
        "kind": "path",
        "source": "OpenStreetMap",
        "source_id": "way/462858154"
      }
    },
    {
      "type": "Feature",
      "id": "osm-thabor-path-462858155",
      "geometry": {
        "type": "LineString",
        "coordinates": [
          [
            -1.6673935,
            48.1144769
          ],
          [
            -1.6673959,
            48.1144579
          ],
          [
            -1.6673966,
            48.1144389
          ]
        ]
      },
      "properties": {
        "kind": "path",
        "source": "OpenStreetMap",
        "source_id": "way/462858155"
      }
    },
    {
      "type": "Feature",
      "id": "osm-thabor-path-462860784",
      "geometry": {
        "type": "LineString",
        "coordinates": [
          [
            -1.6664866,
            48.1140705
          ],
          [
            -1.6664759,
            48.1140673
          ],
          [
            -1.6664259,
            48.1140329
          ]
        ]
      },
      "properties": {
        "kind": "path",
        "source": "OpenStreetMap",
        "source_id": "way/462860784"
      }
    },
    {
      "type": "Feature",
      "id": "osm-thabor-path-463716720",
      "geometry": {
        "type": "LineString",
        "coordinates": [
          [
            -1.671585,
            48.1154796
          ],
          [
            -1.6715756,
            48.1154217
          ]
        ]
      },
      "properties": {
        "kind": "path",
        "source": "OpenStreetMap",
        "source_id": "way/463716720"
      }
    },
    {
      "type": "Feature",
      "id": "osm-thabor-path-463716721",
      "geometry": {
        "type": "LineString",
        "coordinates": [
          [
            -1.6737733,
            48.1145146
          ],
          [
            -1.6737901,
            48.1145167
          ],
          [
            -1.6738655,
            48.1145339
          ]
        ]
      },
      "properties": {
        "kind": "path",
        "source": "OpenStreetMap",
        "source_id": "way/463716721"
      }
    },
    {
      "type": "Feature",
      "id": "osm-thabor-path-463716728",
      "geometry": {
        "type": "LineString",
        "coordinates": [
          [
            -1.6708063,
            48.1154565
          ],
          [
            -1.6708151,
            48.1153759
          ]
        ]
      },
      "properties": {
        "kind": "path",
        "source": "OpenStreetMap",
        "source_id": "way/463716728"
      }
    },
    {
      "type": "Feature",
      "id": "osm-thabor-path-463716729",
      "geometry": {
        "type": "LineString",
        "coordinates": [
          [
            -1.6716459,
            48.1142909
          ],
          [
            -1.6716623,
            48.1141759
          ],
          [
            -1.6716603,
            48.1140767
          ],
          [
            -1.6716532,
            48.1139651
          ]
        ]
      },
      "properties": {
        "kind": "path",
        "source": "OpenStreetMap",
        "source_id": "way/463716729"
      }
    },
    {
      "type": "Feature",
      "id": "osm-thabor-path-677515000",
      "geometry": {
        "type": "LineString",
        "coordinates": [
          [
            -1.6672226,
            48.1150624
          ],
          [
            -1.6672203,
            48.1150243
          ]
        ]
      },
      "properties": {
        "kind": "path",
        "source": "OpenStreetMap",
        "source_id": "way/677515000"
      }
    },
    {
      "type": "Feature",
      "id": "osm-thabor-path-706138175",
      "geometry": {
        "type": "LineString",
        "coordinates": [
          [
            -1.6674181,
            48.1149653
          ],
          [
            -1.6672709,
            48.1149622
          ],
          [
            -1.6672729,
            48.1149189
          ],
          [
            -1.6672748,
            48.1148777
          ],
          [
            -1.667422,
            48.1148808
          ],
          [
            -1.6674181,
            48.1149653
          ]
        ]
      },
      "properties": {
        "kind": "path",
        "source": "OpenStreetMap",
        "source_id": "way/706138175"
      }
    },
    {
      "type": "Feature",
      "id": "osm-thabor-path-706138176",
      "geometry": {
        "type": "LineString",
        "coordinates": [
          [
            -1.6672729,
            48.1149189
          ],
          [
            -1.6672189,
            48.114917
          ]
        ]
      },
      "properties": {
        "kind": "path",
        "source": "OpenStreetMap",
        "source_id": "way/706138176"
      }
    },
    {
      "type": "Feature",
      "id": "osm-thabor-path-711720059",
      "geometry": {
        "type": "LineString",
        "coordinates": [
          [
            -1.6678479,
            48.1139789
          ],
          [
            -1.667893,
            48.1139944
          ]
        ]
      },
      "properties": {
        "kind": "path",
        "source": "OpenStreetMap",
        "source_id": "way/711720059"
      }
    },
    {
      "type": "Feature",
      "id": "osm-thabor-path-711720060",
      "geometry": {
        "type": "LineString",
        "coordinates": [
          [
            -1.6675376,
            48.1141088
          ],
          [
            -1.6675347,
            48.1141359
          ],
          [
            -1.6675336,
            48.1141705
          ],
          [
            -1.6675392,
            48.1141932
          ],
          [
            -1.667553,
            48.114218
          ],
          [
            -1.6675743,
            48.1142402
          ],
          [
            -1.6676022,
            48.114259
          ],
          [
            -1.6676355,
            48.1142733
          ],
          [
            -1.6676726,
            48.1142827
          ],
          [
            -1.6677118,
            48.1142865
          ],
          [
            -1.6677513,
            48.1142847
          ],
          [
            -1.6677894,
            48.1142774
          ],
          [
            -1.6678242,
            48.1142648
          ],
          [
            -1.6678543,
            48.1142475
          ],
          [
            -1.6678781,
            48.1142264
          ],
          [
            -1.6678928,
            48.1142024
          ],
          [
            -1.6678938,
            48.1141907
          ],
          [
            -1.667896,
            48.1141766
          ]
        ]
      },
      "properties": {
        "kind": "path",
        "source": "OpenStreetMap",
        "source_id": "way/711720060"
      }
    },
    {
      "type": "Feature",
      "id": "osm-thabor-path-711720062",
      "geometry": {
        "type": "LineString",
        "coordinates": [
          [
            -1.6679817,
            48.1139651
          ],
          [
            -1.6679706,
            48.1139753
          ],
          [
            -1.667962,
            48.1139821
          ],
          [
            -1.667929,
            48.11401
          ],
          [
            -1.6679147,
            48.1140216
          ],
          [
            -1.6678784,
            48.1140009
          ],
          [
            -1.6678309,
            48.1139827
          ],
          [
            -1.6677927,
            48.1139755
          ],
          [
            -1.6678146,
            48.1139283
          ],
          [
            -1.6678198,
            48.1139181
          ],
          [
            -1.6678254,
            48.1139059
          ],
          [
            -1.6679026,
            48.1139307
          ],
          [
            -1.6679454,
            48.1139493
          ],
          [
            -1.6679817,
            48.1139651
          ]
        ]
      },
      "properties": {
        "kind": "path",
        "source": "OpenStreetMap",
        "source_id": "way/711720062"
      }
    },
    {
      "type": "Feature",
      "id": "osm-thabor-path-711720064",
      "geometry": {
        "type": "LineString",
        "coordinates": [
          [
            -1.667893,
            48.1139944
          ],
          [
            -1.6679309,
            48.1139537
          ]
        ]
      },
      "properties": {
        "kind": "path",
        "source": "OpenStreetMap",
        "source_id": "way/711720064"
      }
    },
    {
      "type": "Feature",
      "id": "osm-thabor-path-711720068",
      "geometry": {
        "type": "LineString",
        "coordinates": [
          [
            -1.6679892,
            48.113984
          ],
          [
            -1.6680712,
            48.1139271
          ]
        ]
      },
      "properties": {
        "kind": "path",
        "source": "OpenStreetMap",
        "source_id": "way/711720068"
      }
    },
    {
      "type": "Feature",
      "id": "osm-thabor-path-711720070",
      "geometry": {
        "type": "LineString",
        "coordinates": [
          [
            -1.6680785,
            48.1141763
          ],
          [
            -1.668198,
            48.1141786
          ]
        ]
      },
      "properties": {
        "kind": "path",
        "source": "OpenStreetMap",
        "source_id": "way/711720070"
      }
    },
    {
      "type": "Feature",
      "id": "osm-thabor-path-730907899",
      "geometry": {
        "type": "LineString",
        "coordinates": [
          [
            -1.6692316,
            48.1140905
          ],
          [
            -1.6691564,
            48.1140991
          ],
          [
            -1.6690824,
            48.1141045
          ],
          [
            -1.6689896,
            48.1141029
          ],
          [
            -1.6688978,
            48.1141012
          ],
          [
            -1.6687781,
            48.1140957
          ],
          [
            -1.6686945,
            48.114098
          ],
          [
            -1.668618,
            48.114103
          ],
          [
            -1.6685058,
            48.1141165
          ],
          [
            -1.6684154,
            48.1141312
          ],
          [
            -1.6683445,
            48.1141463
          ],
          [
            -1.6682801,
            48.1141612
          ],
          [
            -1.668198,
            48.1141786
          ],
          [
            -1.6679679,
            48.1142654
          ],
          [
            -1.6678063,
            48.1143422
          ],
          [
            -1.6676539,
            48.1144182
          ],
          [
            -1.6675966,
            48.1144462
          ],
          [
            -1.6675188,
            48.1144482
          ],
          [
            -1.667452,
            48.1144599
          ]
        ]
      },
      "properties": {
        "kind": "path",
        "source": "OpenStreetMap",
        "source_id": "way/730907899"
      }
    },
    {
      "type": "Feature",
      "id": "osm-thabor-path-730907900",
      "geometry": {
        "type": "LineString",
        "coordinates": [
          [
            -1.6672438,
            48.1147273
          ],
          [
            -1.6672683,
            48.1147137
          ],
          [
            -1.667293,
            48.1146983
          ],
          [
            -1.6673161,
            48.1146819
          ],
          [
            -1.6673377,
            48.1146646
          ],
          [
            -1.6673576,
            48.1146464
          ],
          [
            -1.6673758,
            48.1146275
          ],
          [
            -1.6673922,
            48.1146078
          ],
          [
            -1.6674068,
            48.1145875
          ],
          [
            -1.6674194,
            48.1145666
          ],
          [
            -1.66743,
            48.1145452
          ],
          [
            -1.6674387,
            48.1145234
          ],
          [
            -1.6674452,
            48.1145013
          ],
          [
            -1.6674498,
            48.114479
          ],
          [
            -1.667452,
            48.1144599
          ]
        ]
      },
      "properties": {
        "kind": "path",
        "source": "OpenStreetMap",
        "source_id": "way/730907900"
      }
    },
    {
      "type": "Feature",
      "id": "osm-thabor-path-730908032",
      "geometry": {
        "type": "LineString",
        "coordinates": [
          [
            -1.6709372,
            48.1125818
          ],
          [
            -1.6709088,
            48.1125769
          ],
          [
            -1.6707139,
            48.1125473
          ],
          [
            -1.6706153,
            48.1125321
          ],
          [
            -1.670472,
            48.1125177
          ],
          [
            -1.6703234,
            48.1125105
          ],
          [
            -1.6701925,
            48.112513
          ],
          [
            -1.6700757,
            48.1125295
          ],
          [
            -1.669966,
            48.1125525
          ],
          [
            -1.6697643,
            48.1126376
          ],
          [
            -1.6696975,
            48.1126707
          ],
          [
            -1.6696418,
            48.112701
          ],
          [
            -1.6695355,
            48.1127645
          ]
        ]
      },
      "properties": {
        "kind": "path",
        "source": "OpenStreetMap",
        "source_id": "way/730908032"
      }
    },
    {
      "type": "Feature",
      "id": "osm-thabor-path-730908033",
      "geometry": {
        "type": "LineString",
        "coordinates": [
          [
            -1.671044,
            48.1124911
          ],
          [
            -1.6710363,
            48.1124858
          ],
          [
            -1.6710306,
            48.1124801
          ],
          [
            -1.6710279,
            48.1124745
          ],
          [
            -1.671027,
            48.1124646
          ]
        ]
      },
      "properties": {
        "kind": "path",
        "source": "OpenStreetMap",
        "source_id": "way/730908033"
      }
    },
    {
      "type": "Feature",
      "id": "osm-thabor-path-769417106",
      "geometry": {
        "type": "LineString",
        "coordinates": [
          [
            -1.667452,
            48.1144599
          ],
          [
            -1.6674527,
            48.1144408
          ]
        ]
      },
      "properties": {
        "kind": "path",
        "source": "OpenStreetMap",
        "source_id": "way/769417106"
      }
    },
    {
      "type": "Feature",
      "id": "osm-thabor-path-1193334014",
      "geometry": {
        "type": "LineString",
        "coordinates": [
          [
            -1.6662344,
            48.1145683
          ],
          [
            -1.6661904,
            48.1145941
          ]
        ]
      },
      "properties": {
        "kind": "path",
        "source": "OpenStreetMap",
        "source_id": "way/1193334014"
      }
    },
    {
      "type": "Feature",
      "id": "osm-thabor-path-1193334015",
      "geometry": {
        "type": "LineString",
        "coordinates": [
          [
            -1.6673807,
            48.1141688
          ],
          [
            -1.6673707,
            48.1141677
          ],
          [
            -1.6672551,
            48.1140123
          ]
        ]
      },
      "properties": {
        "kind": "path",
        "source": "OpenStreetMap",
        "source_id": "way/1193334015"
      }
    },
    {
      "type": "Feature",
      "id": "osm-thabor-path-1193334016",
      "geometry": {
        "type": "LineString",
        "coordinates": [
          [
            -1.6672551,
            48.1140123
          ],
          [
            -1.6672801,
            48.1139212
          ],
          [
            -1.6672821,
            48.1139079
          ]
        ]
      },
      "properties": {
        "kind": "path",
        "source": "OpenStreetMap",
        "source_id": "way/1193334016"
      }
    },
    {
      "type": "Feature",
      "id": "osm-thabor-path-1193334017",
      "geometry": {
        "type": "LineString",
        "coordinates": [
          [
            -1.666387,
            48.1140553
          ],
          [
            -1.6663889,
            48.1140622
          ],
          [
            -1.6663882,
            48.1140686
          ],
          [
            -1.6663882,
            48.1140766
          ],
          [
            -1.6663904,
            48.1140835
          ],
          [
            -1.666397,
            48.1140919
          ],
          [
            -1.6664045,
            48.1140963
          ],
          [
            -1.6664156,
            48.1140988
          ],
          [
            -1.6664282,
            48.1141008
          ],
          [
            -1.666444,
            48.1141035
          ]
        ]
      },
      "properties": {
        "kind": "path",
        "source": "OpenStreetMap",
        "source_id": "way/1193334017"
      }
    },
    {
      "type": "Feature",
      "id": "osm-thabor-path-1193334018",
      "geometry": {
        "type": "LineString",
        "coordinates": [
          [
            -1.6666415,
            48.1140069
          ],
          [
            -1.6665316,
            48.1139782
          ],
          [
            -1.6664734,
            48.1138981
          ]
        ]
      },
      "properties": {
        "kind": "path",
        "source": "OpenStreetMap",
        "source_id": "way/1193334018"
      }
    },
    {
      "type": "Feature",
      "id": "osm-thabor-path-1362326194",
      "geometry": {
        "type": "LineString",
        "coordinates": [
          [
            -1.6700477,
            48.112989
          ],
          [
            -1.6700532,
            48.113006
          ],
          [
            -1.6700589,
            48.1130236
          ],
          [
            -1.6700216,
            48.1130513
          ],
          [
            -1.6699773,
            48.1130616
          ],
          [
            -1.6699652,
            48.1130616
          ],
          [
            -1.6699413,
            48.1130617
          ]
        ]
      },
      "properties": {
        "kind": "path",
        "source": "OpenStreetMap",
        "source_id": "way/1362326194"
      }
    },
    {
      "type": "Feature",
      "id": "osm-thabor-path-1424458371",
      "geometry": {
        "type": "LineString",
        "coordinates": [
          [
            -1.6709171,
            48.1143382
          ],
          [
            -1.6708496,
            48.1143429
          ]
        ]
      },
      "properties": {
        "kind": "path",
        "source": "OpenStreetMap",
        "source_id": "way/1424458371"
      }
    },
    {
      "type": "Feature",
      "id": "osm-thabor-path-1424458372",
      "geometry": {
        "type": "LineString",
        "coordinates": [
          [
            -1.6711869,
            48.1143102
          ],
          [
            -1.6712481,
            48.1143065
          ]
        ]
      },
      "properties": {
        "kind": "path",
        "source": "OpenStreetMap",
        "source_id": "way/1424458372"
      }
    },
    {
      "type": "Feature",
      "id": "osm-thabor-path-1424461243",
      "geometry": {
        "type": "LineString",
        "coordinates": [
          [
            -1.6713686,
            48.1146326
          ],
          [
            -1.6712572,
            48.114638
          ]
        ]
      },
      "properties": {
        "kind": "path",
        "source": "OpenStreetMap",
        "source_id": "way/1424461243"
      }
    },
    {
      "type": "Feature",
      "id": "osm-thabor-path-1424461244",
      "geometry": {
        "type": "LineString",
        "coordinates": [
          [
            -1.6708508,
            48.1148626
          ],
          [
            -1.6710084,
            48.1148544
          ]
        ]
      },
      "properties": {
        "kind": "path",
        "source": "OpenStreetMap",
        "source_id": "way/1424461244"
      }
    },
    {
      "type": "Feature",
      "id": "osm-thabor-path-1427683202",
      "geometry": {
        "type": "LineString",
        "coordinates": [
          [
            -1.6687985,
            48.1132078
          ],
          [
            -1.6687952,
            48.1131575
          ],
          [
            -1.6688199,
            48.1131417
          ],
          [
            -1.6690834,
            48.1131251
          ]
        ]
      },
      "properties": {
        "kind": "path",
        "source": "OpenStreetMap",
        "source_id": "way/1427683202"
      }
    },
    {
      "type": "Feature",
      "id": "osm-thabor-path-1465323108",
      "geometry": {
        "type": "LineString",
        "coordinates": [
          [
            -1.6713977,
            48.1139452
          ],
          [
            -1.6714229,
            48.113924
          ],
          [
            -1.6714443,
            48.1139025
          ],
          [
            -1.6715013,
            48.1138923
          ],
          [
            -1.6715878,
            48.113886
          ],
          [
            -1.6717005,
            48.1138766
          ],
          [
            -1.6717371,
            48.1138735
          ],
          [
            -1.6717484,
            48.1138725
          ],
          [
            -1.6718118,
            48.1138652
          ],
          [
            -1.6719902,
            48.1138467
          ],
          [
            -1.6722118,
            48.1138241
          ],
          [
            -1.672427,
            48.1138021
          ],
          [
            -1.6725115,
            48.1137918
          ],
          [
            -1.6727496,
            48.1137654
          ],
          [
            -1.6729353,
            48.1137444
          ],
          [
            -1.673225,
            48.1137157
          ],
          [
            -1.6734657,
            48.113692
          ],
          [
            -1.6734676,
            48.1136992
          ]
        ]
      },
      "properties": {
        "kind": "path",
        "source": "OpenStreetMap",
        "source_id": "way/1465323108"
      }
    },
    {
      "type": "Feature",
      "id": "osm-thabor-path-1466480301",
      "geometry": {
        "type": "LineString",
        "coordinates": [
          [
            -1.6733647,
            48.1138013
          ],
          [
            -1.6734665,
            48.1137561
          ]
        ]
      },
      "properties": {
        "kind": "path",
        "source": "OpenStreetMap",
        "source_id": "way/1466480301"
      }
    },
    {
      "type": "Feature",
      "id": "osm-thabor-path-1545352583",
      "geometry": {
        "type": "LineString",
        "coordinates": [
          [
            -1.666839,
            48.113761
          ],
          [
            -1.6668445,
            48.1137697
          ],
          [
            -1.6669462,
            48.113779
          ],
          [
            -1.6669456,
            48.1138585
          ]
        ]
      },
      "properties": {
        "kind": "path",
        "source": "OpenStreetMap",
        "source_id": "way/1545352583"
      }
    },
    {
      "type": "Feature",
      "id": "osm-thabor-path-1545352585",
      "geometry": {
        "type": "LineString",
        "coordinates": [
          [
            -1.6708071,
            48.1154998
          ],
          [
            -1.6708063,
            48.1154565
          ]
        ]
      },
      "properties": {
        "kind": "path",
        "source": "OpenStreetMap",
        "source_id": "way/1545352585"
      }
    },
    {
      "type": "Feature",
      "id": "osm-thabor-path-1545352586",
      "geometry": {
        "type": "LineString",
        "coordinates": [
          [
            -1.6695287,
            48.1127291
          ],
          [
            -1.6695271,
            48.1127222
          ]
        ]
      },
      "properties": {
        "kind": "path",
        "source": "OpenStreetMap",
        "source_id": "way/1545352586"
      }
    },
    {
      "type": "Feature",
      "id": "osm-thabor-path-1545352588",
      "geometry": {
        "type": "LineString",
        "coordinates": [
          [
            -1.6711041,
            48.112321
          ],
          [
            -1.6711124,
            48.1122487
          ]
        ]
      },
      "properties": {
        "kind": "path",
        "source": "OpenStreetMap",
        "source_id": "way/1545352588"
      }
    },
    {
      "type": "Feature",
      "id": "osm-thabor-path-1545352589",
      "geometry": {
        "type": "LineString",
        "coordinates": [
          [
            -1.6724832,
            48.1145042
          ],
          [
            -1.6725169,
            48.1143702
          ]
        ]
      },
      "properties": {
        "kind": "path",
        "source": "OpenStreetMap",
        "source_id": "way/1545352589"
      }
    },
    {
      "type": "Feature",
      "id": "osm-thabor-path-1545970425",
      "geometry": {
        "type": "LineString",
        "coordinates": [
          [
            -1.6712595,
            48.113422
          ],
          [
            -1.6712958,
            48.113421
          ]
        ]
      },
      "properties": {
        "kind": "path",
        "source": "OpenStreetMap",
        "source_id": "way/1545970425"
      }
    },
    {
      "type": "Feature",
      "id": "osm-thabor-church-55458284",
      "geometry": {
        "type": "Polygon",
        "coordinates": [
          [
            [
              -1.6734572,
              48.1148629
            ],
            [
              -1.6734302,
              48.1148587
            ],
            [
              -1.673437,
              48.114838
            ],
            [
              -1.6734422,
              48.1148221
            ],
            [
              -1.6733311,
              48.1148076
            ],
            [
              -1.6733273,
              48.1148153
            ],
            [
              -1.6733063,
              48.1148118
            ],
            [
              -1.6733082,
              48.1148048
            ],
            [
              -1.6732888,
              48.114802
            ],
            [
              -1.673188,
              48.1147889
            ],
            [
              -1.6731852,
              48.1147982
            ],
            [
              -1.673165,
              48.114795
            ],
            [
              -1.6731669,
              48.1147866
            ],
            [
              -1.673145,
              48.1147836
            ],
            [
              -1.67314,
              48.1147999
            ],
            [
              -1.6731365,
              48.1148115
            ],
            [
              -1.6731079,
              48.1148075
            ],
            [
              -1.6730898,
              48.114805
            ],
            [
              -1.6730853,
              48.1148169
            ],
            [
              -1.6730936,
              48.114818
            ],
            [
              -1.6730904,
              48.1148276
            ],
            [
              -1.6730828,
              48.1148263
            ],
            [
              -1.6730748,
              48.1148538
            ],
            [
              -1.6730835,
              48.1148551
            ],
            [
              -1.673081,
              48.1148621
            ],
            [
              -1.6730723,
              48.1148607
            ],
            [
              -1.6730708,
              48.1148698
            ],
            [
              -1.6730564,
              48.1148678
            ],
            [
              -1.6730584,
              48.1148611
            ],
            [
              -1.6730255,
              48.1148565
            ],
            [
              -1.673023,
              48.1148646
            ],
            [
              -1.6730049,
              48.1148623
            ],
            [
              -1.6730079,
              48.114855
            ],
            [
              -1.6729753,
              48.1148508
            ],
            [
              -1.6729734,
              48.114859
            ],
            [
              -1.6729625,
              48.1148574
            ],
            [
              -1.6729572,
              48.1148779
            ],
            [
              -1.6729365,
              48.1148757
            ],
            [
              -1.6729345,
              48.1148829
            ],
            [
              -1.6729038,
              48.1148791
            ],
            [
              -1.6729356,
              48.1147655
            ],
            [
              -1.6727373,
              48.1147405
            ],
            [
              -1.6727353,
              48.1147494
            ],
            [
              -1.6727243,
              48.1147482
            ],
            [
              -1.6727263,
              48.1147391
            ],
            [
              -1.6726683,
              48.1147319
            ],
            [
              -1.6726659,
              48.114741
            ],
            [
              -1.6726514,
              48.1147396
            ],
            [
              -1.672643,
              48.1147322
            ],
            [
              -1.6726461,
              48.1147219
            ],
            [
              -1.6726572,
              48.1147232
            ],
            [
              -1.6726689,
              48.1146838
            ],
            [
              -1.6725802,
              48.1146728
            ],
            [
              -1.672554,
              48.1146846
            ],
            [
              -1.6725349,
              48.1146702
            ],
            [
              -1.6725584,
              48.1146556
            ],
            [
              -1.6725758,
              48.1145828
            ],
            [
              -1.6725631,
              48.1145646
            ],
            [
              -1.6725875,
              48.1145566
            ],
            [
              -1.6726025,
              48.1145736
            ],
            [
              -1.6726839,
              48.1145836
            ],
            [
              -1.6726942,
              48.1145446
            ],
            [
              -1.6726795,
              48.1145426
            ],
            [
              -1.6726819,
              48.1145339
            ],
            [
              -1.6726943,
              48.1145359
            ],
            [
              -1.6726985,
              48.1145264
            ],
            [
              -1.6727092,
              48.1145282
            ],
            [
              -1.6727065,
              48.1145371
            ],
            [
              -1.6728428,
              48.1145544
            ],
            [
              -1.6728466,
              48.1145434
            ],
            [
              -1.6728609,
              48.1145454
            ],
            [
              -1.6728574,
              48.1145561
            ],
            [
              -1.6729021,
              48.1145617
            ],
            [
              -1.6729044,
              48.1145522
            ],
            [
              -1.67292,
              48.1145547
            ],
            [
              -1.6729172,
              48.1145638
            ],
            [
              -1.6729273,
              48.1145652
            ],
            [
              -1.672964,
              48.1145697
            ],
            [
              -1.6729667,
              48.1145595
            ],
            [
              -1.6729896,
              48.1145631
            ],
            [
              -1.6730153,
              48.1144866
            ],
            [
              -1.6730014,
              48.1144845
            ],
            [
              -1.6730049,
              48.1144747
            ],
            [
              -1.6730175,
              48.1144771
            ],
            [
              -1.6730209,
              48.1144687
            ],
            [
              -1.6730343,
              48.1144712
            ],
            [
              -1.6730318,
              48.114479
            ],
            [
              -1.6731611,
              48.1144966
            ],
            [
              -1.6731649,
              48.1144871
            ],
            [
              -1.6731791,
              48.1144889
            ],
            [
              -1.6731763,
              48.1144988
            ],
            [
              -1.6731932,
              48.1145012
            ],
            [
              -1.6731898,
              48.1145105
            ],
            [
              -1.6731743,
              48.1145077
            ],
            [
              -1.6731663,
              48.1145338
            ],
            [
              -1.6731718,
              48.1145347
            ],
            [
              -1.6731694,
              48.1145424
            ],
            [
              -1.6731636,
              48.1145416
            ],
            [
              -1.6731581,
              48.1145603
            ],
            [
              -1.6731555,
              48.114569
            ],
            [
              -1.6731609,
              48.1145698
            ],
            [
              -1.6731582,
              48.1145782
            ],
            [
              -1.6731529,
              48.1145776
            ],
            [
              -1.6731486,
              48.1145929
            ],
            [
              -1.6732168,
              48.114601
            ],
            [
              -1.6732185,
              48.114595
            ],
            [
              -1.6732291,
              48.1145965
            ],
            [
              -1.6732279,
              48.1146021
            ],
            [
              -1.6732937,
              48.1146096
            ],
            [
              -1.673295,
              48.114604
            ],
            [
              -1.6733079,
              48.1146054
            ],
            [
              -1.6733064,
              48.1146114
            ],
            [
              -1.6733645,
              48.1146192
            ],
            [
              -1.6733679,
              48.114609
            ],
            [
              -1.6733801,
              48.1146106
            ],
            [
              -1.6733776,
              48.1146205
            ],
            [
              -1.6734394,
              48.1146274
            ],
            [
              -1.6734428,
              48.1146177
            ],
            [
              -1.6734558,
              48.1146199
            ],
            [
              -1.6734532,
              48.1146287
            ],
            [
              -1.6735144,
              48.1146359
            ],
            [
              -1.6735179,
              48.1146263
            ],
            [
              -1.6735311,
              48.1146282
            ],
            [
              -1.6735283,
              48.1146374
            ],
            [
              -1.6735943,
              48.1146441
            ],
            [
              -1.6735919,
              48.114657
            ],
            [
              -1.6737328,
              48.1146736
            ],
            [
              -1.6737534,
              48.1146764
            ],
            [
              -1.6737549,
              48.1146823
            ],
            [
              -1.673748,
              48.1147124
            ],
            [
              -1.6737443,
              48.1147122
            ],
            [
              -1.6737372,
              48.1147389
            ],
            [
              -1.6737188,
              48.1148078
            ],
            [
              -1.6736721,
              48.1148016
            ],
            [
              -1.6736699,
              48.1148088
            ],
            [
              -1.6736519,
              48.1148065
            ],
            [
              -1.6736534,
              48.1148004
            ],
            [
              -1.6735683,
              48.1147911
            ],
            [
              -1.6735669,
              48.1147952
            ],
            [
              -1.6735542,
              48.1147937
            ],
            [
              -1.6735306,
              48.1148729
            ],
            [
              -1.6734844,
              48.1148666
            ],
            [
              -1.6734572,
              48.1148629
            ]
          ]
        ]
      },
      "properties": {
        "kind": "building",
        "source": "OpenStreetMap",
        "source_id": "way/55458284",
        "label": "Église Notre-Dame-en-Saint-Melaine",
        "height_m": 25,
        "photo": {
          "url": "https://commons.wikimedia.org/wiki/Special:FilePath/%C3%89glise%20Notre-Dame-en-Saint-Melaine%20depuis%20le%20carr%C3%A9%20Duguesclin%2C%20Rennes%2C%20France.jpg?width=960",
          "page_url": "https://commons.wikimedia.org/wiki/File:%C3%89glise_Notre-Dame-en-Saint-Melaine_depuis_le_carr%C3%A9_Duguesclin,_Rennes,_France.jpg",
          "author": "Édouard Hue",
          "license": "CC BY-SA 3.0",
          "license_url": "https://creativecommons.org/licenses/by-sa/3.0/"
        }
      }
    },
    {
      "type": "Feature",
      "id": "osm-thabor-kiosk-81163380",
      "geometry": {
        "type": "Polygon",
        "coordinates": [
          [
            [
              -1.6703409,
              48.114884
            ],
            [
              -1.6703,
              48.114913
            ],
            [
              -1.6702984,
              48.1149553
            ],
            [
              -1.6703427,
              48.1149867
            ],
            [
              -1.6704081,
              48.1149861
            ],
            [
              -1.6704528,
              48.114955
            ],
            [
              -1.6704512,
              48.1149119
            ],
            [
              -1.6704061,
              48.1148832
            ],
            [
              -1.6703409,
              48.114884
            ]
          ]
        ]
      },
      "properties": {
        "kind": "landmark",
        "source": "OpenStreetMap",
        "source_id": "way/81163380",
        "label": "Kiosque à musique",
        "height_m": 7,
        "photo": {
          "url": "https://commons.wikimedia.org/wiki/Special:FilePath/Rennes%20-%20Le%20Thabor%20-%20Kiosque%20sous%20la%20neige.jpg?width=960",
          "page_url": "https://commons.wikimedia.org/wiki/File:Rennes_-_Le_Thabor_-_Kiosque_sous_la_neige.jpg",
          "author": "S. Plaine",
          "license": "CC BY-SA 4.0",
          "license_url": "https://creativecommons.org/licenses/by-sa/4.0/"
        }
      }
    },
    {
      "type": "Feature",
      "id": "osm-thabor-orangery-81163419",
      "geometry": {
        "type": "Polygon",
        "coordinates": [
          [
            [
              -1.6690979,
              48.1153194
            ],
            [
              -1.6690974,
              48.1152843
            ],
            [
              -1.6691081,
              48.1152844
            ],
            [
              -1.6691181,
              48.1152758
            ],
            [
              -1.6691501,
              48.115275
            ],
            [
              -1.6691796,
              48.1152749
            ],
            [
              -1.6691791,
              48.1152795
            ],
            [
              -1.6691862,
              48.1152792
            ],
            [
              -1.6691858,
              48.1152746
            ],
            [
              -1.6692438,
              48.1152738
            ],
            [
              -1.6692442,
              48.1152783
            ],
            [
              -1.6692532,
              48.1152785
            ],
            [
              -1.6692536,
              48.1152739
            ],
            [
              -1.6693152,
              48.1152729
            ],
            [
              -1.669321,
              48.1152778
            ],
            [
              -1.6694057,
              48.1152764
            ],
            [
              -1.6694163,
              48.1152652
            ],
            [
              -1.6694151,
              48.1152526
            ],
            [
              -1.6694464,
              48.1152523
            ],
            [
              -1.6694467,
              48.1152559
            ],
            [
              -1.6694787,
              48.1152744
            ],
            [
              -1.6696063,
              48.1152728
            ],
            [
              -1.6696093,
              48.1152762
            ],
            [
              -1.6696155,
              48.115276
            ],
            [
              -1.6696404,
              48.1152551
            ],
            [
              -1.6696476,
              48.1152553
            ],
            [
              -1.669647,
              48.1152488
            ],
            [
              -1.6696434,
              48.1152489
            ],
            [
              -1.669643,
              48.1152245
            ],
            [
              -1.6696474,
              48.1152233
            ],
            [
              -1.669639,
              48.1152191
            ],
            [
              -1.6696134,
              48.1152029
            ],
            [
              -1.6696131,
              48.1151998
            ],
            [
              -1.6696059,
              48.1151996
            ],
            [
              -1.6696062,
              48.1152026
            ],
            [
              -1.6694839,
              48.115203
            ],
            [
              -1.6694792,
              48.1152007
            ],
            [
              -1.6694749,
              48.1152019
            ],
            [
              -1.6694415,
              48.1152276
            ],
            [
              -1.6694409,
              48.1152312
            ],
            [
              -1.6694105,
              48.1152309
            ],
            [
              -1.6694097,
              48.1152127
            ],
            [
              -1.6694007,
              48.115212
            ],
            [
              -1.6694005,
              48.115209
            ],
            [
              -1.6693987,
              48.115209
            ],
            [
              -1.6693982,
              48.115204
            ],
            [
              -1.6693305,
              48.1152052
            ],
            [
              -1.6693302,
              48.1152118
            ],
            [
              -1.6693204,
              48.1152122
            ],
            [
              -1.6693206,
              48.1152142
            ],
            [
              -1.668805,
              48.1152214
            ],
            [
              -1.6688049,
              48.1152199
            ],
            [
              -1.6687969,
              48.1152203
            ],
            [
              -1.6687892,
              48.1152145
            ],
            [
              -1.6687231,
              48.1152146
            ],
            [
              -1.6687222,
              48.1152238
            ],
            [
              -1.6687133,
              48.1152247
            ],
            [
              -1.668714,
              48.1152419
            ],
            [
              -1.6686783,
              48.1152424
            ],
            [
              -1.6686785,
              48.1152352
            ],
            [
              -1.6686731,
              48.1152349
            ],
            [
              -1.6686467,
              48.1152192
            ],
            [
              -1.6686462,
              48.1152137
            ],
            [
              -1.66864,
              48.1152139
            ],
            [
              -1.6686402,
              48.1152159
            ],
            [
              -1.6685153,
              48.1152175
            ],
            [
              -1.668515,
              48.1152149
            ],
            [
              -1.668507,
              48.1152152
            ],
            [
              -1.6685074,
              48.1152193
            ],
            [
              -1.6684811,
              48.1152351
            ],
            [
              -1.6684759,
              48.1152368
            ],
            [
              -1.6684756,
              48.115243
            ],
            [
              -1.6684792,
              48.1152428
            ],
            [
              -1.6684806,
              48.1152682
            ],
            [
              -1.668477,
              48.1152683
            ],
            [
              -1.6684777,
              48.1152759
            ],
            [
              -1.6684857,
              48.1152756
            ],
            [
              -1.6685123,
              48.1152933
            ],
            [
              -1.6685203,
              48.115293
            ],
            [
              -1.66852,
              48.1152894
            ],
            [
              -1.668645,
              48.1152894
            ],
            [
              -1.6686699,
              48.1152686
            ],
            [
              -1.6686788,
              48.1152683
            ],
            [
              -1.6686794,
              48.1152642
            ],
            [
              -1.6687115,
              48.1152639
            ],
            [
              -1.6687121,
              48.1152801
            ],
            [
              -1.6687207,
              48.1152864
            ],
            [
              -1.6688002,
              48.1152867
            ],
            [
              -1.6688129,
              48.1152796
            ],
            [
              -1.6688709,
              48.1152788
            ],
            [
              -1.6688705,
              48.1152844
            ],
            [
              -1.6688813,
              48.1152844
            ],
            [
              -1.6688808,
              48.1152789
            ],
            [
              -1.6689396,
              48.115278
            ],
            [
              -1.6689401,
              48.1152836
            ],
            [
              -1.668949,
              48.1152832
            ],
            [
              -1.6689485,
              48.1152776
            ],
            [
              -1.6690074,
              48.1152768
            ],
            [
              -1.6690216,
              48.1152858
            ],
            [
              -1.6690332,
              48.1152854
            ],
            [
              -1.6690345,
              48.1153194
            ],
            [
              -1.6690979,
              48.1153194
            ]
          ]
        ]
      },
      "properties": {
        "kind": "building",
        "source": "OpenStreetMap",
        "source_id": "way/81163419",
        "label": "Orangerie du Thabor",
        "height_m": 6,
        "photo": {
          "url": "https://commons.wikimedia.org/wiki/Special:FilePath/Rennes%20%2835%29%20Le%20Thabor%20Orangerie%2001.JPG?width=960",
          "page_url": "https://commons.wikimedia.org/wiki/File:Rennes_(35)_Le_Thabor_Orangerie_01.JPG",
          "author": "GO69",
          "license": "CC BY-SA 3.0",
          "license_url": "https://creativecommons.org/licenses/by-sa/3.0/"
        }
      }
    }
  ]
}
